company,runner_count
DB / VDES,1826
REWE Group,1163
Stadt Dortmund,1119
Landeshauptstadt München,1005
Debeka,896
DAK,882
DATEV eG,682
Stadtwerke Köln Konzern,638
--,517
HDI AG,505
Caritas und Erzdiözese,478
Rossmann,470
CHECK24 GmbH,439
FC Deutsche Post,435
Universitätsklinikum Düsseldorf,423
Mach Köln!,408
Deloitte GmbH,408
NORD/LB,403
Stadtwerke München GmbH,401
United Internet,376
Westpfalz-Klinikum GmbH,372
ZF Group,368
COVESTRO,362
Brainlab AG,358
#ONETEAM @Capgemini,348
Stadt Freiburg,345
TKMS,344
KPMG,335
TÜV SÜD,330
SICK AG,329
LMU Klinikum,327
adesso SE,319
Continentale Krankenversicherung,307
Lidl Vertriebs-GmbH & Co. KG,299
Klinikum Dortmund,290
UPS,283
Diehl Stiftung & Co. KG,274
Airbus Operations GmbH,272
#teamlidl,267
Finanz Informatik,261
STRÖER,255
Kath. St. Paulus Gesellschaft,253
DEUTZ AG,252
BarmeniaGothaer,250
MAN,250
Team Land NRW,243
VHV-Laufgruppe,240
Schaeffler Technologies AG & Co. KG,228
ARAG SE,225
INNOMOTICS GmbH,224
MACS Track & Field Team,224
UniCredit Running,223
Haufe Group,219
Group Atos,216
Hertha BSC,212
Stadt Gelsenkirchen,210
Stabilus Team,204
Haus Edelberg,203
Kliniken der Stadt Köln gGmbH,197
Stryker Leibinger GmbH & Co. KG,194
AG der Dillinger Hüttenwerke,194
Westnetz GmbH,192
Robert Bosch GmbH,192
SIGNAL IDUNA,191
Apple,191
Team Vielfalt,190
Stadtverwaltung Koblenz,183
Lebenshilfe Karlsruhe,182
Erzdiözese München und Freising,181
Rheinmetall Electronics GmbH,180
BSH Hausgeräte GmbH,179
Gemeinschaftsklinikum Mittelrhein,175
Bundesagentur für Arbeit,174
Bezirkskliniken Mittelfranken,174
Airbus,173
Canon,172
KPMG AG Berlin,172
badenova AG & Co. KG,172
MAN Runners,170
TUI Group,169
TÜV NORD GROUP,169
Computacenter,166
Amazon,165
MHP Management- und IT-Beratung GmbH,164
evm-Gruppe,162
ArcelorMittal Bremen GmbH,162
Diakonie München und Oberbayern,162
JobRad,160
Die Sparkasse Bremen AG,159
Rohde & Schwarz GmbH & Co KG,159
Klinikum Region Hannover GmbH,156
ALDI GmbH & Co. KG Herten,156
KHS GmbH,154
Flaconi,152
Deutsche Apotheker- und Ärztebank eG,151
AWO Gelsenkirchen/Bottrop,150
Sozialwerk St. Georg e.V.,150
Klinikum Wahrendorff GmbH,150
Gemeinschaftswerk,147
Lebenshilfe Westpfalz e.V.,147
Linde plc,147
Harman Becker Automotive Systems,145
Kaufland,143
Lidl Vertriebs-GmbH Sankt Ingbert,141
Team Bundeswehr,141
Qualcomm,141
Team KONE,140
Fraunhofer IIS,139
Versicherungskammer Bayern,138
LyondellBasell,138
Deloitte,137
Canyon,136
SCHÜTZ GmbH & Co. KGaA,136
WILO SE,133
Giesecke+Devrient sportclub e.V.,132
Daiichi Sankyo Europe GmbH,131
Globus Handelshof St. Wendel GmbH,131
BOMAG,130
Albert-Ludwigs-Universität Freiburg,130
#TeamLidl,128
Unternehmensgruppe Lürssen,127
kbo (Kliniken d. Bezirks Oberbayern),127
IKEA,127
Justiz München,126
Lidl,125
STRABAG AG,125
Landesbetrieb Mobilität RLP,125
SWK Stadtwerke Kaiserslautern,125
Lufthansa Technik,124
Team VKKD,124
BAMF,124
Erdinger Alkoholfrei,123
RTL Deutschland GmbH,123
Generali Lions,123
Adient,121
grenke AG,119
Hahne Holding GmbH,119
FERCHAU GmbH,119
Stadt Nürnberg,118
Agenturen für Arbeit/Jobcenter NRW,118
Team CGM,118
Sparkasse KölnBonn,117
One Faber-Castell,116
Kreisverwaltung Mayen-Koblenz,116
Novelis Koblenz,115
Kühne + Nagel,115
Omnicom Media Group,115
Cellitinnen-Krankenhaus Heilig Geist,114
GELSENWASSER AG,112
WTS Group AG,112
Berliner Volksbank eG,111
Freudenberg,111
Asklepios Kliniken,110
Hitzler Ingenieure,110
FAU Erlangen-Nürnberg,110
Deutsche Bundesbank,110
Olympus x DSfjEmK,110
Bundesamt für Logistik und Mobilität,110
valantic,110
BZ.medien,109
AWO Bremen,109
Stadtverwaltung Kaiserslautern,109
Hekatron Gesellschaften,109
Caritas Dortmund,108
Interhyp AG,108
"StWN, N-ERGIE, VAG",108
dmTECH GmbH,108
PI - Physik Instrumente,107
Saarland Heilstätten GmbH,107
Axel Springer,107
DEVK,106
#TeamKerpen242,106
Katholische KiTa gGmbH Saarland,106
Ericsson GmbH,106
swb runners,105
Statkraft,105
Rhenus Assets&Services GmbH & Co. KG,105
Villeroy & Boch,104
Novartis,104
Jaeger Gruppe,104
SCHOTTEL GmbH,103
BSG ABB Ratingen,103
Bertrandt Ingenieurbüro GmbH,103
Sparkasse Kaiserslautern,102
Orion Engineered Carbons,102
MTU Maintenance Hannover GmbH,102
Proalpha GmbH,102
Badischer Landesverein,102
Diakovere gGmbH,102
ROB-Runners,102
STEULER B2Runner,101
Rheinmetall AG,100
BorgWarner Turbo Systems GmbH,100
Diakoniewerk Martha-Maria,100
Saarstahl AG,100
REMONDIS Laufteam Lippewerk,99
Gesamtkirchengemeinde Karlsruhe,99
Heinrich-Haus,98
Amazon Kaiserslautern GmbH,97
Finanzverwaltung RLP,97
BIU - Bündnis Innovativer Unternehmen,96
Nardini Klinikum GmbH,96
IABG,96
GroupM Germany,96
Kassenärztliche Vereinigung BaWü,96
Wipotec,95
ARRK Engineering GmbH,95
UmweltBank AG,95
Stepstone,95
ZEISS,95
Drees & Sommer,95
Malzers Backstube Laufend frisch,94
Uniper Running Team.,94
IAV GmbH,94
Vodafone,94
Liftstar,94
Kleinanzeigen & mobile.de,94
Team Concordia,94
Getinge,93
Tria Technologies,93
Röchling Industrial Lahnstein,93
UFA,93
Bezirk Mittelfranken,93
ReisenAktuell GmbH,93
Thyssengas,93
W. L. Gore & Associates GmbH,93
MSD,92
Bayerische Versorgungskammer,92
Helmholtz Munich,92
TeamViewer,91
Day 1,91
KraussMaffei Technologies GmbH,91
Deutsche Sporthochschule Köln,91
adesso SE München B2Run 2025,91
Debeka Landesgeschäftsstelle Köln,91
Kennametal,90
WSAudiology GmbH,90
TÜV Rheinland Sportgemeinschaft,90
Endress+Hauser,90
DEG,90
Zech Group SE,90
Kreissparkasse Köln,89
Hitradio antenne 1 Running Club,89
DERNBACHER GRUPPE KATHARINA KASPER,89
Autobahn GmbH des Bundes,88
Kirche in Bewegung,88
Clarios Germany Holding GmbH,88
DFKI,87
Rödl & Partner,87
IKB Deutsche Industriebank AG,87
Dassault Systemes,87
GetYourGuide Team,86
MTU Maintenance Berlin-Brandenburg,86
HSBC Deutschland,85
Hubert Burda Media,85
RPTU,85
Uniper GmbH,85
Pfeifer und Langen GmbH & Co. KG,85
Handelsblatt Media Group,85
Team LWL,85
GOLDBECK,84
Unternehmensgruppe Schwabe,84
Sparkasse Koblenz,84
D51 : Operations & Prozessmanagement,84
Valeo eAutomotive Germany GmbH,84
DORNBACH GmbH,84
CARIAD SE,84
TDK-Micronas GmbH,83
Caritas Betriebs- & Werkstätten GmbH,83
MEAG,83
Apleona,83
NürnbergMesse,83
Caritas Bottrop,83
Lear Corporation Engineering GmbH,83
D.Runners,83
SRCAB,82
IT.NRW,82
Badische Neueste Nachrichten,82
Deutsche Glasfaser,82
Landesforsten Rheinland-Pfalz,82
Ernst & Young GmbH,81
KPMG AG,81
STAEDTLER SE,81
TOMRA Sorting,81
DMK Deutsches Milchkontor GmbH,81
Rud. Otto Meyer Technik GmbH & Co. K,80
Innenbehörde,80
Münchner Wohnen,80
Team Zoar,80
TCS,80
VGV Enkenbach-Alsenborn,80
IQVIA,80
Schindler,80
VINCI Deutschland,79
Sana Kliniken,79
Autobahn GmbH,79
PricewaterhouseCoopers GmbH WPG,79
Koelnmesse GmbH,79
ASMPT,78
Hannover 96,78
Bahlsen GmbH & Co. KG,78
PRODATO,78
Sander,78
KPMG AG WPG,78
BwBM,77
QIAGEN GmbH,77
TEDi GmbH & Co. KG,76
SPIE GmbH,76
GLOBUS,76
Bundesdruckerei GmbH,76
Samsung,76
AWO Saarland #teamherz,76
thyssenkrupp Rasselstein GmbH,76
parcIT,76
LTS AG,76
Bremer Straßenbahn AG,75
VBL-Team,74
mkk - meine krankenkasse,74
Clarenbachwerk Köln,74
Ampli RUNS,74
Microsoft,74
BCD Travel Germany,73
Swiss Life Asset Managers,73
Osborne Clarke #teamtomorrow,73
EOS GmbH Electro Optical Systems,73
TDK,73
IKEA Dortmund,72
Pro Seniore,72
Alois Dallmayr,72
Helaba,72
e.solutions GmbH,72
Vantage Towers AG,72
Stadtverwaltung,72
L-Bank,72
EY,72
Lohmann & Rauscher,72
ETL-Gruppe,72
AUMA,71
LWL-Klinik Dortmund,71
IngenieurGruppe Bauen,71
Hoffmann Group,71
DRK Kliniken Berlin,70
TNG Technology Consulting,70
LVR-Klinikum Düsseldorf,70
PwC Köln,70
NORMA,70
GEA Group Aktiengesellschaft,70
wbg Nürnberg GmbH Immobilien,69
HERMETIC-Pumpen GmbH,69
Team KJSW,69
Mecklenburgische Versicherungs-Gesel,69
Haleon,69
Zeppelin GmbH,69
SPITZKE SE,69
Volkswohl Bund,69
Outokumpu Nirosta GmbH,68
EPG - Ehrhardt Partner Group,68
#TeamMADSACK,68
MLL Münchner Leukämielabor GmbH,67
Team BD Angiomed,67
Löwenstein Medical Technology,67
DRESO - MACHEN DÜRFEN,67
NKT,67
PAW,67
Feser-Graf Gruppe,67
1&1 Versatel,67
TESTO - Be Sure!,66
EDG Entsorgung Dortmund GmbH,66
Mars GmbH,66
Birkenstock,66
INIT,66
Nokia Solutions and Networks,65
Teampower Norma,65
Team St. Elisabeth Klinik,65
Celonis Gladiators,65
Allgemeiner Hochschulsport,65
YNCORIS,65
KIRINUS Health GmbH,64
Hellmann Worldwide Logistics,64
maxon,64
Amphenol,64
Amazon HAJ8,64
Klosterfrau Group - Running Team,64
Boston Scientific,64
Süddeutsche Zeitung,64
Becker Büttner Held,64
BWI GmbH,64
BESTSECRET,63
RI Research Instruments,63
KRIEGER seit 1802,63
INTUITIVE,63
Fraunhofer ITWM,63
Hermès,63
Diakonie Düsseldorf Runners,63
De Lage Landen Leasing GmbH,63
Messe Düsseldorf GmbH,62
Going Beyond,62
Die Barbos,62
RSM Ebner Stolz,62
CANCOM GmbH,62
Jobcenter Gelsenkirchen,62
Maschinenfabrik Niehoff GmbH&Co. KG,62
WERTGARANTIE Group,62
Arla Foods Deutschland GmbH,62
Max-Planck-Gesellschaft,62
BLD,61
Atlas Copco Energas GmbH,61
Vinci,61
DKMS,61
SELLWERK,61
DLA Piper,61
Hochschule Karlsruhe,61
ADAC,61
Ziehm Team,61
ÜSTRA AG,60
EDAG Engineering GmbH,60
Arvato,60
DIAKO Runners,60
FUJIFILM Europe GmbH,60
CTS EVENTIM,60
DRK-Landesverband Saarland e.V.,60
Hengeler Mueller,60
Baker Tilly,60
Grant Thornton,60
Nagarro,60
Swiss Life Sportclub,60
HENSOLDT,59
Team Loretto & St. Josefs,59
TROESTER GmbH & Co. KG,59
Scalable Capital,59
PD - Berater der öffentlichen Hand,59
Medtronic - Mission in Motion,59
SMP Deutschland GmbH,58
Elmos SE,58
Fr. Fassmer GmbH & Co. KG,58
Team Erler,58
ctt-Altenhilfe,58
beeline GmbH,58
Team Autobahn,58
BBBank runners,58
FC-Gruppe,58
Raisineers,58
TeamBank AG,58
Team CGN,57
epay Team,57
Schule am Römerkastell,57
Leybold GmbH,57
weisenburger bau GmbH,57
Marriott International,57
1. FC Köln,57
Borussia Dortmund GmbH & Co. KGaA,56
Malteser Zentrale,56
RMF,56
CHECK24 Vergleichsportal,56
LEG Management GmbH,56
Team Senacor,56
Ecolab und Nalco Deutschland,56
Rockwell Automation,56
Carl Roth,55
Stadtwerke Gelsenkirchen,55
Hogan Lovells,55
EGYM Wellpass,55
Pfizer Freiburg,55
FEV FeelEVolution,55
STEINERT GmbH,55
Team HWS,55
Solventum Germany,55
Maschinenbau Kaltenbach,55
MÄUSSE,55
Powerade,55
ZETCON Ingenieure GmbH,54
BASt ... läuft,54
duagon Germany GmbH,54
Griesemann Gruppe,54
Landkreis Saarlouis,54
Debeka Krankenversicherung VVaG,54
Schalke 04 e.V. Fan-Block,54
Jakob Becker-Team,54
Lenovo Financial Services,54
expert Warenvertrieb GmbH,54
GERL.,54
Stiftung Wadentest,54
Thermo Fisher Scientific,53
DRK-Region Hannover e.V.,53
Unsere Grüne Glasfaser,53
OMG läuft,53
TIMETOACT GROUP,53
KOB GmbH,52
Zschimmer & Schwarz,52
Frohne Gruppe,52
W+ST,52
Trianel GmbH,52
LEONI Kabel runners,52
ASB Köln,52
Herrmann Ultraschalltechnik,52
Sozialverband VdK Bayern,52
Bird & Bird LLP,52
Stadtmission Nürnberg e.V.,52
Marien-Hospital Euskirchen GmbH,52
Klinik Lilienthal,52
GRAF (t)raining Group,52
Züblin / Strabag,52
rhenag Rheinische Energie AG,52
tonies GmbH,51
Freie Hansestadt Bremen,51
LöhrGruppe,51
Jungheinrich Vertrieb Deutschland,51
MD Nordrhein,51
Serviceplan,51
Selbstläufer,51
DRK Krankenhaus GmbH Saarland,51
itestra,51
Testo Industrial Services GmbH,51
Intersnack Deutschland SE,51
HENSOLDT Sensors GmbH,51
Amprion,51
MUNSCH Chemie-Pumpen,51
ROTOX,51
Schwan-STABILO,50
Schwarzwaldmilch,50
aktiv@Diakonie Rosenheim,50
Max² - Laufende Forschung,50
Augustinum,50
HARIBO,50
dwpbank,50
WWK,50
Renesas,50
GAFFEL LAUFFREUNDE,50
CMS Hasche Sigle,50
Stadt Aachen,50
FunRunners Volksbank Freiburg eG,50
Dehmer & Partner,50
CHARLOTTE : bewegt,50
QVC Handel S.à r.l. & Co. KG,50
WHUG,50
Sweco,49
Dr. Güldener Gruppe,49
Rhein-Maas Klinikum,49
Ranger Runimals,49
Dr. Falk Pharma GmbH,49
#TeamMaterna,49
ONE SPIE,49
Ministerium des Innern NRW,49
LANCOM Systems GmbH,49
YPOG,49
dm-drogeriemarkt,49
Breuer GmbH & Co.KG,49
PKV-Verband e.V.,49
dm-drogerie markt,49
LITEF,49
Anheuser - Busch Inbev,49
Gasunie,49
TK Aufzüge GmbH,49
Sennheiser electronic SE & Co. KG,49
BBV läuft,49
Lohmann GmbH & Co. KG,49
NTT Data Deutschland,49
AWO Freiburg,49
ERGO Group AG,48
IKEA Kaiserslautern,48
Crown Gabelstapler GmbH & Co.KG,48
Eurovia Bau,48
DocCheck,48
Bruker,48
Airport Nürnberg,48
Gartenstadt Karlsruhe,48
FUTRUE,48
A&M STABTEST,48
Corning GmbH,48
BNP Paribas PI Germany,48
DSV-Gruppe,48
Accenture GmbH,48
Bundesanstalt für Gewässerkunde,48
TotalEnergies,48
ENGIE Köln,48
Labor Dr. Wisplinghoff,48
Diakonie Runners,47
Saab Deutschland GmbH,47
Bristol Myers Squibb GmbH & Co KGaA,47
Mondelez Deutschland GmbH,47
GÖRG Rechtsanwälte,47
Cinemo GmbH,47
Redcare Pharmacy,47
Nokia Solutions and Networks GmbH,47
Diakonisches-Werk.de,47
Nedschroef,47
LV 1871,47
Berkshire Cheetahs,47
KraussMaffei Extrusion,47
Team Gienger,47
Kestenholz,47
Abeking & Rasmussen,47
Amadeus Fire,47
GKK,47
SupplyOn AG,47
SEEBURGER AG,47
Lorenz Bahlsen,47
thyssenkrupp Uhde GmbH,47
FISCHER TEAMPLAN,46
SCHULZ,46
LIDL,46
CHEP BLUE RUNNERS,46
BLG LOGISTICS GROUP AG & Co. KG,46
Lebenshilfe Nürnberg,46
ArcelorMittal,46
DCS Runners,46
MSE,46
]init[ AG,46
EMUGE-FRANKEN,46
Clariant,46
uniVersa,46
evosoft GmbH,46
DECATHLON Dortmund,46
Rhein-Mosel-Werkstatt gGmbH,46
Justiz Koblenz,46
Justiz Freiburg,46
Interzero Circular Solutions Germany,46
GETEC : GRUPPE,46
Chromsystems,45
#GemeinsamAktiv,45
hagebaumarkt,45
Liveo Research,45
Johanniter,45
BIOTRONIK,45
PTW Freiburg GmbH,45
Leistritz,45
MSIG EUROPE SE,45
SPIE,45
Murata Electronics Europe B.V.,45
KPMG Nürnberg,45
MBTIRunners,45
BFS health finance GmbH,45
Lyreco Deutschland GmbH,45
LTTS Runners,45
Klüber Lubrication,45
PORR RUNNER,45
Knauf Digital,45
WFB Bremen,45
Cognizant Mobility,45
B. Braun Melsungen AG,44
Verein für Sozialpsychiatrie,44
thyssenkrupp nucera,44
Schäfer Dein Bäcker GmbH,44
Profi Parts,44
Würth Elektronik,44
UTN,44
Jobcenter München,44
Landesbetrieb Straßenbau NRW,44
Jacobs Douwe Egberts,44
Polizeipräsidium Westpfalz,44
VGH Versicherungen,44
Xcare Gruppe GbR,44
1. FC Köln - Mitgliederteam,44
SÖR- Stadt Nürnberg,44
#Bier läuft,44
SAUTER Deutschland,44
Volksbank pur eG,44
"TTI, Inc. Team",44
Wohlfahrtswerk für Baden-Württemberg,44
KPIT Technologies GmbH,44
Paulmann Licht GmbH,44
IPG Automotive,44
Buffalo Das Steakhaus,43
DFS Deutsche Flugsicherung,43
Kaufland e-commerce,43
GAG Immobilien AG,43
Elli - VW Group Charging,43
INFICON GmbH,43
Jobcenter Köln,43
MARTIN GmbH,43
api GmbH,43
Essity,43
Exclusive - Med. Fitnesstraining,43
Kreisstadt Merzig,43
AmRest Germany,43
MVZ Labor Koblenz,43
BNP Paribas Real Estate,43
#einTeamLidlMünchen,43
Brodos AG,43
WOLFF & MÜLLER HOLDING,43
SV Werder Bremen,43
Team Straumann,43
DRK KV Kaiserslautern-Land e.V.,43
ROLAND,43
Art-Invest Real Estate,43
Sonic Healthcare Germany,43
TeamClemi,43
ZAR,43
CHECK24 Mobilfunk,43
Bauwens GmbH & Co. KG,43
LfA Förderbank Bayern,43
Lucas-Nülle,42
Vinzenzkrankenhaus Hannover GmbH,42
Bucherer Time Racers,42
Triumph,42
NWS,42
OBI Berlin,42
Melchers,42
Caritasverband Westerwald-Rhein-Lahn,42
EWV Energie- und Wasser-Versorgung,42
VfB Stuttgart 1893 AG,42
Stadtsparkasse Düsseldorf,42
ISAR Klinikum,42
Media Markt / Saturn,42
Rheinische Post Mediengruppe,42
ADVANT Beiten,42
HUF HAUS GmbH & Co. KG,42
Mars,42
Zimmer Biomet Deutschland GmbH,42
Hogan Lovells. Läuft.,42
ALDI Nord,42
Otto Männer GmbH,42
ALTEN,42
VEMAG Verlags- und Medien AG,42
Dauphin HumanDesign Group,41
OneSUSS,41
Minimax GmbH,41
Maxim Group,41
Bundesliga Allstars,41
Medic-Center Nürnberg,41
BG-Phoenics GmbH,41
Baumüller Gruppe,41
-,41
BNP Paribas S.A.,41
Laser Zentrum Hannover e.V.,41
1. FC Kaiserslautern,41
Pflanzen-Kölle,41
Hochschule Kaiserslautern,41
VR Bank RheinAhrEifel eG,41
Kindertagesstätten SüdOst,41
Ev. Kitaverband Mitte-West,41
Pan Dacom Networking AG,41
Dachser Karlsruhe,41
PreussenElektra GmbH,41
medrunner,41
Sozialwerk Bremen,41
CGI,41
INFORM läuft,41
Team RMMV,41
Sika - Bei uns läuft's,41
SCANLAB,41
Adient Aerospace,41
BWI,41
Prinzen Rolle,41
HSP Hochspannungsgeräte GmbH,40
AUF DER BULT,40
Faurecia Autositze GmbH,40
DCON,40
Bayerisches Rotes Kreuz,40
Zeppelin Power Systems GmbH,40
Deutsche Rentenversicherung Nord,40
NVIDIA,40
Streck Transport,40
Wirtschaft bewegt,40
Leasing Solutions,40
Team PIN AG,40
BNT,40
Harren Group,40
Team Cellex,40
Thüga,40
congstar & Telekom,40
wolfcraft,40
ENERGY Bremen,40
Team SCHÖLLY,40
Ganteführer Runners,40
Amazon Deutschland,40
Team FUNKE,40
Team Rockwool,40
BW Bank,40
Abbott Laboratories GmbH,40
ELAFLEX,40
Allane Mobility Group,40
ZECH GROUP,40
Gymnasium auf der Karthause,40
Ernst Klett Verlag,40
Bundesanzeiger Verlag GmbH,40
ARTIVA SPORTS,40
AKK Altonaer Kinderkrankenhaus,40
GfK,40
Bavarian rennt,40
Viatris,39
AXA Berlin,39
GOLDBECK West,39
prismat/RUN,39
Team CJW,39
Laserline GmbH,39
SARIA A/S GmbH & Co. KG,39
embeX,39
CeramTec GmbH,39
Mobileye Germany,39
Takasago,39
ALZURA AG,39
pwc,39
Honeywell Special Chemicals Seelze,39
PHW-Gruppe,39
Menschen für Menschen,39
Getriebebau NORD GmbH & Co. KG,39
doctari group,39
adjoe GmbH,39
GETEC ENERGIE GmbH,39
Team Murtfeldt,39
BREUNINGER,39
Forbo Siegling GmbH,39
Jäger Group,39
Kessler-Handorn,39
Heuking,38
EGU,38
GP Papenburg Baugesellschaft mbH,38
RD Runs,38
HA Group,38
LOSCHELDER,38
Evangelisches Krankenhaus Dierdorf,38
VIVAVIS AG,38
Plusnet GmbH,38
Next Kraftwerke GmbH,38
CBH Rechtsanwälte,38
Landschaftsverband Rheinland,38
Losan Pharma GmbH,38
NBank-Runners,38
CBR Service GmbH,38
Interpneu Handelsgesellschaft mbH,38
Nanotec Electronic GmbH & Co. KG,38
Schülerhilfe GmbH & Co. KG,38
Alps Alpine Runners,38
SaarGummi Group,38
Klöckner,38
Landratsamt Breisgau-Hochschwarzwald,38
Team VNP,38
GLOBAL Gruppe,38
Björnsen Beratende Ingenieure GmbH,38
Athlon Germany GmbH,38
Finzelberg GmbH & Co. KG,37
abcfinance GmbH,37
Medtronic,37
Sprint Sanierung,37
Team MHB,37
BDH Vallendar,37
Team Handwerkskammer,37
voestalpine Signaling Siershahn GmbH,37
Teleperformance Berlin 1,37
Hartkorn Gewürzmühle GmbH,37
Sparkasse Donnersberg,37
Schlüter-Systems KG,37
WU-Runners 2025,37
EVK Gelsenkirchen,37
AKDB Runners,37
HAYS,37
Minor Hotels,37
Ingenieurbüro Drecoll,37
#TeamPolytec,37
Rheinische Hochschule Köln,37
Nabertherm,37
IONITY,37
Supreme Running,37
Xylem Sensus,37
CR3 Coffee Group,37
StEB Köln,37
Swiss Re,37
Bezirksamt Tempelhof-Schöneberg,37
BABOR BEAUTY GROUP,37
RWZ Rhein-Main AG,37
PANDION AG,36
Stadt Erkrath,36
KZV BW,36
Bank-Verlag,36
Babbel,36
Landkreis Oldenburg,36
BayWa r.e.,36
Pandora,36
Szaidel Cosmetic,36
Duravit Runners,36
SOS Kinderdorf Bremen,36
Gestra AG,36
Bosch Sicherheitssysteme GmbH,36
Grünecker Patent- und Rechtsanwälte,36
Renault Group,36
Linneweber Landschaftsbau,36
SanLucar,36
SG Rauschermühle,36
AMCON Software GmbH,36
KOCH Running Crew,36
Nemera Neuenburg,36
PFLEGEN & WOHNEN HAMBURG,36
Rehakliniken Glotterbad Klausenbach,36
Das Kängu-Rudel,36
WIR gemeinsam,36
Internationaler Bund e.V.,36
Hines München,36
Handwerkskammer Koblenz,36
TDK Sensors,36
GFK Ingenieure,36
Handwerkskammer Pfalz,36
Pharbil Waltrop GmbH,36
F. X. MEILLER GmbH & Co KG,36
FAZ Aachen,36
Weig Group,36
genua GmbH,36
Bezirksverband Pfalz,36
igefa RUN,36
PVH Brands Germany GmbH,36
LINDA.läuft,35
Wirtschaftsraum Hannover läuft!,35
Pfalzklinikum,35
XPENG,35
HOC Köln,35
GATX - Railcar Leasing - Made Easier,35
HZB,35
Hirschmann Automation and Control,35
voestalpine Sainerholz,35
Henry Lamotte,35
Actemium Energy Projects GmbH,35
Marel TREIF GmbH,35
Bayernland eG,35
CENIT AG,35
Henry Lambertz Aachen,35
HANSA-FLEX AG,35
Die Extraterrestrischen,35
GOLDBECK Süd,35
Caritasverband Düren-Jülich,35
LOBSTARS,35
Math2Market,35
Zentis2024,35
Pixida Group,35
DATAGROUP,35
Gematik,35
Team Schaltbau,35
Baader Trading,35
Kraft Heinz,35
Diehl Defence,35
Stork,35
Trivago,35
ECOMAL Europe GmbH,35
zero,34
ALSCO Berufskleidungs-Service GmbH,34
Kreisverwaltung Kusel,34
ams.Solution AG,34
REMONDIS,34
#LändlePower,34
plantIng,34
Grundfos Dosing & Disinfection GmbH,34
Die Dreso's Berlin,34
Team Ray Events,34
Die Draum-Körber,34
ams OSRAM,34
bam,34
HILTI VG12,34
Aptar,34
John Deere,34
Hauptzollamt Koblenz,34
hartech Gruppe,34
Hays AG,34
Airbus Bank GmbH,34
Silver Atena,34
Otto Group one.O,34
GE MA laufen!,34
METZLER : VATER,34
Regionetz GmbH,34
VLH,34
Abrechnungszentrum Emmendingen,34
Qioptiq Photonics GmbH Co.KG,34
Diakonie Saar,34
"Pari LV, Hannover & Suchthilfe Nds.",34
Dr. Ausbüttel & Co. GmbH,34
Hegmanns AG,34
BwCon RunnersTeam,34
MPI IP-SOZ-TAX,34
Trusted Shops,34
Schoeller Werk,34
Heels4Wheels,34
Horvtáh,34
m-tec mathis technik gmbh,34
Westwing Run Club,34
Scania,34
thyssenkrupp rothe erde Germany GmbH,34
Hugidubies,34
educcare Kitas,34
Team Verti,34
Freundlieb Bauunternehmung,34
Truma Gerätetechnik GmbH & Co. KG,34
FUJITSU,34
ESCHENBACH RUNNERS,34
Praxis für Physiotherapie Ehre,34
Kreisverwaltung Kaiserslautern,34
DIGA-Ingenieure,34
WESER-KURIER Mediengruppe,34
Motel One Berlin,34
Ev. Kirche - Diakonisches W Freiburg,34
Zahn Mund Kiefer,34
Aachener Siedlungs- und Wohn.,33
GO! Express & Logistics GmbH,33
MPI-SusMat,33
Thales,33
#bettertogether - REDPATH DEILMANN,33
Volvo Trucks Deutschland,33
EUROPART,33
AWO Westliches Westfalen,33
Nemak,33
Telonic Bodyguards,33
BDH Klinik Hessisch Oldendorf,33
ANNAX,33
CeramTec,33
SPIE ICS,33
Lufthansa Group,33
REHA-Runners - Vielfalt läuft!,33
LBM Kaiserslautern,33
FlowRunners,33
Huber,33
Insiders Technologies GmbH,33
Worley,33
NTT DATA Köln,33
Provinzial,33
team neusta,33
Stadtwerke Saarlouis GmbH,33
Apollo-Optik,33
Krankenhausgesellschaft St. Vincenz,33
MAERSK,33
LEONINE,33
Niersberger Group,33
Züblin,33
FOM Hochschule - Team Hamburg,33
Gleiss Lutz,33
Johanniter-Unfall-Hilfe e.V.,33
Noerr,33
Arbeiter-Samariter-Bunt,33
Dorint #Hotelhelden,33
WEPA Apothekenbedarf,33
Energie Südbayern GmbH,33
Läuft wie geschmiert,33
Best4Tires,33
ZG Raiffeisen,33
aha Zweckverband Abfallwirtschaft,33
DB InfraGO,33
DRK KV Saarlouis,33
Microsoft Berlin,33
Gemeinde Schmelz,33
waipu.tv,33
Fieldfisher,33
Berge & Meer Running-Team,33
Unleash Orbem Run Power,33
NBB Laufwerke,33
EOS,33
Sonepar,33
ERHARDT GRUPPE,33
Jungheinrich Vertrieb,33
Bastei Lübbe AG,33
A. Nattermann & Cie. GmbH,33
Carhartt WIP,33
providata,33
Solidaris,33
WABE e.V.,32
Kreis Euskirchen,32
EK Runners Connection,32
GVV Direkt Rhein Runners,32
RBS wave GmbH,32
CACEIS,32
#zeitfürbewegung,32
Innovabee GmbH,32
Technica Engineering GmbH,32
Volksbank eG OHZ BRV,32
Agentur für Arbeit,32
Oviva AG,32
BW Converting,32
Lebenshilfe Völklingen,32
Caritasverband Saar-Hochwald e.V.,32
DFH GRUPPE,32
Greenovative,32
Pilkington Automotive Deutschland,32
Coca-Cola,32
APLEONA,32
Team Lidl Eggolsheim,32
iwis,32
Kreisverwaltung Neuwied,32
MOBOTIX AG,32
Krankenhaus St. Joseph-Stift GmbH,32
MMV Bank GmbH,32
running adessi,32
Der Grüne Punkt,32
Dataportis,32
General Dynamics Kaiserslautern,32
BSG Sparkasse Gelsenkirchen,32
KRANKENHAUS PORZ AM RHEIN gGmbH,32
HAL Privatbank AG NL Düsseldorf,32
Biovegan GmbH,32
Amazon Koblenz GmbH,32
ÄVN - laufend erfolgreich,32
Actemium,32
Dachser,32
infodas. run more. be secure.,32
Vitakraft pet care GmbH & Co. KG,32
Forvis Mazars GmbH & Co. KG,32
Inverto GmbH,32
Random Racers,32
KÜS,32
Team GfA / Kolb,32
Stadt Würselen - Team Düvel,32
ECO STOR,31
Hufeland-Klinik Bad Ems,31
Nadine Linke,31
Bezirksamt Spandau,31
Schindler Aufzüge - Region Südost,31
Team ARQIS,31
Protina Pharmazeutische Gesellschaft,31
Dürr Assembly Products,31
Mall + Herlan GmbH,31
Convista,31
Kreisverwaltung Westerwaldkreis,31
Gewobag,31
NORMA Stiftung Wadentest,31
BearingPoint GmbH,31
Dataport,31
Lauf Postcode Lauf,31
ITSC,31
Kreissparkasse Saarlouis,31
ADAC Mittelrhein e.V.,31
REHA SÜD GmbH,31
BCN Runners Club,31
Alexander Bürkle,31
NVBW,31
Rodenstock GmbH,31
DKB,31
OLG Düsseldorf,31
FC Gelsenkirchen-Schalke 04 e.V.,31
ARAG Krankenversicherung,31
Sparkasse Langen Seligenstadt,31
Demando : K-net : iT-Campus,31
Bayerisches Staatsministerium UK&WK,31
Gemeinde Nohfelden,31
systemceram,31
Amazon Business,31
DLR GfR,31
Classen Group,31
Atradius,31
Schön Klinik Düsseldorf,31
tatort:steuern,31
Team FRITZ,31
TE Connectivity,31
Seniorenbetreuung Saar & Pflegeherze,31
DRK-Düsseldorf,31
CK-Akademie,31
Leyton,31
medicos.AufSchalke Reha GmbH & Co. K,31
Vonovia,31
CHRIST Juweliere und Uhrmacher,31
Elektrobit Automotive,31
MUKMAV-LfS,31
Born : Ermel : Ingenieure,31
Firmengruppe Harsch,31
Art of Events - Amazon,31
Peek & Cloppenburg,31
Crédit Agricole Leasing & Factoring,31
Applied Materials,31
METRO Markets,31
TAP Attack,30
Sparkasse Fürstenfeldbruck,30
SIKO,30
Wolters Kluwer Deutschland GmbH,30
Züblin & Gilbane - US-Klinik,30
MBRAUN,30
IKEA Brinkum/Bremerhaven,30
SHD,30
Klocke,30
S2H Gruppe / Infrasolute GmbH,30
Bausch + Lomb,30
Verlag C.H.BECK,30
Süwag,30
IFCO,30
igus motion plastics,30
AWO Bezirksverband Baden e.V.,30
Expleo,30
campana schott,30
Hays All Stars,30
DFE Pharma,30
Bezirksamt Hamburg-Mitte,30
In der Gemeinde leben gGmbH,30
Baker McKenzie,30
AKRO-PLASTIC,30
SCHOTT Pharma,30
Dunkermotoren GmbH,30
Sonova Consumer Hearing,30
Vivawest Wohnen GmbH,30
AUGEL GMBH - Die Durchdenker,30
Aroundtown & GCP,30
Trimble Runners,30
Orga-Team Pierre Fabre,30
DHL Global Forwarding GmbH,30
Meier & Friends,30
Züblin Dinos,30
RAILPOOL,30
Bundesanstalt für Immobilienaufgaben,30
FNZ Bank SE,30
Team Amgen,30
MR Datentechnik GmbH,30
H2FLY Crew,30
CVBH,30
Yoummday GmbH,30
Dermapharm AG,30
Saatchi & Saatchi GmbH,29
ArcelorMittal Hamburg GmbH,29
Team ADAC Nordbayern e.V.,29
SWISS KRONO,29
PSVaG,29
PSPerformer,29
KZV Nordrhein,29
Team Deloro,29
Caritas Lebenswelten GmbH,29
TERRAS Tiefbau Gruppe,29
Crevel Europe GmbH,29
Zahnärztehaus Freiburg,29
DRK-Kreisverband Karlsruhe e.V.,29
Arval Deutschland GmbH,29
Krüger Group Running Team,29
Düchting Pumpen,29
WASGAU Laufteam,29
St. Martinus-Krankenhaus Düsseldorf,29
Heartbeat,29
Diagramm Halbach,29
Schmidt+Hauck,29
Stadt Lahnstein,29
Adventure Runners,29
Friedrich-Husemann-Klinik,29
Deutsche Post Düsseldorf,29
Golding Capital Partners,29
Goldbeck-LÄUFT,29
Kita Kinderland im Kreis Saarlouis,29
SBK Sozial-Betriebe-Köln GmbH,29
Hürner Luft und Umwelltechnik,29
Stadtwerke Dillingen,29
Rücker + Schindele GmbH,29
unimed,29
BLSV - Lebe deinen Sport,29
Caritasverband Gelsenkirchen,29
T&S Stuttgart,29
Kunz Rechtsanwälte,29
CoCo,29
DEUBA GmbH & Co. KG,29
RWS,29
Residenzia Sozialbetriebe München,29
Heim + Feit bürotechnik GmbH,29
Landratsamt München,29
Rail Cargo Group,29
Bardehle Pagenberg,28
IHK München,28
IST-Hochschule für Management,28
Team BUHLMANN RFS,28
DYMATRIX,28
EPLAN,28
Caritasverband Koblenz e.V.,28
SATHERM GmbH,28
SOPTIM AG,28
HHLA,28
SBMS,28
Spized,28
Lebenshilfe Kreisvereinigung NK,28
GRBV Ingenieure im Bauwesen,28
Coca-Cola Europacific Partners,28
Kreisstadt Saarlouis,28
kwsoft®,28
top itservices AG,28
IUF,28
alltours flugreisen gmbh,28
OVB Holding AG,28
Kyndryl Deutschland GmbH,28
feelin' good - HSE,28
DDD läuft,28
Planersocietät,28
Pfizer,28
IVZ,28
Quantum Systems,28
KAEFER Team,28
HOCHTIEF - NL Südost,28
dm-drogerie markt GmbH + Co.KG,28
Kinder-u Jugendhospiz Regenbogenland,28
KKI Running,28
frankfurter werkgemeinschaft,28
Mercer Runners,28
LEGO GmbH,28
nordstrahl team,28
Team DBS,28
Qvest,28
TEAM SKYLOTEC,28
Das ESW,28
BBT-Gruppe: Saffig und Lahnstein,28
McDonald’s Gebiet Tobias,28
meine VVB,28
Wir machen Energie Beine,28
Franz Morat Group,28
Team Pelka,28
Team Wasem,28
Sumitomo (SHI) Demag,28
Deutsche Angestellten-Akademie,28
Deutscher Turner-Bund,28
SGD Nord,28
KfN - weise heilen - natürlich fit,28
Schön Klinik München Harlaching,28
Team Quanos,28
Think Blue,28
Schwarz Produktion Stiftung & Co. KG,28
GE Medical System IT GmbH,28
Elements,28
Medien Holding Süd GmbH,27
Taylor Wessing,27
Die Techniker,27
ISCAR,27
HR WORKS,27
Cloudrunner 2025,27
CBRE GmbH,27
LBBW Immobilien-Gruppe,27
BGHM,27
DRK Landesverband Düsseldorf,27
Resmed Runners,27
Bayerische Landesärztekammer,27
Rhein-Zeitung,27
Freshfields,27
STM,27
Therapie Company,27
PB Consult GmbH,27
Liebherr-Ettlingen GmbH,27
UniCredit Bank GmbH,27
Landesärztekammer Hessen,27
Objektkultur,27
Team Rochus,27
Justizzentrum Aachen,27
SICK Vertriebs-GmbH,27
avodaq AG,27
Der Zug hat keine Bremse,27
Autobahn GmbH Außenstelle Karlsruhe,27
Team temps,27
Kimberly-Clark,27
interone - the digital ones,27
iTAC Software AG,27
CONTACT Software,27
MEDIAN Runners,27
Team DRF Luftrettung,27
Fisher Investments GmbH,27
SUSE,27
#teamWAGNER,27
SMART/LAB,27
VDI:VDE:IT GmbH,27
CMS@Runners,27
Federal Mogul Nürnberg GmbH,27
cplace,27
Stiftung Hospital zum heiligen Geist,27
B.E.S.T. Veranstaltungsdienste,27
Ramboll,27
Schönhofen feat. Kottenschule,27
HEUFT THERMO-OEL GMBH & CO. KG,27
coco:crew,27
Elektro Künster,27
ILF Beratende Ingenieure GmbH,27
Aero-Dienst,27
Autodesk,27
FOM Hochschule Dortmund,27
DECATeam,27
SKF-Roadrunner,27
alfatec group,27
Regionalverkehr Köln GmbH,27
Karlsruher SC GmbH & Co. KG aA,26
Team Freiberger,26
#Generali bewegt Deutschland,26
Fraunhofer AISEC,26
Team @ Work,26
Max Bögl,26
Pilkington Deutschland AG,26
Run2Beer,26
Confineon GmbH,26
Chrono24,26
Hannoversche Volksbank,26
Tremonia Mobility,26
A.R.C. Laser,26
Team EKuJO,26
DEKRA Dynamics,26
Bitte mit SANA!,26
envelio,26
Thermo Electron (Karlsruhe) GmbH,26
David Lloyd Meridian Spa & Fitness,26
ZF Runners,26
Fast & PHOENIX,26
Blau ist bunt,26
Unstoppable,26
Sparda-Bank Nürnberg,26
Leifheit Pegasus,26
Holzwürmer,26
Instone,26
PTC Munich Pacemakers,26
Paul Becker GmbH,26
Paul Lange & Co. KG,26
Team THOST,26
Alpla Werke Lehner GmbH & Co. KG,26
Delta Immobilien Gruppe,26
Bayerisches Bauministerium,26
Volksbank in Schaumburg und Nienburg,26
garmo,26
Buddy Bash,26
Avionic Design,26
Stadt Ettlingen Stadtwerke Ettlingen,26
FIS Runners,26
GGSD-Runners,26
Bremer Hände,26
Radius Fueled by Teamspirit,26
MKT Metall-Kunststoff-Technik,26
HÖVELER HOLZMANN CONSULTING GmbH,26
MAGMA Runner,26
Pfeiffer & May,26
Saferoad Restraint Systems GmbH,26
Spaceopal,26
iba AG,26
Team DAV,26
Canada Life,26
Johanniter Mittelrhein,26
Genoverband e. V.,26
Nespresso,26
VTG GmbH,26
WENKO,26
Micron,26
Fichtner Water & Transportation,26
SPECK Pumpen,26
ONE NTT,26
InnovationCrew,26
VG Weißenthurm,26
CONET,26
Leadec,26
Team Romaco Pharmatechnik,26
GMV,26
Schön Klinik Vogtareuth,26
hmmh,26
Team IWK,26
Edeka-Runners,26
Kreissparkasse Mayen,26
abat AG,26
KPMG Dortmund,26
Asseco Solutions KA,26
BP,26
Go Holman!,26
F&M Retail,25
NRW.Energy4Climate,25
The Exploration Company,25
FAST LTA,25
Team ibs,25
ACO Guss,25
Alessandri EMSR-Industrie-Montagen,25
#teambarmbek,25
Peter Cremer Holding GmbH & Co. KG,25
Ingenieurbüro Miller,25
Dussmannschaft,25
Primetals Technologies,25
Encory,25
regioDATA GmbH,25
Team MMC,25
SAUTER Cumulus NL Saarlouis,25
Lotto Rheinland-Pfalz,25
Dodenhof,25
Nierenzentrum Freiburg,25
terranets bw,25
BDO München,25
Lear Corporation,25
Euromobil GmbH,25
Team FCO,25
Lang & Schwarz Aktiengesellschaft,25
zimmerlin GmbH Edelstahl-Technik,25
Advantest Europe GmbH,25
Bundessortenamt,25
IKEA Butz,25
Fast & Photonius,25
GE HealthCare,25
ZARM Fallturm-Betriebsgesellschaft,25
CEWE,25
Team Seitz,25
SnowTrex,25
hasenkamp,25
b.telligent,25
Dachser SE Bremen,25
Cordes & Graefe KG,25
HIL GmbH St. Wendel,25
# Team Nano,25
WISAG,25
Firmengruppe Dr. Hanns Maier,25
CVUA Freiburg,25
ADP Bremen,25
Camtek FRT Metrology,25
RESORBA - AMS,25
Eisenführ Speiser,25
GEA Wiegand GmbH,25
Hecker,25
sPORRties,25
Team medi & CEP,25
pfm medical,25
BioChem,25
Die Autobahn GmbH des Bundes,25
die Bayerische,25
Sport-Club Freiburg e.V.,25
Generali Stuttgart Runners,25
Dental21 GmbH,25
R+V Allgemeine Versicherung AG,25
OMD München,25
Phorms Munich,25
1KOMMA5°,25
ZITiS,25
Flughafen Hannover-Langenhagen,25
BGF-Institut,25
SVS-Vistek,24
Team Vibracoustic Neuenburg,24
Gemeinde Hohenkammer,24
Elmer Bottrop,24
Handwerkskammer Freiburg,24
ENGIE Laufteam,24
SE-Legal,24
Gemeinde Stuhr,24
Team VG-KA,24
Fuchs Lubricants Germany,24
"Engel & Andreas Apotheke, Firma Bast",24
Leuchtturm Gruppe,24
DOYMA GmbH & Co,24
GANT Dach GmbH,24
SIGOS GmbH - a Mobileum Company,24
GBT Deutschland GmbH,24
Tschach Solutions GmbH,24
HSV,24
DHBW Karlsruhe,24
UNICEF,24
Zeppelin Runner,24
karldischinger-gruppe,24
Dawonia Speedies,24
Schön Klinik Schwabing,24
Linimed Bayern,24
FZI Forschungszentrum Informatik,24
Röhlig Logistics GmbH & Co. KG,24
Team Together Ahead,24
GEO-NET,24
Deutsche Reihenhaus AG,24
Deutsches Diabetes-Zentrum,24
DEGEN GmbH & Co. KG,24
FGK Clinical Research GmbH,24
STADT UND LAND,24
Gundlach,24
Exclusive med. Fitness Enkenbach,24
fries architekten,24
Ev. Kinder und Jugendhaus,24
Schenker Deutschland AG,24
Et hätt noch emmer joot jejange,24
DAT GmbH,24
SMF GmbH,24
Vitanas Sporthelden 2025,24
Team Fleischhauer,24
Amundi Deutschland GmbH,24
Bürgermeister Reuter,24
LBB NL Kaiserslautern/ Weilerbach,24
OneQrew,24
The Mobility House,24
Amm GmbH & Co KG Spedition,24
Immobilien Bremen,24
QuantCo Runs,24
#teamssf,24
BSG Kirchliche Versorgungskassen,24
asambeauties,24
Büronetzwerk Pumpstation,24
BSV VDM,24
LIT Beratung GmbH,24
IW Bewegt,24
custo med GmbH,24
Immunic AG,24
PH Freiburg,24
Stadt Dillingen / Saar,24
Kapellmann Rechtsanwälte,24
OEV Online Dienste GmbH,24
Wirelane Charge Runners,24
Bethesda Runners,24
Raphaelhaus Jugendhilfezentrum,24
Waygate Technologies,24
Bucher Municipal,24
Mondelez Munich,24
Helios Oberbayern,24
Waygate Technologies Baker Hughes,24
KV Nordrhein,24
Volue,24
PKF München,24
Breznteam,24
Bird und Schulte,24
Hanebutt GmbH,24
Alena Töws,24
RUN´4´APLEONA,24
Regierungspräsidium Freiburg,24
KMFV,24
Investitionsbank Berlin,24
Turner & Townsend GmbH,24
Ingenieurbüro UTEK,24
OSMAB Holding AG,24
ORACLE,24
ARCADIS Germany,24
VG Pellenz,24
Constellation Academy,24
BOEHMERT & BOEHMERT,24
Streckenakkreditierer,24
AES GmbH,24
CG CHEMIKALIEN,24
Unmüssig Runner’s,24
big ING München,24
CGI Deutschland,24
Altus renewables GmbH,24
KV Saarland,24
Oetiker Deutschland GmbH,23
RobCo,23
LAF,23
WGV,23
Wattner,23
Octopus Energy,23
Humboldthöhe auf der Überholspur,23
KANN-Gruppe,23
noris network,23
Synopsys GmbH,23
Adecco Group Technology Center GmbH,23
Bosch Rexroth AG,23
Schön Klinik SE,23
HAZEMAG Group,23
Landesforsten RLP,23
viastore,23
Zahnärzte PODBI344,23
GEA Group,23
Team EBKA,23
HKA - IWI,23
High Flyer,23
TEAM SCHÜLLER KÜCHEN,23
KKL Klimatechnik-Vertriebs GmbH,23
CHECK24,23
CGM Runner´s,23
FREICON Gruppe,23
Lebkuchen-Schmidt GmbH & Co.KG,23
Dataciders GmbH,23
CBRE GmbH - München,23
Team KETEK,23
R+V Runners,23
AWO Kreisverband München Land,23
KDVZ - Digital Sprint(ers),23
Pro Seniore Residenz Rosengarten,23
Buwog Sprinters,23
PURPLERHINO,23
nrw1,23
MVZ Labor Dr. Klein Dr. Schmitt GmbH,23
Evangelisch in Nürnberg,23
MuP Köln,23
Studierendenwerk München Oberbayern,23
Team Haus Margarete,23
Dortmunder Eisenbahn,23
Dr. C. Soldan,23
halstrup-walcher GmbH,23
Implenia Construction GmbH Freiburg,23
BOGESTRA AG,23
softgarden e-recruiting GmbH,23
rightsmarties,23
SECURITAS GmbH Sicherheitsdienste,23
smava Heros,23
Kraftwerk,23
Team Handwerk,23
eHexen,23
Statistisches Landesamt RLP,23
Novocure,23
ECOVIS Nürnberg,23
BDO AG,23
Stiftung Katholische Altenhilfe,23
Stiftung ICP München,23
B&O Service AG,23
International SOS,23
B2Run - Microsoft Cologne,23
BARMER,23
Wackler Holding SE/ConClimate GmbH,23
ODDO BHF Asset Management GmbH,23
IVU.run berlin 2025,23
Reservix,23
Johanniter RV Östliches Ruhrgebiet,23
STILL TEAM Stuttgart,23
QPLIX,23
Lotto Bayern,23
AllDent,23
Blanc & Fischer SportAktiv,23
Erlenbach GmbH,23
divo-Group,23
Team Schaub,23
Kyowa Kirin Patient Rebels,23
Enovis,23
Berufsförderungswerk München,23
Unfallkasse Baden-Württemberg,23
WEIHE & KEUTHMANN,23
Landgericht Düsseldorf,23
StA Düsseldorf,23
SVB GmbH,23
INGAVER GmbH,23
Bechtle Runners,23
NOVENTI,23
EnBW AG,23
RAJA,23
Schierholz Fördertechnik,23
Toshiba,23
Klinikum Peine,23
Running for your tomorrow,23
Instrument Systems,23
RESA Systems,23
Compleet,23
TRATON SE,23
569 USFPS,23
winkler Unternehmensgruppe,23
Team DiaSys,23
meplan - Creating Touchpoints,23
DESMA,23
DIBAG Industriebau AG,23
Kienbaum Consultants International <,23
esentri AG,23
PECHER,23
Team KJS,23
Consileon,23
#teamITV,23
RHEINSPORT,23
LPKF Laser & Electronics SE,23
G. Stehnke Bauunternehmung,23
POSITEC Germany GmbH,23
Meissner Bolte,23
Future Electronics,23
Caverion Deutschland GmbH,23
LPG Biomarkt GmbH,23
UKV und Saarland-Versicherungnen,22
Gates GmbH,22
RIO Runners,22
Mohmühle96,22
Synlabläuft,22
GMN Paul Müller,22
OMMAX Running Team,22
Team Givaudan Baierbrunn,22
limango Team,22
Team Audible,22
MPE,22
BSH Team Bretten,22
IKEA FÜRTH,22
Forvis Mazars,22
A2MACRun,22
LHI Leasing GmbH,22
nass magnet,22
Gehrke Econ,22
Flatpay,22
Deutscher Ärzteverlag GmbH,22
OFD NRW,22
KZVB-Runner,22
Zurich Runners,22
Lonza Cologne GmbH,22
Schloßstraße Koblenz,22
Privatpraxis Dr. Wojanowski,22
FALKE,22
Hölscher Wasserbau,22
FAUN ENGINIUS,22
NOERR,22
DHL Global Forwarding Ratingen,22
Kanzlei Vogeler,22
Senioren Palais,22
SG Stadtwerke Karlsruhe,22
Running KiKu,22
damm-solar,22
VISPIRON Systems,22
bust-out Integrationsdienste,22
Softing Warriors,22
Jobcenter StädteRegion Aachen,22
FEGIME Deutschland GmbH & Co. KG,22
Bayerischer Hof,22
Simon-Kucher,22
Lufthansa Technik Logistik Services,22
dr. heinekamp GmbH,22
KAV-Team,22
AntonPaar OptoTec GmbH,22
NISSAN,22
IPM,22
BORAPA Running Team,22
DDP GRUPPE,22
leonardi runners,22
rembears,22
BGW Laufteam,22
JUMiNGO,22
DR. KADE Health Care,22
New Gen,22
ANDRITZ,22
EA-SPORTS,22
Qorvo Germany GmbH,22
SUKW,22
Pilates-Studio Koblenz,22
Kondor Wessels,22
heise - eine Antwort weiter,22
Felix+Jonas Architekten,22
EQS,22
TIMOCOM GmbH,22
Pernod Ricard,22
WILOFA,22
Koch,22
bbg-Läufer,22
Lab Heroes,22
EDEKA Wucherpfennig GmbH,22
CRIF - Together to the next level!,22
DRK KV Freiburg,22
ALLGEIER ENGINEERING FINISHER,22
Die Fruchtagenten,22
KPMG AG Wirtschaftsprüfungsgesellsc,22
AÖGW,22
Freiburger Stadtbau Verbund,22
Team EEP,22
otris software AG,22
Komatsu Germany GmbH,22
BizLink,22
Erzbistum Berlin,22
momox SE,22
cQ - B2Runners,22
Verizon Deutschland GmbH,22
The Railroad Runners,22
Dr. Wieselhuber & Partner GmbH,22
MED-EL,22
"MPI Crime, Security & Law",22
Fichtner,22
accelerate the shift,22
Epson Deutschland GmbH,22
TEAM BREMER,22
Bohnenbande,22
Misereor,22
#TeamLebenSchuetzen,22
Rackstar Runners,22
kicker,22
AGS,22
Hamberger Großmarkt,22
Amadeus Fire Hannover,22
PULS,22
Watermann,22
Gemeinde Beckingen,22
Friedrich Feldmann GmbH,22
Fürst und Partner GmbH,22
Atlas Air Service AG,22
Max-Planck-Institut für Psychiatrie,22
Sopra Financial Technology GmbH,22
Keller & Kalmbach,22
IKA sports,21
MPQ,21
IKEA Saarlouis,21
MONTANA,21
VAMED Rehaklinik Bad Ems,21
Amer Sports Deutschland,21
Parfümerie Douglas,21
Münchner Volkshochschule GmbH,21
Schaaf,21
Landkreis Merzig-Wadern,21
VG Landstuhl,21
Ecclesia,21
Kreissparkasse Diepholz,21
hubergroup runners,21
BImA,21
Consulting4IT GmbH,21
Gemeinde Isernhagen,21
Team Morten,21
RED Runners,21
Strabag,21
BEyond Limits,21
Team OETJEN,21
Saal Digital Fotoservice GmbH,21
#RunningISSTunning,21
Iqony Läuft,21
Mathworks,21
Gemeinde Überherrn,21
Cool down...,21
Fraunhofer IWES,21
Wärtsilä,21
VDZ e. V.,21
rightmart,21
MECfits,21
Team Brauco,21
Eggers & Franke,21
INFINITY,21
eepi Gruppe,21
sysTEAMbau,21
Team MVTec,21
Fujitsu & Friends,21
Mediq Runners,21
ITW Runners,21
Medios Runners,21
Stadt Mayen,21
zur Mühlen Gruppe,21
Gatter 3,21
Doctolib,21
OPTIMAL SYSTEMS Hannover,21
PuraVita,21
ResMed Runners,21
VG Winnweiler,21
OBERMEYER Infrastruktur,21
LSJV Koblenz,21
Friedrich Graf von Westphalen,21
SHARP,21
Lubberich,21
Mailänder Consult,21
Unternehmensgruppe Dr. Eckert,21
Firmenverbund HORN,21
KOCKS Ingenieure,21
AdmiralDirekt,21
Spinner,21
Rotkreuz-Runner,21
Hotel RIU Plaza Berlin,21
caspar.schmitzmorkramer gmbh,21
ABB vom Tegeler See,21
Running the Supply Chain,21
KRIKO Engineering,21
kadawittfeldarchitektur,21
MV Gottenheim,21
Marktkauf Teltow,21
I&U FASTLANE,21
Deutsche Windtechnik,21
fiber racer,21
Treuhand Hannover GmbH,21
Seitz Runners Club,21
Regionale Diakonie WW RL,21
Helmreich Gruppe,21
FSM AG,21
Deutsche Factoring Bank,21
faktorgruen,21
KALDEWEI,21
elko-Gruppe,21
De-cix Group,21
Hertener Stadtwerke GmbH,21
Südwolle Group GmbH,21
Sparda-Bank Südwest eG,21
IG Dr. Siekmann+Partner mbH,21
Munich Office,21
PAPP GRUPPE,21
SSG Dillingen,21
Team Intelizign,21
[bu:st] group GmbH,21
Fischbach Gruppe,21
ASB Kaiserslautern,21
RUHR24 GmbH,21
die neue welle,21
Schön Klinik Bad Aibling,21
PEGreen-Team,21
SYNLAB International,20
Tempton Nürnberg Laufgruppe,20
T.P.I. Trippe und Partner Laufteam,20
KSV GmbH,20
haus moosalb,20
Mit BeMo schneller ans Ziel!,20
Fiber Flash,20
iba,20
DNZ2,20
BLUME2000,20
Oppenhoff,20
AWD Ingenieure,20
BSG StädteRegion Aachen,20
Kloeckner Metals Germany GmbH,20
regio iT,20
FORVIA,20
"SG Dt.Bank Deutschl.e.V., Lauft.Nbg.",20
ConSense GmbH,20
DB E&C BÜZ Südbaden,20
Westlake Vinnolit Runners Team,20
Media Broadcast,20
OmniVision GmbH,20
Gehe Pharma Handel,20
Sparda-Bank München,20
Dr. Schenk GmbH,20
DLIVE,20
#crossies,20
LEONHARD WEISS GmbH & Co. KG,20
Team VDW,20
MobiLab Solutions,20
SWSM gGmbH,20
Museum für Naturkunde,20
EXEC IT Solutions,20
Komm.RUNFR,20
BDZ Zoll- und Finanzgewerkschaft,20
Kinder in Bewegung,20
Hans-Böckler-Stiftung,20
PerformAktiv,20
Vierkirchener Wadlbeißer,20
BBS 2 Kaiserslautern,20
CSC JÄKLECHEMIE,20
WPP Media,20
TECNO-PLAST,20
WEIG Holding GmbH & Co. KG,20
Matratzen Concord GmbH,20
CTS Eventim AG & Co. KGaA,20
EKB Container Logistik,20
# Team ZBI,20
CVUA,20
Genoverband,20
YFood,20
AICHINGER GmbH,20
vivenu,20
Felix Böttcher,20
Labor Becker,20
Magritek GmbH,20
ficonTEC Service GmbH,20
AS Abrchnungsstelle AG,20
GEFA Processtechnik GmbH,20
Netinera,20
Hilton,20
Hightech Holzbau,20
SOS-Kinderdorf Worpswede,20
Real Runners,20
GEBRÜDER PETERS,20
SZ Runners,20
#TeamAutobahn,20
The Re-Chargeables,20
HKB GmbH,20
COSMONAUTEN,20
HORL,20
BET Consulting GmbH,20
EBV-Express,20
Nexia GmbH,20
Labor Quade,20
ERGO sports München,20
#wearetipico,20
Cadence,20
nox Germany GmbH,20
Alexion Pharma Germany GmbH,20
SIKORA AG,20
Die Zahnis,20
Team Asahi,20
TLH Solutions KG,20
FEBB,20
combine,20
Eversheds Sutherland Düsseldorf,20
DEKRA Automobil GmbH,20
medavis GmbH,20
Kleeberg,20
SWIE Bauflitzer,20
Landeszentrum für Datenverarbeitung,20
Jobcenter Stadt Kaiserslautern,20
"NS+P Dr. Neumann, Schmeer & Partner",20
Team PATRONAS,20
OLYMPIAPARK MÜNCHEN GMBH,20
VIP,20
TeamNexperia,20
K.I.T. Group,20
HUMMEL,20
Viselle & Maxi,20
VdR BW Lgrp Saarland,20
Bohnen + Kollegen GmbH,20
Ank-Kaiser Sanitätshaus GmbH,20
Vector to Zero,20
REVG Ride & Run Crew,20
GvW Graf von Westphalen,20
Occhio,20
St. Nikolaus-Stiftshospital,20
Marsh GmbH,20
wir liefern schneller als wir laufen,20
STEMMER IMAGING Runners,20
838 - Wir sind bunt,20
Carrier Klimatechnik GmbH,20
FÄHRHAUS Koblenz x Café Laibgenuss,20
Jedox #OneTeam,20
SOS-Kinderdorf Saar,20
Sparkasse Düren,20
Althoff Hotels,20
Caritas-Werkstatt Oranienburg,20
IGEPA PaperRunners,20
Pointsharp,20
Schafferer,20
Die Envis,20
dean&david Berlin,20
H&Z Laufrausch,20
MyBiotech,20
Smart Mechatronics,20
Propan Rheingas GmbH & Co. KG,20
LBS NordWest,20
educcare Bildungskindertagesstätten,20
Acconsis GmbH,20
Cheplas Runner,20
MSAS,20
Schöck Bauteile GmbH,20
ONE-CRONIMET,20
KUKA Assembly & Test GmbH,20
greenventory GmbH,20
Run Fast. Stay Secure.,20
Finanzamt Gelsenkirchen,20
Robert Half / protiviti,20
DECATHLON Deutschland SE & Co. KG,20
ystral gmbh maschinenbau Dottingen,20
Verlagsgruppe Herder,20
Landeskirchenamt München,20
stp.one Karlsruhe,20
Envi Con Engineering GmbH,19
Weberspeedys,19
ZETA GmbH,19
Jean&Len GmbH,19
Team KZVK,19
TRUMPF,19
Lindner Lohse Architekten BDA,19
WEBER-Ingenieure,19
tegosgroup,19
tink Running Team,19
Team MRM,19
Noris-Arbeit (NOA),19
GWQ ServicePlus AG,19
elevate.tech GmbH,19
STRABAG,19
Amadeus Fire AG Berlin,19
filmpool entertainment GmbH,19
Linde Turbostapler,19
Novexx Roadrunner,19
Finaplus,19
ASF,19
KINDERSCHUTZ MÜNCHEN,19
ASSA ABLOY,19
ASTEMO,19
ediundsepp / Lang Hugger Rampp,19
avocado Runners Team,19
Anton Hübner GmbH & Co. KG,19
RMCon International,19
Klinikum Nürnberg,19
ATALA Berlin,19
Aptiv - It's our move!,19
ÄKNO/NÄV,19
Vermessungs- & Katasteramt Westpfalz,19
StudioCanal,19
PSI Software SE,19
KTP Kunststoff Palettentechnik GmbH,19
Profilrunners,19
FRANKUS,19
Adecco,19
Zander Freiburg,19
Gameforge AG,19
PLAION & PLAION PICTURES,19
tecis AG,19
Fackelmann GmbH + Co. KG,19
M/PU4 - Run4Sourcing,19
APD Ambulante Pflegedienste GE,19
Johannesstift Diakonie,19
efcom,19
M.B rennt,19
Agentur für Arbeit Köln,19
P3,19
Forschungsinstitut für Wärmeschutz,19
ZSW Stuttgart,19
JVA Aachen,19
M&P Ingenieurgesellschaft mbH,19
Gemeinde Gundelfingen,19
AG Düsseldorf,19
Patek Philippe,19
T&S Munich,19
J+S,19
Team Kienast Unternehmensgruppe,19
Hetzner Online GmbH,19
Smart Runners,19
WISAG Gebäudetechnik Bayern GmbH &,19
MSC Germany,19
Torqeedo,19
noris inklusion,19
DRV Rheinland-Pfalz,19
Herz-Jesu-Stift,19
Zentren für ambulante Reha,19
BImA Freiburg,19
DSI Teilhabe? Läuft!,19
noll werkstätten,19
Team DVA/BWV,19
Hella Gutmann,19
LIST Eco,19
LIESER Rechtsanwälte,19
Deutsche Finance Group,19
Heiming-Runner,19
insparx,19
DIE RADIOLOGIE,19
TÜV Rheinland München,19
METER Group,19
Breuninger Flagship Store München,19
Glock Liphart Probst,19
IKOM - MOKIvation Runners,19
Mr. Lodge GmbH,19
BMP,19
Metallbau Kuhn GmbH,19
BSG ÖRAG,19
bmp greengas,19
Running Strong: Symeo & indie,19
BRICKMAKERS,19
The Perfect Fit,19
dtv,19
Dm Drogerie-Markt,19
YASKAWA Europe,19
DIS AG,19
LIGANOVA,19
Pimco,19
IFH KÖLN,19
Marley Deutschland GmbH,19
Boden-Flugtruppe,19
Boehmert & Boehmert,19
Hawkules,19
Campus München,19
Lanies,19
Landesuntersuchungsamt,19
Team LBB Koblenz,19
HLB HUSSMANN,19
MESSRING,19
runnerstARZ,19
Pinsent Masons,19
SensoPart Industriesensorik GmbH,19
Bechtle IT-Systemhaus Bremen,19
LPI,19
DFMG Deutsche Funkturm,19
beco-bermueller.de,19
Grundschule Gisingen,19
SAG ARIS GmbH,19
Team focus,19
Bencard Allergie,19
Hannover Congress Centrum,19
BBSW Koblenz,19
Müller-Boré & Partner Patentanwälte,19
CGM Lauer,19
VetZ GmbH,19
Bettermile,19
Hohenstaufen-Haus,19
Maurer Electronics GmbH,19
Merkur Spielbank Hohensyburg,19
Running Polo Bears,19
Labor Staber,19
CMD Running Crew,19
VISION Consulting GmbH,19
MBV,19
Caspers Mock Anwälte,19
MKS Instruments,19
DYNAVAX,19
Running Crew 55,19
Median Runner,19
House of Hair,19
MVZ Prof. Dr. Uhlenbrock,19
BERDI Architekten,19
Hahn-Schickard,19
LFM NRW,19
Vyoma,19
Haushahn,19
Power Diagnostix / Megger,18
Caritas-Akademie,18
Die Rennsemmeln,18
Heinzelrunners,18
RTC Gruppe,18
NAK Architekten,18
Güntner GmbH & Co. KG,18
GTU Gruppe - www.gtu-gruppe.de,18
REIF Bauunternehmung,18
Loy & Hutz Solutions,18
Team Purple,18
Winicker Norimed GmbH,18
Vitafy,18
Team Interflex,18
pbs Ingenieure GmbH,18
Die Klimaschützer:innen,18
Vector Informatik GmbH,18
MVV München,18
Synopsys,18
Sweco Runners,18
FRÖBEL Bayern,18
Schwesternschaft Nürnberg,18
KinderSpielHaus,18
AON,18
CODEX Partners,18
FUNKE WORKS,18
CHI NUE Cargo Handling GmbH,18
FTAPI,18
AZB,18
Landesamt für Finanzen NRW,18
TEAM FRACHT,18
Mainka Bau,18
HEUBECK,18
CFP Brands,18
Debeka Karlsruhe-Stadt,18
Sozialstation Breisach,18
FMI,18
Holy Softdrinks,18
CAG Nürnberg,18
OneAxians,18
CANCOM BU-West,18
GOLDBECK Bochum und Duisburg,18
Adient Saarlouis,18
isarpatent,18
Boneß & Euteneuer Partnerschaft mbB,18
KS Elite,18
CarUnion Runners,18
Uriach,18
Die Auserwählten,18
MTR Rechtsanwälte,18
Team MERH-IP,18
All for One Group SE/ Filderstadt,18
DRAGONS Hamburg,18
KölnBusiness,18
Cabka Group GmbH,18
KAMPMEYER,18
MVGM,18
Airbus DS Airborne Solutions GmbH,18
STEICO,18
Stephan Schmidt Group,18
HÄVG AG,18
STAHLGRUBER LKQ Keeping you moving,18
Wisch-und-Weg,18
Kinder- und Jugendhilfe St. Maria,18
Familienhilfe Maria im Tann,18
ABC-Team,18
apoprojekt sporties,18
NEW LIFT Runners,18
PIMA Health & Safety West,18
Vetter & Höhne GbR/ Running Crew,18
JUWI GmbH,18
Team VG Dierdorf,18
Ingenics Digital,18
Team Röntgenpraxis Georgstrasse,18
Lars Eckey,18
Indutec,18
Medpace,18
awell,18
Team Wolfshöhe,18
Berlin.Industrial.Group.,18
Flotter Schuh,18
Eaton Technologies GmbH,18
Klöckner Pentaplast GmbH,18
Parzival Zentrum,18
solute,18
BORSIG,18
Streetwalker,18
Von Herzen rheinisch,18
MEDICLIN Reha-Klinik am Sendesaal,18
Klumpp,18
eNeG GmbH,18
deas,18
"Senatorin Wirtschaft, Arbeit, Europa",18
SKS Welding Systems,18
Interflex Datensysteme GmbH,18
Nobilia,18
EGH-RUNNERS,18
Fraunhofer IESE,18
Sailer Stepan Tragwerkteam,18
BBL Baumaschinen GmbH,18
POELLATH,18
Paulaner am Nockherberg,18
ZAK,18
Salzgitter Mannesmann Stahlservice,18
Zeit für Brot,18
Serrala Group GmbH,18
matelso data-drivers,18
JCM Europe GmbH,18
August Strecker GmbH & Co. KG,18
Gesundheitszentrum Wolfstein,18
The fast walkers,18
TRIMET Aluminium,18
ERNST² Architekten AG,18
Cognex,18
ESG Koblenz,18
Langmatz,18
CASINO - KOBLENZ,18
7NXT Health Group,18
MERENTIS GmbH,18
Emigholz,18
Team KVJS,18
f-bb,18
Grollmus Running-Team,18
Batemo GmbH,18
Gamma Placetel GmbH,18
TKE,18
Bayern Innovativ GmbH,18
Meri,18
Prime Runners,18
ifp,18
tanja Schubert,18
Nash Running Team,18
SVA,18
Griesemann Engineering GmbH & Co. KG,18
Team Oranje,18
Strub Eisenhardt Lass,18
AndresPartner,18
Goldbeck West GmbH,18
cab,18
Eichendorff-Express,18
Markt Kirchseeon,18
Gaertner Klinik,18
Schüllermann und Partner AG,17
Hamburger Feuerkasse,17
Pixum,17
Schülke & Mayr GmbH,17
Vitis velocitas,17
Landesamt für Mess- und Eichwesen,17
Conscia,17
Trench,17
Cerdia #läuft,17
Comcave College,17
Hanno Werk GmbH & Co. KG,17
HTZ-Neuwied,17
CITO,17
CJD Berlin-Brandenburg,17
TT RunClub,17
Zinc,17
denkwerk Runners,17
Hoffmann Eitle,17
CCL Runners,17
Kehrbach Planwerk,17
HR factory,17
KISTERS,17
Oracle,17
Lebosol Dünger GmbH,17
SPORTFIVE,17
Flick Gocke Schaumburg,17
Merck Finck a Quintet Private Bank,17
VMZ StadtSprinter,17
abilis group - we make IT run!,17
Caritas Köln,17
Physiotherapie Weißelberg,17
Transport Express Schmidt GmbH,17
QUANTO runs better,17
DRIVE Consulting,17
Carglass,17
Heraeus Epurio,17
ACS Group,17
Hawesko,17
Christian Dior Couture,17
Helly Crew,17
SNK,17
affinis,17
Healthrunners,17
RTL Audio Vermarktung GmbH,17
Chips,17
Caritasverband Limburg,17
Pinakothek,17
Hautarzt Oberland,17
Median klinik Berus,17
Makat Candy Technology GmbH,17
Meurer-etechnik GmbH,17
SOS-Kinderdorf Nürnberg,17
Caritasverband Nürnberg e.V.,17
Ospig,17
LfBK RLP,17
fischerAppelt läuft,17
Finanzamt Freiburg-Stadt Runners,17
SKR Reisen,17
Frittenwerk,17
Teamgeist hochdosiert - sk-Apotheken,17
Kieback&Peter,17
KODIAK,17
RUNATiCnet,17
Zeppi,17
EHL AG,17
One Reaction Biology Runners,17
Schneidereit Professional,17
attempto,17
Studentenwerk Hannover,17
Team Roos Bau vom Hochsimmer,17
BWV Rheinländer,17
Kreisverwaltung Rhein-Hunsrück,17
Barilla,17
ISB mit Bildung läuft´s,17
BauBeCon,17
Restlose Irrläufer,17
MITAX Steuerberatung GmbH,17
NPROXX,17
Bayerische Architektenkammer,17
SAKS Hotel Kaiserslautern,17
Pulsetrain,17
WST Präzisionstechnik,17
Stroke Unit Brüderhaus,17
GSZ,17
SGS - Super gute Sprinter,17
Klett Dortmund,17
Amazon Legal,17
KI statt KO,17
IHK Düsseldorf,17
Erlanger Treuhand GmbH,17
Bio-Rad,17
Bistum Trier,17
ZETCON Ingenieure,17
Sportfreunde Chiller,17
cambio CarSharing,17
Jung & Krebs,17
Jungbluth Fördertechnik,17
Goldbeck Süd GmbH,17
SYLVENSTEIN Rechtsanwälte,17
Phase 5 International GmbH,17
EBERO FAB,17
VEDES,17
B2Run,17
BBGS one team one mission,17
ELOrunners,17
ELTRO,17
Gerber Architekten GmbH,17
Autohaus Felix Kloz GmbH,17
J&J,17
schultz_imsbach,17
BEN BUCHELE Elektromotorenwerke GmbH,17
M3B,17
SCHUFA,17
SCHRAMM GmbH,17
Ingram Micro Distribution GmbH,17
Team Volkmann,17
ZAR Stuttgart,17
Stationäres Hospiz St. Martin,17
heinlewischer,17
GfE Running Team,17
Peter Greven GmbH & Co. KG,17
JUVE Verlag,17
Verbandsgemeinde Vordereifel,17
SCHLÜTER GRAF,17
Wenn kochen - dann Selgros,17
Klüh Multiservices,17
EY Hannover,17
SBS-Ingenieure,17
Dreamteam,17
Jagdfeld-Gruppe,17
Dr. Schmidt und Partner,17
Jungbluth Gruppe,17
Handwerkskammer für Mittelfranken,17
Delta Energy Systems (Germany) GmbH,17
Team Elpro,17
Van Ameyde,17
MUTARES,17
Wehrle Werk,17
Weishaupt Team München,17
Absolute BEGinner,17
AirITSystems,17
AXA Direktberatung,17
FINCKE-Hygiene,17
Team Innomotics,17
Busch Vacuum Solutions,17
Braunform,17
Hydrogenious LOHC Technologies,17
HELLABRUNN - Der Münchner Tierpark,17
iwb runs,17
ju:niz Energy,17
KAISER & SOZIEN,17
SSG AOK-BV,17
Bremische Volksbank,17
IAB,17
HEMMERSBACH,17
Wir verstehen Bahnhof!,17
Röser,17
Decadis AG,17
LBV NRW,17
Die Autobahn GmbH,17
Alleima,17
Radiologie München,17
Rheintacho Messtechnik GmbH,17
Lebenshilfe Langenhagen-Wedemark,17
Omexom EIK,17
KD-Roadrunner,17
Mobil ISC,17
Delme Klinikum,17
Raiffeisenbank München-Süd eG,17
Raiffeisendruckerei,17
Alascians,17
jobcenter rhein-sieg,17
Mubea Aerostructures,17
Justus Grosse,17
Lebenshilfe - Wir bewegen uns!,17
BuroHappold,17
Kintiga,16
Hach-Lange,16
Rundläufer,16
Hellweg Berlin / Brandenburg,16
Lenyx Group,16
Quest Germany,16
HERMES Systeme GmbH,16
RIEDLINGER,16
Insel-Läufer,16
Hanselmann & Compagnie GmbH,16
act.3,16
Inxmail GmbH,16
HEUCHEMER Verpackung,16
Recordati Team,16
JACOB Elektronik GmbH,16
Videojet,16
Holzwurm,16
Knorrianer,16
Zeelandia GmbH & Co. KG,16
SHERPA X,16
JE in Motion,16
Kniggendorf,16
"Headsquare, Hanako und Envidual",16
dhpgteam,16
Team Catella,16
SGS,16
HANS IM GLÜCK,16
KÖBERL Group,16
LGC Genomics,16
d-NRW Runners,16
IHK Koblenz,16
SHARKS,16
KÖNIG METALL,16
Kyocera Europe GmbH,16
QUADRA energy,16
HOSPITALITY X,16
Kleine Wolke,16
GPP,16
HAL Privatbank AG,16
Running Team,16
Team Remagen,16
ROTTHEGE,16
apoBank Hannover,16
JZAW Runners,16
Rapid Raccoons,16
Vice Golf,16
Rittersbacher,16
Team Sozial,16
auxmoney GmbH,16
Röntgenpraxis am Marstall,16
REMONDIS Industrie Service,16
Lebenshilfe,16
Zum weißen Zahn,16
Heimstaden,16
Team Retterspitz,16
K1 Verwaltungs GmbH,16
IP SYSCON SPORTS,16
Kuhse Energy Group,16
alpha Immobilienmanagement GmbH,16
Jüdisches Krankenhaus Berlin,16
IMP GmbH,16
WDS,16
index-Runner,16
Maersk Deutschland,16
heinekingmedia GmbH,16
TÜV-Rheinland Team,16
Mücke Roth & Company,16
Wiegel Verwaltung,16
freenet,16
Carcoustics International GmbH,16
TOPdesk,16
Schwitzen statt sitzen,16
prosozial,16
Bartz-Werke GmbH,16
Vanderlande,16
Münchner BauBlitze,16
Sparkasse Neuwied,16
O&K Antriebstechnik GmbH,16
Wandres GmbH,16
Busse & Coll Steuerberatung GmbH,16
WORK Microwave,16
Baker Tilly GmbH,16
ASICA,16
ATP Nürnberg Planungs GmbH,16
Linsenplatz,16
Sasse Runners,16
Liqmatic GmbH,16
"FRACHT AG , Nürnberg",16
Appsfactory GmbH,16
mibeg-Gruppe,16
Decathlon,16
PT Lounge - CoachSascha,16
FOL,16
Little patients,16
telle,16
Team FAHL,16
Audi Zentrum Düsseldorf,16
VOSSIUS & PARTNER,16
Draheim Ingenieure,16
hc:VISION Technologie GmbH,16
Die Flotten von Clotten,16
Natsana Runners,16
OCLC GmbH,16
PTCool Runners,16
Entelios,16
NOWEDA,16
Die Stromschnellen,16
Bechtleteam Franken,16
PSD Bank Nürnberg eG,16
Becomix,16
h4a läuft,16
Energieagentur Rheinland-Pfalz,16
SWK & koveb,16
h4a Architekten,16
The power of people,16
Mitläufer,16
St. Franziskus,16
ACTEGA DS GmbH,16
BayernLB Fortschrittsläufer,16
4flow SE,16
Erismann Tapeten,16
NETWAYS,16
Butz & Neumair Aufzugbau GmbH,16
APOLLON Hochschule,16
Modulat Leasing AG,16
EcoG GmbH,16
Potthoff & Platzer,16
SUNTASTIC,16
SchnellRennPartnerschaft,16
Veepee,16
Sopra Steria - Speeders,16
WRK Dortmund,16
Die SAHLBERG-Macher,16
MEYLE AG,16
USAMMC-E,16
ADD Koblenz,16
Team good healthcare group,16
Wayss & Freytag,16
CAF,16
ProServ,16
All for One Group SE/ München,16
Boley Geotechnik,16
DFMG Berlin,16
Tokio Marine Europe S.A.,16
MBTI_Berlin,16
EFG Specht,16
SNP Schlawien Partnerschaft,16
sacker,16
Albany,16
Sandra Silvanus-Friedrich,16
#TEAM_DEISEN,16
Peter Gross Hochbau GmbH & Co.KG,16
Marienhaus Kliniken GmbH,16
Sibelco Deutschland,16
AleviDo,16
BIPS Healthy Runners,16
VTS Dortmund,16
TeamViewer Germany GmbH,16
PMI GmbH,16
ALRV,16
#1premiumrunner,16
D+H Mechatronic AG,16
Team IB Südbaden,16
ECKERT Rechtsanwälte,16
Niedersachsen Ports ...lööpt,16
Aenova,16
Fotografiska x BHG,16
Team ALDI WEYHE,16
BECK Pepper Stepper,16
DEG Alles für das Dach eG,16
hitschies,16
Forever Living Products,16
Forensik Merzig,16
Peakwork,16
Team Verivox,16
Nitrado,16
E&P Stadtplanung,16
DZ BANK,16
Praxis Lübberding & Kolleg:innen,16
Wonderwalker,16
Sport- & Tagungszentrum Hachen,16
Otto Building Technologies GmbH,16
FVA Baden-Württemberg,16
hsspatent,16
Verder Scientific,16
Almatis GmbH,16
Wendeware AG - die Wenderunners,16
Sedlmayr AG,16
Verdammte Tiger,16
BITS,16
Team ITC Logistic,16
fenster.com,16
Preckel Automobile GmbH,16
AGRAYA,16
All for One Group SE/ Ratingen,16
Finanzamt Köln-Süd,16
Team Frauengesundheit,16
Blazejewski Medi-Tech GmbH,16
Naturkost Ernst Weber GmbH,16
The Pipeline Runners,16
VSI,16
MHBK,15
Bossert Runners,15
Volksbank Kaiserslautern,15
construktiv,15
CADFEM,15
Tesla Automation GmbH,15
LAGeSo,15
Bricks & Brezn,15
ViGEM GmbH,15
Mouser Electronics,15
JVA Rheinbach,15
Webpros,15
Dr. Gemmeke GmbH,15
L'Osteria,15
Böker & Paul AG,15
Sanitätshaus Koczyba GmbH,15
coac runners,15
GoRun,15
Bundes-Runner,15
DocuWare,15
Goodman Masson,15
AMD,15
ZAHORANSKY,15
Ratepay GmbH,15
DATAMAP,15
COMSPOT,15
MKS - Atotech,15
Yardrunner,15
HOCHTIEF Building,15
Allgeier inovar,15
Securitas Aviation International,15
DURAG Group,15
SecuriAktiv,15
DVS AG,15
univativ,15
Juhr-Klein-Lörsch Architekten,15
Team dm,15
Daimler Truck AG,15
Altenheim Sankt Martin,15
Magna BDW technologies GmbH,15
Hebammenkontor Altona,15
Caverion,15
Catella,15
AVIAREPS,15
Accso GmbH,15
All4Golf,15
LMU München,15
DLR Westpfalz,15
Hamburger Volksbank eG,15
Hamm Klinik Park Therme,15
Therapiezentrum Durlach,15
Vincentz Network GmbH & Co. KG,15
HYVE Innovate GmbH,15
CryoRunners,15
Raiffeisenbank Wyhl eG,15
Matthäi,15
DFGE,15
LVBZ Steuerberatung,15
Corall Ingenieure GmbH #ciexperts,15
Justizvollzugsanstalt Köln,15
ShiraTech-Knowtion,15
HSH Laufteam,15
Marienhaus KIJU,15
Trei,15
RÖDL BAU.GRUPPE,15
Omya,15
Scholz & Friends Berlin,15
MOTO-TEAM,15
Schneider Karosseriebau,15
Park-Kliniken Berlin,15
CLAG,15
SozDia Stiftung Berlin,15
Mir san Mir-ion,15
Die Steuer Flitzer,15
QuickBird,15
Die W. Bauers,15
CFM Schiller GmbH,15
Apleona Südost,15
Die WolfGang,15
Team GNius,15
Studiosus Reisen,15
imbus Rheinland,15
innovas GmbH,15
Die Gleisgeher,15
Software4You,15
Aon Stuttgart - Die Durchstarter!,15
MYVI GmbH,15
Dennemeyer & Co. GmbH,15
Solident Running Crew,15
ATG Allstars,15
Depenbrock,15
Amoria Bond,15
Sunshine Energieberatung,15
LGBS,15
KINGSTONE Real Estate,15
Team Interchalet,15
apoprojekt GmbH,15
Rosier,15
Zoll Nürnberg,15
IB Schlegel,15
KJA LRO,15
IAS Vollmond GmbH,15
Spielwarenmesse eG,15
PHYSIOMED SÜD,15
GTU Mobility,15
Neovii Running Team,15
eismann,15
bha-Runners,15
Zymo Research Europe,15
Iveco Runners,15
ZuckerDoc,15
prohearing Hörgeräte,15
Team Lesora,15
INVENT UV AG,15
Bayerische Ingenieurekammer-Bau,15
RE-IN,15
BISSANTZ,15
#TeamLOHR,15
SV Informatik,15
Bayern International GmbH,15
Krüger Hannover GmbH & Co. KG,15
fairKauf-Runner,15
Enno Roggemann GmbH & Co. KG,15
AutoForm,15
Autenrieb-Team,15
Team KAYAK,15
Energiekontor,15
THINK SAFE. THINK ICS.,15
Peter Knobloch GmbH,15
byon gmbh,15
NIVEAU Fenster Westerburg GmbH,15
Katholische Familienbildungsstätte,15
ZECH,15
Notarkasse A.d.ö.R.,15
Berger Balance Beasts,15
Autohaus Brenk GmbH,15
#WinAsOne,15
Electrolux Hausgeräte GmbH,15
Lindschulte,15
Verve,15
Imperial Brands,15
Team Haster,15
FIZ Karlsruhe,15
publicplan GmbH,15
WG Sigmund Schuckert eG,15
Livos läuft,15
Autohaus Kropf,15
PIA : Runners,15
Fahrschule die 3 GmbH,15
Knöllinger,15
FEV Consulting,15
NZYM Group,15
FERCHAU RENNT,15
#teambraineffect,15
Notare an der Palmaille,15
3. Med. Klinikum r. d. Isar TUM,15
saturn petcare gmbH,15
RAW-Partner,15
Stadtwerke Langen GmbH,15
BL,15
Krämer IT,15
Ressourcenmangel,15
Euronet,15
GQS runs with great People,15
MB Energy,15
BKK firmus,15
STZEL,15
SUCHMEISTEREI,15
elbag Energietechnik GmbH,15
Ausgleich-Runners,15
Stadt Roth,15
SMS medipool GmbH,15
BEST-Sabel Bildungseinrichtungen,15
König Gruppe,15
Boisserée,15
sehkraft,15
Freshfields on the Run,15
Interfracht,15
Team EY,15
Steadforce,15
KÖLLA - the fruit company,15
AGILA Haustierversicherung AG,15
JURA Elektrogeräte Vertriebs-GmbH,15
Fruchthansa GmbH,15
EHWA,15
Münchner Bank eG,15
Genoveva & Friends,15
IKT,15
ENERGY4U,15
Nextwork,15
BioCopy,15
Lenz und Johlen Rechtsanwälte,15
RD Bayern,15
Fortuna,15
PharmaSGP,15
SMS group Witten,15
onvista media GmbH,15
BANSBACH GmbH,15
AIOS Automotive,15
IKK classic,15
SNSB,15
Volksbank Niedersachsen-Mitte eG,15
Pyramid Computer,15
ALSO Team Innovation,15
Team Saarschleife,15
August Weckermann KG,15
echt gutmann,15
Berufsbildende Schule Bad Dürkheim,15
FÜR SIE Handelsgenossenschaft eG,15
IKEA Koblenz,15
Gemeinde Ehrenkirchen,15
JDIE,15
EW Nutrition,15
EVS,15
BG Kliniken,15
QD,15
The Data Protectors,15
designfunktion,14
Hays,14
Stadt Waldkirch,14
big. bechtold-gruppe,14
Aitonomi,14
Melitta RoadRunner,14
AluTEAMium,14
Rehazentrum Wöhrderwiese,14
Nect Level Runners,14
BPR Berlin,14
Jäger-Gruppe,14
The Power Behind Power,14
OPTIMAL SYSTEMS Dortmund,14
VEA,14
bayme vbm,14
Csi Entwicklungstechnik GmbH,14
BEHNCKE FAMILY,14
VSM,14
Sympatex,14
Converge Germany,14
Amand und die Wilde 13,14
Max-Planck Plasmaphysik,14
Harrer Ingenieure,14
SynG4,14
Ingenieurbüro Bender,14
Teamfit & Horizon Alpha,14
Alexianer-Region Aachen/ViaNobis,14
"Cool, cooler, Kreutzträger",14
BG Ambulanz Bremen,14
NetPlans,14
Maus GmbH,14
Hannover 96 Arena GmbH & Co. KG,14
Korsch Verlag,14
Interflex Erlangen,14
B&P IT,14
Medartis,14
CompuGroup Medical,14
Median Klinik Berlin-Kladow,14
Kommunale Unfallversicherung Bayern,14
Juwelier Nittel,14
JvM Unicorns,14
Codewerk GmbH,14
Stadtwerke Merzig GmbH,14
VS Mediahouse,14
Team R+V,14
Syserso Networks GmbH,14
Amazon Deutschland Transport,14
CCC Com Credit Contor,14
TerraRun,14
Brüning Groupies,14
Jack,14
IHK Hannover,14
Mossers,14
Asahi Kasei Europe GmbH,14
Welling´s Schneggschen,14
Arvato Systems GmbH,14
Bumke,14
Pflegewohnstift Hönow,14
Molex Runners,14
Toyota Boshoku Europe,14
Architekten BKSP Grabau Obermann Ronczka und Partner mbB,14
IKK Südwest,14
IKMS,14
NITEC-RIETHMÜLLER-GRUBE-IPC,14
Mitscherlich Patent-u. Rechtsanwälte,14
softfair Eulen,14
codemanufaktur,14
Ultrasonic runners - Luma Vision,14
onOffice Team,14
Uni Düsseldorf - Economics,14
JVA Koblenz,14
IBM CIC,14
Köln-West on fire,14
Assmann läuft,14
objectflor,14
Spendscape,14
IE2S,14
oraise,14
IFE GmbH,14
L21 BCG Team Running,14
Aucoteam,14
Motel One Runners,14
Hydro Uphusen,14
Knauer&,14
Rivagroup,14
Team Mabuchi,14
Wickey GmbH & Co. KG,14
Mercer,14
Team O&H,14
Krug Grossmann Architekten,14
CYTENA Running,14
Hermesläufer,14
John Cockerill UVK GmbH,14
Campus Service & Co.,14
Stadt Bad Brückenau,14
Stadt Bendorf/ Rhein,14
LHM Services GmbH,14
Stadt Endingen,14
SoftProject Digital Experts,14
Bahlsen Berlin,14
Namenlos grandios,14
BWI Nürnberg,14
Visionaer Augenheilkunde,14
BVT,14
Autohäuser Petschallies,14
Turner & Teamwork,14
Autohaus Fröhlich GmbH & Co.KG,14
Sonepar Deutschland / Region Süd,14
Herzblutbande,14
Bayer & Strobel Architekten,14
proLogistik Group,14
CHEFS CULINAR Nord GmbH & Co. KG,14
Wirtschaftsförderung,14
"Autobahn GmbH, AS Hannover",14
Rohde & Schwarz,14
Fraunhofer ITMP-IIP,14
Hive Technologies,14
Team Prinz,14
BauWerkPlan,14
Iveco Bayern,14
Quentic / AMCS,14
Baugesellschaft München-Land GmbH,14
Sopra Steria,14
Resuscitec GmbH,14
Milchbartpiraten,14
Team Hopmann,14
DAEM,14
The Sleep Runners,14
Lozzis auf die 1,14
Goldbeck Südwest GmbH,14
GREENFORCE,14
gefeba high voltage running team,14
Team ver.di,14
Die schnellen SCHUFA Runners,14
Team TiHo Hannover,14
ARGE SPT,14
Decathlon Bremen-Brinkum,14
STILL BAYERN,14
KRUPS,14
zeit:raum,14
Pro Projekte GmbH & Co. KG,14
Graf Hardenberg GmbH,14
RWS & DJE,14
SSBI Munich Running Team,14
abtis FitForce,14
EMPOWERING by INDUS,14
Lebensraum Marc Aurel GmbH,14
SRAM Riverside,14
Lebensretter,14
Team BVS,14
WIPIT,14
FRIEDR. ISCHEBECK GmbH,14
Schüber Metalltechnik,14
Runteam Koppetsch,14
Accenture,14
Securitas Aviation,14
MASFG,14
UNBOUND MEDIA GmbH,14
Securitas GmbH Sicherheitstechnik,14
jobvector,14
wvm Gruppe Köln,14
HBM,14
io,14
Thieme,14
PARK - Wirtschaftsstrafrecht,14
Kirchhoff Consult,14
Schmidtstallateur,14
Ei Electronics,14
Power Team,14
Grützenbach GmbH,14
dimedis,14
Verwaltungsgerichtsbarkeit,14
RETERRA,14
Lucanet AG,14
KSG-Hannover GmbH,14
Landkreis Märkisch-Oderland,14
Team DeutschlandCard,14
GRUB BRUGGER,14
Die VG-Turmfalken,14
Kalzip GmbH,14
edding - Permanent fit,14
Team Johnny,14
Dialyse-Hannover.de,14
Schwabinger Reha-Sport,14
ADS Runners 2025,14
SUSPA GmbH,14
MVZ Martinsried,14
MVZ Medizinisches Labor Bremen GmbH,14
RES Deutschland GmbH,14
Lead Discovery Center,14
RUN LIKE LAND-DATA GROUP,14
flex:pos,14
ADAC Südbaden,14
SOE Bremen,14
Samtgemeinde Selsingen,14
ECG - Hannover,14
engram - member of FINNOFLEET,14
FrieslandCampina Germany GmbH,14
#Teamtrinks,14
WeAreServier,14
Aebi-Schmidt,14
Gerst : Hils,14
XLETIX GmbH,14
GAUFF GmbH & Co. Engineering KG,14
Geschwister de Haye'sche Stiftung,14
Keller Bürsten,14
accompio GmbH,14
Polestar,14
ubiMaster,14
Drogenhilfe Köln,14
FitX,14
Dreisam - sozialmed. Pflegebetriebe,14
Team Stadibau,14
DHB,14
HTI Cordes & Graefe,14
Sellwerk München,14
Funkhaus Nürnberg Studiobetriebs-Gmb,14
die Laufräder,14
epilot Runners Squad,14
GBT Deutschland,14
Feuerläufer,14
#Dussmannschaft,14
#teamETECTURE,14
"Mandarin Oriental, Munich",14
ALTEN GmbH,14
euronova,14
Zero Carbon,14
Dr. Markus Spörl & Kollegen,14
DB Cargo FLS,14
#roadrunners,14
Team IKEA FREIBURG,14
HOSCH,14
LUBIS EDA,14
DR.SCHNELL,14
Polizei und Justiz K-Runner,14
ruser + partner,14
Raiba-Runners,14
GD Xperience GmbH,14
Latham & Watkins,14
Team SBP,13
Pflege am Limit,13
EBE sensors + motion,13
IKU_ Die Dialoggestalter,13
ILB,13
ALT+Kollegen Steuerberatung GmbH,13
MBN Berlin,13
JVA Dortmund,13
Eheim GmbH & Co. KG,13
ADELTA Finanz AG,13
bayernets GmbH,13
"Lauf, Patho, Lauf",13
VINOS,13
ADH,13
Borger Gruppe,13
IKEA Deutschland GmbH & Co. KG,13
TTK Running Team,13
EUROBAUSTOFF,13
Winterhalder,13
Zeller Engineering + Zeller Plastik,13
sic architekten gmbh,13
SCOPE,13
Elisabeth + Vinzenz,13
virtual7 GmbH,13
Q.ANT GmbH #greatteam,13
Genius Group,13
Bettina von Arnim IGS Otterberg,13
SCHUNCKIS,13
IC-L Ingenieur Consulting Langenh.,13
Geovision,13
Strahlentherapie,13
Team Köln,13
IBS Losheim,13
easyRunner,13
EMS Experts Managed Services GmbH,13
KREBS+KIEFER,13
camLine Runners,13
Spiggle & Theis Team 23,13
PST,13
M.O.S.S.,13
JOB Group,13
Bookwire,13
Bootshaus am Weserbogen,13
Rechtsanwaltskammer München,13
EEF,13
Beying Renz Leicht,13
AFRY,13
AFAG Messen,13
ECOVIS RTS StBG,13
Volksbank Lauterecken eG,13
Rhenus,13
Jürgen Grothe,13
Luther in motion,13
Petra Apotheke,13
BITMARCK,13
Feco,13
WDR mediagroup,13
Fairplay Towage Group,13
AviAlliance,13
BNP Paribas Factor,13
fleXstructures,13
Avaloq Sourcing (Europe) GmbH,13
BPR Ingenieure GmbH & Co. KG,13
Implenia,13
FUNK Gruppe GmbH,13
BRANDI Rechtsanwälte Hannover,13
Immobilien Wenk,13
ZOLL CMS GmbH,13
Leibniz-IVW,13
'Cell''s Angels',13
Linklaters,13
beta runners,13
B.Braun New Ventures GmbH,13
BSW,13
Fisalis AG,13
acromion GmbH,13
event it,13
BAB - Die Förderbank,13
Nickl & Partner Architekten,13
Franze,13
Versorgungswerk der Rechtsanwälte,13
Wayss & Freytag Ing.-Bau,13
Zähne zeigen und Strecke rocken,13
Team KNF - Pump It Up,13
The Remote Runners,13
Katholische Stiftung Haus St. Josef,13
evu zählwerk,13
Ingenieurgesellschaft Werny+Partner,13
SKOPOS,13
Leue & Nill,13
New Media AV,13
SODECIA,13
Stadt Völklingen,13
ZIEMANN GRUPPE,13
IMG,13
4Management,13
Bavaria Film Gruppe,13
GTK,13
Lautertal C+C,13
SUXXEED Sales for your Success GmbH,13
Stabilus - Team HAHN Gasfedern,13
721 Racers,13
"GVV Denzlingen, Vörstetten u. Reute",13
PRophet Trend Trackers,13
Energiequelle,13
PCS-the running people,13
Kupfer-Runners,13
Endress+Hauser SICK GmbH+Co.KG,13
PSD Bank Karlsruhe-Neustadt eG,13
pro-beam,13
pro medik Köln GmbH,13
Bereich F,13
IMI Bahr,13
Baustein,13
Baum Unternehmensgruppe,13
BUNG-PEB,13
Revo Hospitality Group,13
Autohaus Woltmann,13
fortiss,13
Team Seapoint,13
Team NRW.URBAN,13
Baker Tilly GmbH & Co. KG,13
FFT Group,13
FF Werderau,13
IT-Choice Software AG,13
TPG The Project Group,13
Evergy Engineering,13
Eurowings,13
Iperdi,13
Euroquarz GmbH,13
Basycon,13
Battery Runner,13
RNZ - Racer,13
Team Schiffer,13
Verbandsgemeindeverwaltung Asbach,13
TEAM-ICE,13
Sanitaer-Heizung Breuer Alsdorf,13
Catch us if you can,13
Landesamt für Sicherheit in der IT,13
Heiss Hydraulik + Pneumatik GmbH,13
LHR Rechtsanwälte,13
Heinz von Heiden GmbH Massivhäuser,13
Team Innoface,13
Ambulantes Rehazentrum Koblenz,13
Madeira,13
Smithers-Oasis Germany GmbH,13
Menschen mit Schluckstörungen e.V.,13
V-LINE EUROPE,13
Charles River Runner,13
Smallcases,13
Wolf & Partner GmbH,13
Das Laufen der Lämmer,13
Choice AG,13
Alvotech Hannover,13
Kleintierklinik Frank,13
kloeckner.i GmbH,13
LIMITD / DEPARTD / The Verse,13
ONE HY-LINE,13
mit KRAFT GEEST du schneller,13
Meihorst und Partner,13
Deka All Star Runners,13
OLB Roadrunners,13
Anna Kreye,13
CP Corporate Planning GmbH,13
Angela Große Kathöfer,13
Anforderungsfabrik,13
CRATOS GmbH,13
H2M Architekten,13
Andreas Oster Weinkellerei KG,13
Vibe Group Deutschland GmbH,13
CUREosity,13
KINAST Rechtsanwälte,13
Ypsilon,13
Wohlwert,13
REICHEL RENNT,13
Metropol Medical Center,13
Dentsu - Run for Good,13
Gib Gummi,13
HAZ Schwabing/Maxvorstadt,13
Careforce _ Medperion Run Köln 2025,13
Sitema-Klemmi,13
AltamarCAM,13
OneStepAhead,13
Hansa Industrie- Mixer,13
"Actineo, a Verisk business",13
Actylis,13
Team MEDIAN Grünheide,13
Adam Riese,13
Panasonic,13
Aktiv Reha,13
HVB RunClub,13
LUTZ : ABEL,13
Zimmermann-Brase + Partner,13
Marsh,13
Martin Braun Sporties,13
ServiceNow,13
Agentur für Arbeit Nürnberg,13
Hamilton Freiburg,13
Qair Deutschland,13
Seokratie GmbH,13
DATATEAM,13
LSE Space,13
DAHERgeflogen,13
Trenchie Runners,13
Acheliten,13
YUM! Germany,13
DIE GRÜNEN ENGEL,13
Kleine,13
Simmon + Simmons LLP,13
OPmobility Rastatt,13
Hauser Exkursionen,13
HMS,13
Coherent,13
LLR Rechtsanwälte,13
DSC Software AG,13
Security Runners,13
Treuenfels,13
Team LEDVANCE,13
Constructor University,13
Max-Planck-Institut für Physik,13
JustWatch,13
Hardie Power,13
Contigo,13
DIGITRONIC,13
HR/MM Fun Club,13
LOROP GmbH,13
Pari Laufteam,13
VOCANTO GmbH,13
CONNEX,13
much. running - so wow!,13
Golf House - Leidenschaft verbindet,13
Molkerei Ammerland,13
verbaneum GmbH,13
Domeyer,13
Schaebens,13
Digitas Cologne,13
Home & Co,13
WIBU-RACING TEAM,13
Bürstlein Gusstechnik GmbH,13
Group-IPS - Team Germany,13
Rockie Runners,13
igb,13
TEAM IBR,13
Schillerhainer geben Gas,13
imtargis GmbH,13
in-motion,13
mymediset,13
sporthopaedicum Berlin,13
Dominik Fischer,13
VBG- Verwaltungsberufsgenossenschaft,13
KMLS - Mit uns läuft's!,13
Bundesbau Baden-Württemberg - BL,13
ZAG,13
Tageklinik konservative Orthopädie,13
Breuninger Nürnberg,13
AMARITA Hohen Neuendorf,13
Du läufst hinter - Willenbrock,13
Voka,13
Hutzler Ingenieure,13
Larbig & Mortag Immobilien,13
iC Consult,13
Sauter Cumulus NL149 Runner,13
Aspria,13
Dr. Schmitt & Kollegen PartGmbB,13
Team ZGZ,13
Praxis H4 Seelze,13
Team ZO,13
LBBW,13
MEKRA Lang,13
Die Zukunft ist elektrisch,13
Freiberger Lebensmittel GmbH,13
TEAM EVERBRENT,13
Team GRUMA,13
Mirion Medical GmbH,13
Keep-Smiling,13
Die Rennschnecken,13
Hochwald Mechernich,13
StudySmarter,13
H.-H. Focke,13
Gymfinity International,13
Schlütersche Mediengruppe,13
Die Marienkäfer,13
MM C.P Schmidt,13
Velamed GmbH,13
Schroff GmbH,13
Raven51 AG,12
Actief,12
Wellster Healthtech,12
Achsenläufer,12
#TeamFeyElektronik,12
adapton,12
Strate Running Team,12
Internet Up,12
OMP DE Running Team,12
teckpro AG,12
ASTOC,12
KfW Runners,12
Arup Deutschland GmbH,12
ANSON’S K-217,12
Racing Randi,12
ANKR,12
Patent Runners,12
Jobvalley,12
TGS BBZ Saarlouis,12
Aioi Nissay Dowa,12
Regler Systems GmbH,12
ACV,12
Systec & Solutions,12
Niesmann+Bischoff,12
Astellas,12
Klein und Partner,12
ahu-Runners,12
Anton Paar ProveTec am Start,12
B8 läuft,12
THOSTies,12
stp.one Nürnberg,12
KNAUER Peak Performers,12
B2-Run München - Dräger AG,12
RSB,12
AneCom Runners,12
Oktoberfest-Booking.com,12
AdjuCor,12
REWE DEIN TEAM,12
Toll4Europe,12
"3B - Begleiten, Bilden, Begegnen",12
Nokia,12
Team FPS,12
KRONGAARD GmbH,12
The Sump Runners,12
Kita Trippstadt,12
Iqul GmbH,12
KLEUSBERG-RUNNER,12
Augenzentrum Dortmund,12
KF Unternehmensgruppe,12
TPSH Group,12
Josef Reding Schule,12
TWG Dillingen,12
AVIENT,12
AXA Bewegt,12
RKH,12
ONE GASTIVO,12
ARNOLD RUESS,12
Notare Dr. Engel & Dr. Hain,12
KSB,12
Amcor Teningen,12
WDT/VLO on Tour,12
JOHANN BUNTE Bauunternehmung,12
Wahl Group,12
OBE,12
AG für Steinindustrie,12
Ardagh Glass GmbH,12
adeor medical,12
Nomos,12
OTIS Aufzüge - made to move you,12
asgoodasnew Running Crew,12
Kiesrunners,12
KD Team,12
Oui,12
PROMATIS,12
Architekten Naujack Rind Hof,12
aktiva,12
Almex,12
RDS,12
Weber Läuft bei uns,12
W-S,12
Knuspr.de,12
Joimax GmbH,12
AGRANO,12
ATR by LOWA,12
Studierendenwerk Freiburg,12
ctrl QS,12
Peopleware,12
Deka Immobilien Investment GmbH,12
inventOnTheRun,12
SchuWa,12
Die Creluxe,12
HAHN Automation,12
ista - einfach smart,12
Der MeKo Lauftreff,12
HDP GmbH,12
S-Direkt,12
Victor's Group,12
Decathlon Saarlouis,12
Maerteam,12
HERTIN,12
Yas,12
Team Allos,12
Team secat,12
Guided Runners,12
Man at Work,12
Domicil Real Estate Group,12
Verbandsgemeinde Montabaur,12
Verbandsgemeinde Bad Ems - Nassau,12
Praxis Küppers / Lymperopoulos,12
Gleistein GmbH,12
iAMB olé,12
Scandic München Macherei,12
SAUTER - Nuernberg,12
infinitassen,12
Gras - Team,12
Team corvo,12
MHK St.Josef Kohlhof,12
dpd Deutschland,12
Die Weichensteller,12
SAG-Gruppe,12
DSG,12
YIELCO Investments AG,12
Code & Curry,12
deister electronic GmbH,12
Mathieu & Kollegen Steuerberatung,12
Creonic,12
Maucher Jenkins,12
Qintus Ingenieurhaus,12
Hanns-Seidel-Stiftung Runner's,12
Convista/FaktorZehn,12
ContiTech,12
DACHSER Koblenz,12
Harryaner*innen,12
Hartz Regehr,12
Signode,12
Connexity Europe GmbH,12
Sika Manufacturing Deutschland GmbH,12
LK Metall,12
Handball Campus München,12
Team Kanzlei Schulze-Borges,12
laufend prüfen,12
HVNB,12
LW·P Lüders Warneboldt,12
DIANA,12
Marina Pott,12
Viking Technical GmbH,12
HTM Group,12
DGBB & Friends,12
DEME,12
DASMASSIVHAUS,12
Team AVIA,12
Haag Ingenieure,12
Seniorenzentrum Elisabeth-Haus,12
Team Endriss,12
RCM Technologies,12
DATA MODUL AG,12
MD Saarland,12
EBF-EDV Beratung Föllmer GmbH,12
ECG,12
FIDAIX²,12
Familienkasse Direktion,12
Falkenbande,12
Lindopharm GmbH,12
Leidel & Kracht,12
FREYLER Menschen bauen für Menschen,12
FLEXiCODE,12
FALKianer,12
finanzen.net GmbH,12
Examion,12
Etkon GmbH Sonja Greher,12
GRM - Gelbe Renn Mäuse,12
gevas humberg & partner,12
LayTrackies,12
Erdinger,12
Fast and ImFused,12
finAPI,12
Saint-Gobain Rigips GmbH,12
Frühauf Genuss läuft...,12
Fraunhofer EMI,12
Frauen Laufen Schwaig,12
evidia GmbH,12
SMP Ingenieure,12
Trolli - Let the fun win.,12
Lettl Tank,12
SODA GROUP,12
Leifheit-Campus Running Club,12
Liberta Lions,12
Project GmbH,12
Fire Protection Solutions,12
Finbridge,12
falcon® runners,12
Finanzamt Köln-Altstadt,12
GSP Architekten,12
GTU Mobility - Gemeinsam Stark,12
Zebra DACH,12
Päd. AG Raber,12
heat it® Heissläufer,12
Pyrolyse? Läuft!,12
Gemeinde Nörvenich,12
Saarfinanz,12
henke rapolder frühe,12
ENERKO,12
Gemeinde Umkirch,12
Lauftreff CDU Saar,12
Gemeinschaftspraxis Apollonia,12
MAERZ Muenchen,12
EMERSON,12
Presto Gruppe,12
GeoExperts,12
SCHUFA Holding AG,12
SECOMP,12
SYZYGY Performance,12
Eckerle,12
EcoRunner,12
SEGHORN ALLSTARS,12
TÜV Rheinland Läufer,12
Ein Team ein Ziel,12
happybrush,12
gutefrage.net,12
Elmer Köln,12
Team Uebler,12
SWB,12
SVG Baden,12
Laufteam Ronge,12
Engel & Völkers - Region West,12
SGD Süd,12
GVWE Runners,12
dean&david healthy food club,12
Materna München Runners,12
medat Flitzer,12
porta Berlin,12
Berufskolleg an der Lindenstraße,12
Sportscheck Hannover Mitte,12
MünchenTicket,12
IHK Nürnberg,12
TransRegio,12
Bildungsverein Hannover,12
Birki Runners,12
Philips MUC,12
Tettau-Entschieden-für-Erneuerbare,12
R.u.N - Rheuma und Niere,12
Booster Schwanewede,12
Hörl+Hartmann,12
Brauerei Lemke Berlin,12
Risk Runners 2025,12
Moser,12
comNET Runners,12
Bullerbü,12
comtec GmbH,12
Hotel Christine,12
Qwist,12
Hot PEPPER Runners,12
Bundesverwaltungsamt,12
nbw/nobis Laufteam,12
Hornetz,12
Bäckerei Bost,12
Holzbau Kappler,12
CAPTRON Electronic GmbH,12
Kyndryl Munich,12
Team Nord,12
CBS University of Applied Sciences,12
Bayernwerk,12
Steinhart GmbH Gala-Bau,12
Perlen Packaging,12
BEO,12
Ingentis Softwareenticklung,12
Kraftanlagen Energies & Services SE,12
Krankenhaus Martha Maria,12
InfoFabrik GmbH,12
Topsonic,12
BLAUM,12
BLG LOGISTICS,12
Nemko,12
Implenia Civil Engineering,12
BPatG,12
borchers fine food GmbH & Co. KG,12
BTPar,12
The Gap Partnership,12
ITS Ingenieur-Technik Scholz GmbH,12
ITA Hannover,12
Baldus Medizintechnik Gruppe,12
ISD Software & Systeme GmbH,12
The FUn GROup Runners,12
NTT DATA,12
bulwiengesa Runners,12
RAPID PEAKS,12
Baugrund Süd,12
promeos,12
INTARIA,12
Space Runners,12
Keep Veiting,12
CSB-System SE,12
VR Coaster - 404 Speed Not Found,12
meta Running Team,12
LIKE,12
Melzer Maschinenbau GmbH,12
mgm,12
Team Q-FOX(R),12
COMRAMO AG,12
Sonnenwinzer,12
Tchibo Beans 2024,12
CQSE GmbH,12
VR Payment GmbH,12
Wohnheim Stuhr,12
Picanova GmbH,12
HfK Bremen,12
Caterpillar Financial Services GmbH,12
Telegärtner,12
Team Prosegur Nürnberg,12
COWI A/S,12
COVIS,12
Michael Bauer Research GmbH,12
Metsonites,12
Wolff & Müller Government Services,12
Physiotherapie Merzig PM GYM,12
CEVA Logistics,12
Café Konditorei KRUMMEL,12
Hoffrogge GmbH,12
SozialBank AG,12
CVS Ingenieurgesellschaft mbH,12
CLO-VERS,12
Mesa Parts,12
HiltonMunichCity,12
Team Huissel,12
Midosuke Fun Runners,12
Head-On Studiolution,12
Team Justiz,11
Kröners Laufadel,11
Louis Opländer GmbH,11
Kursana Domizil Dachau,11
OMS Prüfservice,11
LotlRunners,11
White & Case,11
Wenzel+Wenzel,11
ONCARE,11
NTT,11
Materialise GmbH,11
PDSVISION GmbH,11
PG läuft,11
WÖRNLEIN,11
LHP TAX GmbH,11
Peter Gross Infrastruktur GmbH & Co.,11
Medifit,11
PORR Spezialtiefbau GmbH,11
OSCAR,11
Next Level Runners,11
Konditorei Baumann,11
LenioBio GmbH,11
Meierhofer AG,11
Pilny & Kollegen GbR,11
Newline Europe Versicherung AG,11
Neue Wege - Klare Pläne,11
Kramp Fußorthopädie GmbH,11
Logwin HAJ,11
PROCAM,11
LNVG Runners,11
Natural Elements,11
Maul + Partner,11
Zalaris,11
WISAG Technik-Torpedos,11
ProKASRO,11
Logistikbude,11
Logwin,11
REYHER,11
PB-Team Weiterstadt,11
MVZ Noris-Psychotherapie,11
"Weil, Gotshal & Manges LLP",11
Kinderlebensträume e.V.,11
Woodmark,11
Team GB,11
TÜV Rheinland,11
Osterholzer Stadtwerke,11
Moselaner.de,11
Wir stehen für Frauengesundheit!,11
MEC METRO-ECE Centermanagement GmbH,11
Team Eisbär,11
Praxis Hanik,11
U2D Runners,11
Team Herzraser,11
MEWA Textil-Service - Groß Kienitz,11
Molliné,11
Luther,11
Weckbecker &Schoska Stb GmbH,11
Welding Team Running 2025,11
Lambrecht,11
ZAE AntriebsSysteme,11
Parlasca,11
WINTER Ingenieure,11
Weiß Beratende Ingenieure,11
Wechselpilot,11
Team Heuser,11
Team Dortmund,11
You never nerd alone,11
OneSportGroup,11
Praxis Schall,11
Motec GmbH,11
Wir sind WIEGEL Neuwied!,11
Team FAW,11
Zoetis,11
NAYOKI PERFORMANCE,11
Pflege zu Hause Küffel GmbH,11
Lück Schrauben GmbH,11
MTR Markgräfler Treuhand & Revision,11
X-CELL,11
Mücher,11
QUADRILOG Beratergruppe,11
Miebach-Runners,11
PACE Telematics GmbH,11
ZAR Cannstatt,11
Novotel Freiburg am Konzerthaus,11
M2 fast to handle,11
Patentanwälte Bauer Vorberg Kayser,11
RADIO SALÜ,11
Moxa Europe,11
Laufende Granaten,11
Movingdots GmbH by Powerfleet,11
PSvdL Energy Runners,11
Kühne + Nagel (AG & Co.) KG,11
Weber-Ing.s,11
Movie Park Germany GmbH,11
Wir laufen selbst!,11
MATTER & LØUT,11
Klaus Heuser GmbH,11
R&P,11
PREMEX GmbH,11
ivoflow,11
StreckMackSchwedhelm,11
SOZELIO Rechtsanwälte,11
Finanzflitzer,11
Studierendenwerk Kaiserslautern,11
Flinke Früchtchen,11
Frimatec Running Team,11
Apaleo,11
GA-tec Gebäude- und Anlagentechnik G,11
Ants & Friends,11
GGS Hauptstraße,11
GJL+ Freie Architekten,11
GLADE MICHEL WIRTZ,11
GO IN GmbH,11
GOF Runners,11
Amperläufer,11
GSG Waldkirch,11
GVG,11
Amgen Research (Munich) GmbH,11
SG Köln,11
Theraphysia,11
Garzer Erdjuwelen,11
ebp-Runners,11
Arthen Kommunikation,11
SPIE SAG GmbH,11
Alpha IC Runners,11
Asmus Kamchen Koch Wermke PartG mbB,11
SWW München,11
Eisbär-Apotheke,11
Emons,11
Energie-Pensions-Management GmbH,11
Energy-Team,11
schalk&friends,11
gmp Architekten,11
gicom AG #joyspeed,11
Engels Ingenieure GmbH,11
Epson Europe Electronics GmbH,11
gesund.de,11
Essendi - Places that thrive,11
gemeinsam-gesünder,11
schneideranwälte,11
Etengo AG,11
F.X. Rauch,11
shl Runners,11
FLUKE Deutschland GmbH,11
FMS - Nürnberg,11
SR-Fit-Team,11
simus systems,11
VetSpezial,11
Gentner Lauf-Team,11
EVN,11
tyntec,11
Running Bulls,11
Vincent Express,11
Hannover Leasing,11
Advant Beiten,11
Harmonie Dentalisten,11
Hauck Aufhäuser Lampe,11
Haus der Zahnärzte,11
Aachener Werkstätten & Service GmbH,11
Aachener Grundvermögen,11
Heitz Team,11
d-kn GmbH,11
Team Prodinger,11
Hexagon,11
ASS 3,11
TULIPS,11
ASG Dillingen,11
ARKTIS,11
concile GmbH,11
Robert Müller GmbH,11
Vogel & Plötscher,11
Team Parey,11
Agentur Plietsch,11
HWS Steuern Prüfung Recht,11
Gerber Bau,11
HT-Service GmbH,11
Gesundheitszentrum Merdingen,11
SCHERER STEUERBERATUNG,11
Almato,11
Glasfaserläufer,11
SCG Germany,11
thjnk I loved I CAMP,11
SAZ Services GmbH,11
Google Running Club,11
Green Hygiene,11
GuD Geotechnik und Dynamik Consult,11
S. Fischer Verlage,11
H&R Gruppe,11
HANKO Kraftfahrzeughandel GmbH,11
HATHO,11
Team CarGarantie,11
Vidispine,11
HKCF,11
Running simulations,11
HMLU Roadrunners,11
HPC AG,11
Akotherm,11
Verkehrsverbund Großraum Nürnberg,11
ETL Treuhand,11
Höhler Run4Fun,11
Chubbies,11
Clarins,11
Simovative,11
CodeWrights Laufteam,11
Columbia Threadneedle Alternatives,11
ConBotics,11
Berk + Partner,11
Continental AG,11
StBV NRW,11
Coupa Deutschland,11
machtfit,11
Sharp NEC Displays,11
Creditreform,11
Sernetz Schäfer,11
D+E GmbH,11
DB Regio Bus Mitte,11
lead alliance & friends,11
Bauer+Kirch,11
DHL CRE Germany & Alps-Team München,11
Bau Eins Architekten BDA,11
Stadler + Schaaf,11
DMC Europe,11
medi terra,11
VR Voice,11
Band- und Feinstahl Service GmbH,11
mehrpunkt,11
BuddyStar GmbH,11
Sparkasse Merzig-Wadern,11
Bonnenberg & Drescher GmbH,11
Bundesrat,11
Burckhardt Architektur,11
Bürgschaftsbank NRW GmbH,11
onsemi,11
Sparda Bank Südwest,11
CADFEM Germany,11
Sportbund Rheinland,11
CHECK24 Dortmund,11
CMS,11
CRA Running Team,11
Calderys,11
The Blue Way,11
Caritas Bremen-Nord,11
"BetterDoc, better run!",11
Socotec Building Solutions GmbH,11
Center Parcs,11
Betten & Resch,11
TechniData IT AG,11
Seitz Heimtiernahrung,11
DRK Landesverband,11
VDV Köln,11
Schindler-Sprinter,11
Die kreativen Holzwürmer,11
DieProduktMacher,11
Dr. Hönle AG,11
Dr. Stallmeyer GmbH,11
BGHW,11
VG Loreley,11
Stefan Hutterer,11
running Merkurs,11
DÜSING,11
Sanitätshaus Pfänder,11
E2open GmbH,11
hoffmann.com,11
EBRC GmbH,11
Steinway & Sons,11
highQ Runners,11
EIZO GmbH,11
ELIN GmbH,11
ENGIE Energy Access,11
ENTRAK,11
s.a.x. Software GmbH,11
Team Vedder,11
Team empower,11
Die RonzTigers,11
DSD HILGERS Stahlbau GmbH,11
Die Nucleaner,11
DSM Firmenich,11
Valtech Mobility,11
Sealpac GmbH,11
Schüßler-Plan,11
komm.passion,11
DachdeckerDeinBeruf,11
Team voiio,11
Stadt Sehnde,11
DeWAG Wohnen,11
Dedalus Labor,11
Dekra München,11
BSG KV RLP,11
reha team Bremen,11
Deutsche Rentenversicherung BYS,11
Deutsches Taubblindenwerk,11
Schulz,11
Diasorin Deutschland GmbH,11
Schule am Donnersberg,11
Schulbegleiter-Service,11
BLS Bremer Logistic Service GmbH,11
Die Durchstarter,11
Huhtamaki Foodservice Germany,11
Speed Boys,11
4Soft GmbH,11
Immobilien Mohler,11
IP Continental,11
analyze & realize GmbH,11
ALBA BERLIN,11
antares-apotheken oHG,11
anybill,11
INTER CONTROL,11
RS Components GmbH,11
RheinHunsrück Wasser,11
IMAP GmbH,11
ACI Heroes,11
Rehlein renn!,11
Team On Fire,11
Team PABF / NKG,11
Joh. Gottfr. Schütte GmbH & Co. KG,11
ACCUMULATA,11
Uniper - wir liefern Spitzenleistung,11
archis,11
IHK Köln,11
Rhenser Mineralbrunnen,11
AMEX Global Business Travel,11
WAGENSONNER,11
IPH gGmbH,11
KSE Energie GmbH,11
IRIS Analytics GmbH,11
akenzo,11
Team Luther München,11
Team N &W,11
KKN,11
ADS,11
IdealerB2run,11
KLIEMT.Arbeitsrecht,11
WBA Aachener Werkzeugbau Akademie,11
Indeed Deutschland GmbH,11
KC Risk AG,11
AGL,11
AGSOTEC,11
KBBZ Dillingen,11
KATTAU + PARTNER,11
ISD4run,11
we.CONECT Global Runners,11
KADE läuft,11
KNOLLtastics,11
RTI Group,11
Jobcenter Landkreis Neuwied,11
bito AG,11
TIGGES Rechtsanwälte,11
RegioRunners,11
TOPAS,11
activelaw,11
IBA,11
1KOMMA5° München,11
Kazenmaier Leasing,11
W2K,11
Ratiodata,11
TLT Turbo Team,11
Vössing,11
ABRE Steuerberater,11
Internistische Praxis Rhein-Lahn,11
arvato SE,11
TSG-Runners,11
club L94,11
Dermagnostix,10
Reaktor-Renner,10
Delheid Soiron Hammer Rechtsanwälte,10
YouGov,10
Klein & Gebhardt GmbH,10
Saaten-Union GmbH,10
Jugendberatung Freiburg,10
Verbundschule Lebach,10
BPB GmbH,10
1&1 Versatel Deutschland GmbH,10
Jürgen Klose Industrietechnik KG,10
Safety for the all electric society,10
Dialyse am Ev. Stift Koblenz,10
Deutsche Private Equity,10
L & D,10
Team Arvena Hotels,10
Stadtwerke Emmendingen,10
K&L Gates,10
Deutscher Chorverband,10
Kehrbaum Architekten,10
Deutsche Benkert GmbH,10
Dres. Baresel,10
KBP Ingenieure GmbH,10
DUplus Architekten,10
kommIT,10
Löwen-Apotheke & Europa-Apotheke,10
Edwards Lifesciences Services GmbH,10
DSD Steel Runners,10
Securitas,10
Malteser Hilfsdienst,10
Team VERBI,10
JCI,10
ETL concept GmbH,10
Bakic Group Runners,10
DUSS-O Runners,10
Malerfachbetrieb Otmar Klein GmbH,10
Nippon Gases,10
Dastex Group GmbH,10
Stadt Emmendingen,10
YUNEX TRAFFIC,10
KDS,10
Team Jazz Germany,10
Kiwa BCS,10
BX,10
BVVG Landläufer,10
Team visioncheckout,10
MA Automotive,10
Stadt Rheinstetten,10
Rahnschule,10
Die B.Ä.U.M.E,10
BST Lauftreff,10
082 to go,10
MSW Ingenieurgesellschaft mbH,10
PK Projekt-Kompakt Engineers,10
Verbandsgemeinde Wirges,10
VEMAner,10
hph Halmburger & Kampf,10
BHG. BROICHCATERING,10
BHB Unternehmensgruppe,10
MISSION.ING,10
BGW,10
MID Runners,10
iglo Crew,10
WILMA - Wir bauen laufend für euch!,10
Praglowski Architekten,10
BELTIOS,10
Diete + Siepmann,10
Tridelta Magnetic's,10
VG Otterbach-Otterberg,10
ifaktor GmbH,10
BERNARD Gruppe,10
METTLER TOLEDO,10
ifV,10
Dr. Beck & Partner GbR,10
Dr. Becker,10
Scaling Spaces,10
Dr. Kübler GmbH,10
Dr. Schmidt-Pich & Kollegen MVZ GmbH,10
Savills Köln,10
arconsis,10
Veltec,10
imbus,10
Schillerläufer,10
BEB's Energie,10
Die Pflege-Raketen,10
VG Ransbach-Baumbach,10
EDEKA Minden-Hannover x B2Run,10
Stadtwerke Neuwied GmbH,10
Team on-wert,10
Die Gastgeber,10
Die Gastgeber Personalsupport GmbH,10
BITKOM,10
School Runnings,10
BCE-Rakete,10
Die Idanasen,10
Die Nervensägen,10
Jones Day,10
Praxisklinik Dr. Lamest & Kollegen,10
MKT Rettungsdienst,10
Jonasson,10
Schmidbauer #bestesteam,10
Periskop Runners,10
Die Selbstläufer-Unsponsored & lame,10
aplicado,10
Die Wäsche Finisher,10
MBNer 1,10
Power Workers,10
PINOVA Capital,10
Team Dental,10
Schillerschule Unna-Massen,10
Stein & Bayer - Mit Krücken ins Ziel,10
inTime,10
Kühne GmbH,10
Uhde Hagen high speed runner,10
CONSILIO Runners,10
#ISEC7GROUP,10
Tektoplan,10
Sonnenhof Atrium,10
Sonnenläufer,10
CRC Raketen,10
Karl-Olga-Krankenhaus,10
Sonyrunnungteam,10
moreRunners,10
Physiotherapie Oberneuland,10
Sportissimo,10
MindDoc,10
Sorst Streckmetall GmbH,10
CISPA,10
Birchies,10
Bildungscampus Koblenz,10
pbs - Running Team,10
acatech,10
Sofitel Running Stars,10
pink macht flink,10
REVI RUN,10
Merian-Schule Freiburg,10
Cencora,10
Techniker Krankenkasse,10
RMS,10
PORR,10
VGV Zell (Mosel),10
pilot Hamburg,10
RH DT GmbH & Strahleninstitut Köln,10
TauRes,10
Car on Sale,10
picturemaxx AG,10
Tutao GmbH,10
Sportec Solutions,10
WirtschaftsTreuhand GmbH,10
Slalom Deutschland,10
neuroloop,10
addfame,10
nuwacom,10
Bundesimmobilien,10
Keine Gnade für die Wade,10
Builtech Runners,10
Physio Violia,10
Brain Products,10
PPR & PARTNER,10
Bucher KG,10
Sparkasse Staufen-Breisach,10
Breitenbach und Zimmermann StbgmbH,10
Sparwasser & Schmidt,10
WSK - Friends,10
Speexx,10
Bonava Deutschland GmbH,10
Sporbeck Crew,10
CGM Team Hannover,10
RILIT Coatings GmbH,10
Munich Surgical Imaging GmbH,10
VJP,10
KernFit,10
CANCOM,10
Sport1 GmbH,10
Kerberos Compliance,10
Kaspar X,10
Byte Beschleuniger,10
Ter Meer Steinmeister & Partner,10
Tierheim Nürnberg,10
octonomy AI,10
Modell Aachen läuft,10
Sparkasse Baden-Baden Gaggenau,10
Bäcker Lay,10
Smart City System,10
NBG975,10
DRK Runner Merzig-Wadern,10
DB Schenker Südwest Air / Ocean,10
lemon.markets,10
Bavaria Entertainment,10
DEEP.KBB,10
Bavaria Schweisstechnik,10
BayBG,10
Unfallkasse NRW,10
likeyaa,10
DENIC eG,10
WITTE PUMPS & TECHNOLOGY GmbH,10
Würth Logistics,10
KMS Bauüberwachung GmbH,10
PLAN4 Crew,10
link protect,10
läuft bei uns,10
REMONDIS RACERS,10
Team Langnese Honig,10
KSB INTAX,10
DIE SCHMITTIS LAUFEN,10
Validas Running Team,10
aik Powerteam,10
Team Akazienhof,10
DOMS Rohrleitungsbau GmbH,10
Bankhaus DONNER & REUSCHEL,10
KKS,10
Egon läuft,10
DERZAHN,10
DIARECT GmbH,10
Pohlmann Hofmann,10
KMH,10
DGI Bauwerk und léonwohlhage,10
Bauer Beton Nürnberg Niederlassung der bbL Beton GmbH,10
DEVK Runners,10
KONZEPTUM,10
Corporate Connect GmbH,10
Kanzlei Dr. Theml,10
SimpleRunners,10
Cloth Kreativbureau,10
ClimateWagen Team,10
Clemens-Maria-Kinderheim,10
Simon Hegele Healthcare Solutions,10
Clayton-Runners,10
medermis clinics,10
TRUSTEQ Running Crew,10
NEUES BERLIN Runners,10
Civey,10
Cisco Hamburg,10
Circle K Deutschland,10
KiTa Kerzrumer Eidechseneschd,10
Wolter GmbH Maschinen und App. KG,10
#NRINGRunner,10
VR-Bank in Mittelbaden eG,10
KWA Stift Urbana,10
CorTec,10
Beratercentrum,10
manitz : finsterwald,10
Consultix,10
Siemer + Partner,10
Consentec,10
Conradi + Kaiser GmbH,10
Connox,10
Pinck Ingenieure Consulting,10
Woodward L'Orange,10
MdynamiX AG,10
KUNZ GmbH,10
Comtesse-Lorenz-Kling,10
Comet Running,10
Comarch AG,10
PM & Partner GmbH,10
NTT DATA Business Solutions AG,10
BAdW,10
fit4imbus,10
Run4invenio,10
Run4Löschmann,10
Rheinland- Runners,10
Lebenshilfe München,10
Quadriga Media Berlin GmbH,10
OMS,10
Verwaltungsgericht Koblenz,10
Turner & Townsend,10
Run4Wohnglück,10
GOLDBECK Team Karlsruhe,10
Provinzial Schutzengel-Team,10
GOLDBECK West GmbH NL Dortmund,10
eliso,10
eleva GmbH,10
ADAC Südbayern,10
Amtsgericht Wedding,10
SGS-TÜV Saar,10
GSK Stockmann,10
GTS All Stars,10
Advyce & Company,10
VAFO.de,10
Immo Hauf,10
temicon,10
Kreisverwaltung Cochem-Zell,10
Game Squad 2025,10
WEIHERFRÖSCHE,10
RunLogicalisRun,10
Team H - Hauptsache durch,10
Industriehof Scherenbostel,10
LMS,10
SHP Ingenieure,10
Flying Photons,10
Focke-Museum,10
Aramark Dortmund,10
Particle Metrix GmbH,10
Hearts & Science,10
evolutiq sprinting unicorns,10
AURICON-Runners,10
Fraunhofer IAF,10
eurobahn,10
Zahnärzte Reinstädtler & Hektor,10
AVL DITEST GmbH,10
HINTE Group,10
The Ämt Freiburg,10
ADAC e.V.,10
ICA Group,10
Absolute Run Bremen,10
ADAMA,10
Theobald + Partner Ingenieure,10
Tafel Deutschland & Tafel-Akademie,10
Haus und Garten Service M. Fuß,10
GEMA,10
tOPP Team,10
OMICRON electronics,10
AndraTec,10
Infinigate,10
KÖ3-Runners,10
Pace Warriors,10
Pachmayr Getränkegroßhandel,10
Landschaftsagentur Plus GmbH,10
Great Place to Work - we move,10
QITS GmbH,10
Green Runners,10
SAS X LUND X LEX,10
Swedish Orphan Biovitrum GmbH,10
HT Nürnberg,10
VollCorner,10
HRM Hausverwaltung GmbH,10
doTERRA,10
Kugler Feinkost GmbH,10
HALLESCHE Krankenversicherung a.G.,10
Kur + Reha GmbH,10
HONORIS Treuhand,10
HCA Team,10
HONEY SQUAD,10
HMNC Brain Health,10
HENNIG INGENIEURE GMBH,10
Algeco Nord - die Containerhelden,10
IONCOR GmbH,10
HFC,10
Tholles Team,10
Labor Dr. Volkmann,10
TEArunner´s,10
Aktive Ladies,10
Zeppeliner Grafen,10
die Groupis,10
GrasslBande,10
Gemeinde Ensdorf,10
Gottschall& Sohn KG and friends,10
RunneRS,10
verturis,10
Affinidi Runners,10
ONPG,10
Gemeinde Rehlingen-Siersburg,10
IKJF,10
Gemeinde Schwalbach,10
Gemeinde Tholey,10
Gemeinsame Prüfungseinrichtungen BW,10
Waste Warriors,10
Alpine Metal Tech Germany GmbH,10
IT-Labs GmbH,10
AGRAVIS Raiffeisen AG,10
SCHMIDHUBER,10
Alpenpark Neuss,10
SCHAEFFLER,10
Hahn Helten Architektur,10
the architects,10
Hagergroup,10
Oerlikon Friction Systems,10
ISKAM,10
Globetrotter,10
Glycothera Development GmbH,10
ISD Immobilien Service Deutschland,10
Turboschnecken,10
Flitzefüße,10
Team Special Olympics,10
Flagbit,10
The Snuggies!!!,10
A1-Läufer,10
UNITY Innovation Alliance Hamburg,10
AAW e.V,10
R+V Team,10
Autohaus Michael Müller,10
STOROpack,10
Autohaus Friedrich Sütterlin GmbH,10
Autohaus Brandt läuft bei uns,10
Evenord-Bank eG-KG,10
Experteer GmbH,10
Waldbaumläufer,10
Stockert Laufteam,10
Rodday Family,10
STARFACE Group - A Gamma company,10
FC-Planung Freiburg,10
Fitness Gym freiburg,10
TEAM ELEKTRO DECKER,10
FDH,10
IBM CIC Germany Team Frankfurt,10
FETTWEIS Rechtsanwälte,10
Auf einer Seite!,10
ABZ-ZR Fit for Factoring,10
LoadRunners,10
SRP GmbH StBG,10
SRH BTZ München,10
Erben-Ermittlung Emrich,10
Eni Deutschland,10
sikos GmbH,10
Horváth,10
Recom - Arrow - JST,10
4Tree Capital,10
Nold & Zimmermann,10
PTA GmbH,10
Orthopädie Freiburg Mitte,10
B&O #teamNRW,10
Orthomed,10
LA Runners,10
hagergroup Stuttgart,10
HypZert Runners,10
Hubert Winnen GmbH & Co. KG,10
Elly & Stoffl,10
Eltec,10
Team Kohlhauer,10
Emmerich-Smola-Musikschule,10
Iskander Business Partner,10
IB-Running & Fainting,10
Ridder GmbH,10
Hotel Vier Jahreszeiten Kempinski,10
Orizon GmbH - Unit Aviation,10
Vössing München,10
Ludwig-Erhard-Schule BBS Wirtschaft,10
Team Fritsch,10
Hotel Ludinmühle,10
cimt,10
Tubulis GmbH,10
Synpulsians,10
Konditionsgruppe Bauen,10
ProService Versicherungsmakler GmbH,10
whp,10
Arconic Hannover,10
softgate,10
solares bauen,10
carento GmbH,10
ASV Bremen,10
SPECS,10
Finanzamt Brühl,10
best4bps GmbH & Co. KG,10
FiberBridge Photonics,10
Kölner Pensionskasse,10
Littler Germany,10
Lieske&Partner,10
ATMOS MedizinTechnik,10
VBG,10
Herbert Heldt,10
Relaxed Runners,10
Heinzsoft,10
SPIE Lück GmbH,10
Team BVV,10
FRIZ,10
Team DZ BANK,10
FOKUS Sprachen & Seminare GmbH,10
FPS,10
Team Funk,10
Team Steigenberger,10
Fit For[ce] Fun,10
Konstandin GmbH,10
IBM Client Innovation Center,10
formverliebt markenkommunikation,10
SPP Architekten+Ingenieure,10
Visa Munich,10
First Climate,10
Heinlewischer Architekten,10
AST Perfect Flow,10
IBS Filtran,10
Wealthcap GmbH,9
Syring,9
AUCOTEC AG,9
Bosch ST,9
Breitling Runner Squad,9
#OneXylem,9
Octapharma Plasma,9
Therapie mit Konzept,9
TB Markert,9
Brauerei im Füchschen,9
Sprinters in Neuromonitoring,9
ATOS Orthoparc Runners,9
Orrick's Exhibit A-thletes,9
triSTARS,9
ANCHOR Diagnostics,9
Obermeyer Infrastruktur,9
AMICALE Running Berlin,9
Biss ins Ziel,9
Pflegezentrum Landwasser,9
Transdev GmbH,9
TraXall,9
Blink Team,9
Open Mind Technologies AG,9
Team Gielissen,9
AMTRA Mobilraum,9
Better-Team,9
AMSilk,9
Bombardier Berlin Running Team,9
TEAM GOLDENER ENGEL IHRINGEN,9
ASTRUM IT GmbH,9
ARKU Running Team,9
Up Fit Creek,9
Betonwerk Carl Plötner GmbH,9
pb Associates,9
Bestseller,9
Textron eAviation,9
Team GKBP-Köln,9
TEAM K. Rogge Spezialisten,9
TWS Partners AG,9
Bertsch Innovation GmbH,9
Söring,9
Packservice,9
TEAM WaBeQ,9
Bildungswerk ver.di,9
Bertrandt,9
ukafacilities,9
Abwasserzweckverband Breisgauer Buch,9
Widecare Pacers,9
Windsprinter,9
Pflegedienst Weirich,9
Stiftung Deutsche Sporthilfe,9
Bernardi,9
Aufgesang,9
Wallenius Wilhelmsen,9
run-carmasec.exe,9
rng.society,9
Peter Gross,9
Team FIRU,9
Strategic Sprinters,9
Assure Consulting GmbH,9
Bremer-Debekaner,9
Arup Frankfurt,9
BIB Kutz,9
Netzbewegung,9
Ars Info Consulting GmbH,9
Stadtwerke Waldkirch,9
Struth Garten- u. Landschaftspflege,9
Stadtwerke Schwerte,9
rms-Mobilligence,9
TGC Gruppe,9
Architekten Graf + Graf,9
OC-Laufwerk,9
PAULY & KYOCERA,9
BKK Landesverband Bayern,9
BMP Baumanagement GmbH,9
TRP,9
BOA,9
AppSphere,9
TRIUNE,9
Å Energi,9
BONVENTURE,9
seneos GmbH,9
B&W Work and Fun Team,9
B+G Ingenieure München,9
Steuern steuern!,9
B.i.Team läuft,9
Wahl GmbH + Co. KG,9
Universität Augsburg,9
Awin AG,9
Werkzeug Spritzguss Qualitätsläufer,9
4,9
Werfen,9
Avision GmbH,9
Steuerbüro Wobbe & Partner,9
21TORR,9
rw+ Architekten,9
Nordik Care Bennigsen,9
Steuerberater Breitbarth,9
running avocados,9
The Running Credits,9
PERM4 :,9
WUP RUNNERS,9
TRB,9
#teamzarinfar,9
ABP,9
Aut of Order,9
PROGAS,9
OEV digital campus 360,9
Warm-Kalt-Macher,9
planeRUNNERS,9
Sweco GmbH,9
AGESA,9
proMX Runners,9
NOVIANER,9
AIGrun4insurance,9
AIMS GEN,9
Pfeiffer und May Freiburg,9
Staatliches Bauamt Erlangen-Nürnberg,9
Staatliche Archive Münchens,9
Becherer Möbelwerkstätten GmbH,9
PLANTA,9
Bechtle,9
Allgeier Public,9
Beckerklinik Bad Krozingen,9
Whois Faster,9
PRO-LOGo Läuferinnen,9
thyssenkrupp Transrapid,9
BelforSüd,9
pressrelations,9
thyssenkrupp Uhde Engineering,9
PLICKERT - DIE GLASPROFIS,9
Thomas GmbH,9
Berlin British School gGmbH,9
pme Familienservice,9
OTTO,9
planting Gelsenkirchen,9
Baulogistik Champions League,9
Baubüro BiB,9
BSG AGR Herten,9
AFI Solutions GmbH,9
PSD Bank West,9
BSG von Pro-Idee & Junghans Wolle,9
Stuttgarter Hofbräu Käpsele,9
Natural Born Chillers,9
VAN HAM,9
tahneephoto,9
Sugar and Heart Team,9
BZP,9
Badenia,9
Baerlocher Runners,9
PKF TREUWERK AG,9
techtrans,9
#TeamMaternaDüsseldorf,9
ADJUVARIS,9
#TeamLocaboo,9
TÜV SÜD IS Freiburg,9
ÖbVI Zech-Ruth-Blasius,9
Bandstahl Schulte & Co. GmbH,9
Altstadt Hotel Koblenz & Pano Mo,9
Bar GmbH,9
Torqies,9
B&P Düsseldorf,9
Altonaer Hochseeläufer,9
BauDarlehen24,9
von Berlichingen & Partner,9
terminic GmbH,9
"Keep Running, Beer Happy",9
Brown-Forman Deutschland GmbH,9
HELLMA,9
S2 - architekten,9
Griesemannschaft Schwedt,9
Glas Leuchtle,9
Girsberger,9
QE,9
Gentele & Kollegen Runners,9
Team SOPHIE,9
Generalstaatsanwaltschaft Koblenz,9
Team SPITZWEG,9
ebm,9
Gelenkklinik 2023,9
Laufschnecken,9
GVLadiators,9
Laufzeitmesser,9
GTU,9
SGS Germany,9
Team Schnittholz,9
S-INB Weltweit,9
HERO Software,9
GKM,9
Labormäuse - GfL-äuft,9
Haus und Grund Düsseldorf,9
LKB-Runners,9
LKC Grünwald,9
Team Kerck,9
Haus St. Josef,9
LOOK//run,9
dentona AG,9
HannoVers,9
Halbleiter? Halbfit!,9
Running Gag,9
dhmp NEXT,9
Villa Luna,9
HUK-COBURG,9
Running Monkeys,9
HPPy to run,9
HPI,9
Zielbauer Running Team,9
SHI,9
SHORT CUTS GmbH,9
SWR,9
SPARQ,9
Motel One Hannover-Oper,9
Lindemann,9
Zacharias & Demmer,9
fincrm - Immer einen Schritt voraus,9
FSS CONSULTING GMBH,9
FSM & fragFINN,9
FISCHER Bike,9
FIEGE,9
FCF,9
Expedia Group,9
STI GmbH,9
Estrel Berlin,9
Enua Pharma GmbH,9
Enertrag Hamburg,9
Energie aus Neukölln,9
Emil Kiessling GmbH,9
Luthers Law Läufer,9
Team Steuern,9
Fiege Customs Services,9
GFA Top Run 25,9
SOS-Kinderdorf e.V.,9
GES eG,9
GERRIETS,9
SI PRO Runners 2025,9
Lehn & Partner,9
GECHEM,9
SIDLEY,9
enmodes GmbH,9
Truck Turbos,9
FristabLAUF!,9
Friess Technik,9
Friendsurance,9
esome,9
"Focus, Speed and Team Spirit",9
SMS72 RunClub,9
fachpraxis,9
Team Baumpflege,9
SONY,9
deborate,9
Haustechnik Oberrhein KG,9
Run Baby Run!,9
arelium,9
WE RUN PAYROLL FOR YOU,9
Jamestown,9
Raven51 & stellenonline,9
Klöckner Pentaplast Team Ritterhude,9
JONES DAY,9
REALEYES CREW,9
Recor Hypertension Warrior,9
Reflects,9
Koch Automobile,9
Intex,9
InterConsulta,9
Insetto,9
bbt+ Rechts- und Steuerkanzlei,9
VÖLLspeed mit Konzept,9
Ingenieurgruppe Geotechnik,9
ZÜBLIN NÜRNBERG,9
Reiterstaffel Mittelfranken,9
Ratbacher Management GmbH,9
Jetlegs,9
Hellmann,9
Team MWAY,9
Katecholamin-Kommando,9
Kastien,9
Karma,9
RITTER GENT COLLEGEN,9
RM Runners,9
Team Leinemann,9
Kanzlei Dr. Friedrichs & Partner,9
Kidizeit Hannover,9
WBS TRAINING AG,9
Kienbaum München,9
KTO,9
agsta,9
WBRE,9
KNISTR,9
Radioactive Runners - Brokdorf,9
KESSLER,9
[at],9
Ingenieurbüro Stengel GmbH,9
Vorsorge-Runner,9
IngSoft GmbH,9
Remy Kaufmann Schöneberg,9
cloudworx,9
HÖEGH AUTOLINERS,9
Hunkemöller-Runners,9
LBF Rheinland-Süd,9
LED-Lichtraum,9
Voba Stuttgart Running Team,9
Homeinstead,9
HomeRunners,9
Holiday Inn Nürnberg City Centre,9
Team Plating,9
HoffmannLiebs,9
Team PreOmics,9
Hiscox,9
Hier läuft die Musik!,9
Heusch/Boesefeldt GmbH,9
Herr Steuerberatungsgesellschaft mbH,9
Hellmann Worldwide Logistics Germany,9
Team Küttner,9
Kölner Sportstätten GmbH,9
carValoo,9
ITD-Fobi läuft... !,9
Infront Germany GmbH,9
Renault Trucks Deutschland,9
bidt.digital,9
In-Tech,9
Illenseer Hospitalia,9
IZT,9
ITscope GmbH,9
ITAB,9
Rheumatologikum Hannover,9
"RAe & Notare Eickhoff, Dr. Meyer pp.",9
ISO Gruppe,9
ISL Sprachschule Koblenz,9
Kromer,9
Kull & Weinzierl,9
Kunz Bauplanung + Management GmbH,9
IN VIA München e.V.,9
Elektroblitz,9
Team Badenhop,9
VZ Berlin,9
MKS,9
Team-Burgi,9
Team Häußler & Partner,9
Socionext Neuried,9
Daniel Thomson,9
Danish Crown & Friland,9
Dart Runners,9
Das Grüne Emissionshaus,9
Das USU Laufteam,9
Das bruggaa-Team,9
DasPlus,9
Deep Media,9
Capricorn Consulting,9
Mews Partners,9
You`ll Never Walk Alone,9
Dennig & Kollegen Rechtsanwälte,9
Schyns Medizintechnik GmbH,9
Dentons,9
Candis Run Club,9
Michael,9
Schwartz PR,9
Dialego,9
ip&more und CUNet,9
Schubra Runners,9
Teilhabe 2.0,9
Team mit Klasse(n)-Ein KLASSE(N)TEAM,9
Die Laufenden Umfragen,9
Wo ein Wille...,9
Die Roth-Runners,9
MOONRACER,9
Team IKS,9
DRK Landesverband Berlin,9
TealAhoi,9
mbAEC,9
Core-Backbone GmbH,9
Corteva Team,9
McDermott Will & Emery,9
DATATREE AG,9
Conigon ePower Team,9
DB Regio Dortmund,9
marpinion,9
Maschinenfabrik Kaspar Walter,9
Maschinenbau Knecht,9
let's go! Nex!go,9
Colt Technology Services GmbH,9
Seniorenresidenz Ludwig-Steil-Haus,9
CoinTracking,9
DEKRA Certification GmbH,9
XXXLUTZ,9
Marmon Foodservice Technologies,9
CodeRunners Cegeka,9
SimplyTest,9
merTens AG,9
VR Payment,9
SmartCAE,9
DIEARBEITSRECHTLER.DE,9
DIETZ GROUP,9
Chantelle Lingerie GmbH,9
mgm running partners,9
DIGITAS,9
Läuft bei Dornier,9
CevoRunners,9
Die Sportskanonen,9
Z-LASER,9
Schiele Maschinenbau GmbH,9
Sparkasse Hanau,9
EF Education First,9
EFK,9
Die laufende Baustelle,9
EIS GC Cares,9
VK Energie,9
MALORG,9
ELEMENTS,9
EM Spedition,9
Physiotherapie Koschade,9
Bürkert blue motion Team,9
VeriRun,9
helpcheck,9
ModernPhysio,9
Moll,9
Saltcore Speedsters,9
Bundespolizei Kaiserslautern,9
ETES GmbH,9
PhysioStars,9
Sparkasse Neunkirchen,9
heimWatt & Energiegewinner,9
"Morgan, Lewis und Bockius LLP",9
newskontor,9
Wir sind die Renner!,9
Eaton Powering Business Worldwide,9
VIVAVIS,9
Team BLANDFORT,9
Löffler_Schmeling Architekten,9
Ehm & Eitel GmbH,9
CFGI Germany,9
Praxiszentrum Emmendingen,9
MD-BW,9
E&K Versicherungsmakler,9
Savills @ Stuggi,9
COHAUSZ & FLORACK,9
MEBEDO GmbH,9
CSU,9
CIDEON: Catch me if you CAD,9
Drahtwaren Driller,9
ifa systems,9
CID GmbH,9
Dähne Verlag GmbH,9
Dobelke,9
mpmX,9
E-Plan,9
Team WPM-Ingenieure,9
Team bibo Tragwerksplanung,9
EC Running,9
Die „kranken Pfleger“,9
TECOBA,8
RAFA,8
WAASNER STANZ-CLUB,8
ROFU Running Team,8
Signaltec,8
Rechtsanwaltskanzlei W. Rohden,8
Pinard de Picard GmbH & Co. KG,8
Pirelli,8
Ray Sono,8
Rexroth Runners Langenhagen,8
TECHNOLOGY & STRATEGY GROUP,8
PREUSS Gruppe,8
Raumplus Runners,8
Uhlhorn GmbH,8
Phoenixseeklinik,8
RECA plastics GmbH,8
Rechtsanwälte ALN,8
VK Immobilien GmbH,8
PRODYNA,8
Reha Peiner Straße,8
Sporty Monkeys,8
PS/Rechtsanwälte,8
WAM,8
PielageAllStars,8
UiPath,8
Team Doppler,8
Solutions Berlin,8
RX Runners,8
TGBBZ DIllingen,8
Physiothek Guntermann,8
Sparhandy,8
SkyGate internetworking,8
Solar Runners,8
Pflegewächter,8
WM PB Region Dortmund,8
Primark,8
Rheinisches Landestheater Neuss,8
Prot. Verwaltungsamt Otterbach,8
WWFZ,8
Praxisklinik Dr. Zikarsky,8
SOFHA GmbH,8
Wargaming,8
Parkhotel Bremen,8
Veolia Water Technologies,8
Park Physio,8
Vertbaudet,8
SteuerBEHRatung X Friends,8
Peschla + Rochmes,8
SchickHAIRia,8
SG Hirsau Damen,8
SG Hamburg,8
Vatec- Spitzensportler,8
Postbank-Worldline,8
Schultheiß Runners,8
Sterr-Kölln & Partner Laufteam,8
SPIEGLTEC GmbH,8
Sieg & Speith - jetzt wirds heiß!,8
Team BT,8
Priavoid,8
STROMBERGER PR,8
Stock Seidel Schrader Rechtsanwälte,8
STOP&GO Marderabwehr Team,8
Paul + Paul,8
Paws & Claws Runners,8
VermKAthletik,8
SST-Crew,8
Walter Tritschler Elektrotechnik,8
SSP Karlsruhe,8
SRS Pflegezentrum Saarschleife GmbH,8
Team Eberhard,8
SQUER,8
Wagner,8
Walter Kurth GmbH & Friends,8
Strategix,8
Pantel Elektronik AG,8
SBR Ingenieure,8
Schwerdtel GmbH,8
PlantIng Hamburg,8
Stackfield,8
Rollstuhl Küffis,8
VWH GmbH,8
VTU Runners,8
Selux GmbH,8
TEAM FÜR TECHNIK - München,8
TEAM GVG,8
TEAM KAME,8
SAB GmbH,8
TEAM RWD,8
R&P Ruffert Ingenieurgesellschaft,8
TEAM SONNTAG,8
Rinkes Rockets,8
VTG GmbH Ingenieurbüro,8
Sexy Accounting Club,8
Pferdepraxis Maifeld,8
Selina Hergenhahn,8
WISAG Gebäudetechnik Nord-West,8
"Run Forrest, run!",8
Run Up Team BER,8
SySS Sports Team,8
Running the numbers,8
WINDpower Rangers,8
Running Oil,8
WINner,8
Running Luigis,8
Runkel Rechtsanwälte,8
WTM Engineers Berlin GmbH,8
VG-Verwaltung Hunsrück-Mittelrhein,8
PWZ läuft!,8
RunDDB,8
Run to Rise - Jifu,8
SegenSolar - Your PV wholesaler,8
Team AWO im Kreis Heinsberg,8
Vinci4ever,8
SKW Schwarz,8
TSO TAX,8
Unicorn United,8
BF.capital,8
IDN Ingenieur-Dienst-Nord GmbH,8
IC Immobilien Gruppe,8
IBA Campus Berlin,8
BELGRAVIA & CO. GmbH,8
BETTERRun,8
Hydro-Runners for THP,8
Hortmann Runners,8
IFA,8
BIAS,8
Holtmann+,8
Holmes Place,8
Heussen,8
Henseler & Partner,8
Hellma GmbH & Co. KG,8
IEG - Investment Banking Group,8
IGES Institut GmbH Büro Nürnberg,8
Heiland,8
B2Run TTE MUC,8
Innomedic,8
bekro Chemie,8
Ingenieurbüro Blank,8
Ing.- Büro Schweiger GmbH & Co. KG,8
Ines Jejkal,8
Implenia - Team West,8
B4-PLAN Ingenieurgesellschaft mbH,8
BBS Lahnstein,8
ISP GmbH,8
IREES Running for future,8
bulicek + ingenieure gmbh,8
BANTLEON Invest,8
BASYS Brinova,8
BAUWENS,8
Team Puetter,8
Haxenfolter,8
Integra,8
e-Team,8
qnips,8
dogado GmbH,8
Granzer Regulatory Consulting,8
Goodlife Physio,8
The Flying Pirol,8
pso runners,8
Barthelme LED-Solutions,8
HANSA Gruppe,8
Gimv's Puls Pusher,8
eMinded,8
Gesundheitssprinter,8
Gerhard Steuerberater Partnerschaft,8
Bayern Tourismus Marketing GmbH,8
Generali Deutschland AG,8
H.C. Schmidt GmbH & Co. KG,8
BTL Düsseldorf,8
BLL,8
BOCS Crew,8
Haus Am Siegsteig GmbH,8
BMK & Partner mbB,8
dedinauten,8
Happy Runners,8
Handwerkskammer Potsdam,8
Hambach & Hambach,8
Team RU,8
HECHT Contactlinsen GmbH,8
Hafen Sprinter,8
HYGHspeed,8
die Steuerberater Stiebritz. Klein.,8
The Hotellistars,8
HEY HO K2O,8
HEINLOTH Highspeed Heroes,8
Institut für Versicherungswesen,8
Integrated Services,8
Zech,8
Kinderarztpraxis Wendelstein,8
Knuddels,8
Knebel und Partner,8
Knauf Interfer,8
Alter braucht Leben,8
AmKaRe,8
Kirchl Sozialstation Ettlingen eV,8
Kienle&Freche,8
AllesGeber,8
Ampere Avengers,8
teamproject,8
Keep The Business Running,8
KarrCBw Saarlouis,8
tanum,8
Kanzlei Helgers,8
Allos Hof-Manufaktur GmbH,8
Kraken Tech,8
KaisersLäufer,8
Aggreko Deutschland GmbH,8
Lauflegenden,8
Latham & Watkins LLP,8
Landratsamt Fürstenfeldbruck,8
LWLcom,8
AfB gemeinnützige GmbH,8
LPJ Rakete,8
LORENZ Bau,8
Kreis Heinsberg,8
tozero : Back to Black,8
Akqueasy Peasy mit DeepImmo,8
Kübler Sport GmbH,8
Königsrudel,8
Köln.Assekuranz Agentur,8
Albockis,8
Kanzlei Gritschneder,8
sovity Running Club,8
Interactive Pioneers,8
Team Magnetic,8
apoBank Frankfurt,8
JobCenter Treptow Köpenick,8
atd läuft,8
AssetMetrix,8
Jagdfalken,8
Jacob Drucklufttechnik,8
JURA Gastro,8
andrena objects ag,8
JOHANNITER,8
JBE,8
Aufzug-Runner,8
Intrabit GmbH,8
IntraFind,8
Interzero,8
Jost Hurler Gruppe,8
Asse,8
KSRW,8
KLEIBERIT,8
KS Steuer - Laufend beraten!,8
Team Lewis,8
Arcadis - Forza Franconia,8
Architrav Architekten,8
KONUX,8
KLIEMT Arbeitsrecht,8
KKI Hamburg,8
amedes,8
KFK,8
Team MBK,8
KBPK,8
always delta.,8
Jura Beton,8
Jungheinrich,8
Gemeinde Pullach,8
Gemeinde Nalbach,8
Be Shaping the Future,8
Die Bloomies,8
Team mentec,8
infra GmbH,8
CSE,8
CSZ Steuerberatungsgesellschaft,8
Die Datenhasen,8
Die ConSohlen,8
iteratec GmbH,8
Team inno-spec,8
Diakonie bewegt,8
itprocess,8
DiCV Köln: Wir laufen gemeinsam!,8
DevelopX CodeRunner,8
Deutsche Asset One GmbH,8
Caritas Betriebs und Werkstaetten GmbH,8
Die Pflege-Athleten :-),8
Telelift GmbH,8
Dealfront,8
CARHARTT - WORK IN PROGRESS,8
E.VITA,8
E&Z,8
E&W,8
Büttners Best Lauftrupp,8
htp GmbH,8
Dreßler Bau : Niederlassung KA,8
CCLD,8
Die Shutter Speeds,8
CDM Smith,8
Digital Runners,8
Team censhare - CenRunners,8
Die orangenen Raketen,8
Die digitalen Planer und Berater,8
Die Unternehmensverbände Bremen,8
Caritas Förderzentren,8
Das laufende WLAN,8
Gelsenkirchener Entwicklungsgesellsc,8
Cradle to Cramp-le,8
DCM,8
D&B Fun Team,8
Céleste Himmlische Brautmoden,8
Curata Seniorenresidenz Dosseblick,8
Curacrew,8
CrefoRunner,8
Classic Behrendt,8
DECATHLON,8
Convidera,8
marenas consulting GmbH,8
Constructure GmbH,8
Consid Runners,8
Consensus GmbH,8
mdbm on Tour,8
DE SÜD,8
DECATHLON Kaiserslautern,8
Carl Schröter GmbH & Co. KG,8
"kummer - others recruit, we care",8
Team wiko,8
DYNAMED,8
Team-Building,8
DSW-Runners,8
DSV x Schenker,8
Team-GSKH,8
Chaos Software GmbH,8
DEGENER // ars mundi // ARTES,8
laufend abgesichert,8
Charite Ortho,8
DILEB,8
Checkit@s,8
metoda Road Runners,8
Chosen Few DHL,8
ECKPFEILER,8
ECS-Orange-Runners,8
EDEKA,8
Bistum Trier - Saarland,8
PPP-Rechtsanwälte Düsseldorf,8
Freddy Mellmann,8
evolving systems consulting GmbH,8
Formrausch GmbH,8
eye square,8
Fit Reisen Group,8
Team Steuerflucht,8
Beweglichmacher,8
Festo Vertrieb GmbH & Co. KG,8
fiber to the people GmbH,8
Blaes Runners,8
FUNKE Runners,8
Team TITANIC Hotel Berlin,8
FPS München,8
FunIT,8
Berufsverband Notarkasse,8
EDEKA BARWIG,8
einwert,8
Geldmacher + Schöning Ingenieure,8
Geisel Privathotels,8
Beautyful Hips - Praxis Dr. Völker,8
Becker-Gruppe,8
ehb electronics gmbh,8
GS Vallendar,8
GRBV Berlin,8
Berrang SE,8
emma & noah,8
Benndorf und Hildebrand GmbH,8
"pp// New work, that works",8
Berenberg,8
energiekonsens,8
Berlin Translators on the Run,8
FOM München,8
FLEET HAMBURG,8
FIPA GmbH,8
EPAM Systems,8
Brune & Company,8
Ed. Züblin AG,8
EasyBird Runners,8
hatec is running,8
ETB Electronic Team,8
hendricks GmbH,8
neoshare All-Stars,8
FIDES-Runners,8
hep global GmbH,8
neo-plastic,8
EJ Deutschland GmbH,8
EFG Schwemann & Heuser KG,8
EFESO,8
EDEKA Mittenwalde,8
Broki,8
TerraVista,8
gmp architekten aachen,8
Engel & Völkers,8
Eraneos,8
"Bremsen-Schöbel, Nürnberg",8
Esteve Runners & Friends,8
EuWe das Team,8
Bremer Fensterbau GmbH,8
Eurest Deutschland GmbH,8
Evang. Kitas Köndringen,8
ExperTeach. Du lernst. IT läuft!,8
FA Hilden,8
Bona Lingua läuft,8
FGK,8
FH-Dortmund - Team 42,8
FIDES Treuhand GmbH & Co. KG,8
Laufmäuse,8
Co-Power,8
Laufteam Mazda Bonnermann & Hüls,8
ASEWrunningteam,8
Nordgetreide,8
ARKADIA Management Consultants GmbH,8
xeomed,8
Notarunners Bernhard und Sauer,8
MGS,8
Team HPS,8
25hours Hotel The Circle Köln,8
MEKOS,8
Nutzis,8
MEDIAFIX,8
MD-Bayern Laufteam,8
MCE,8
ASB RV Berlin-Nordwest,8
ASC Berlin,8
ZAR Spandau,8
Team HR Path Germany,8
ONE PEIX,8
ONM - Digital Heroes,8
ASKLEPIOS proresearch,8
LuKriExpress,8
Lorenz Personal,8
ORTEC GmbH Germany,8
ZG Zentrum Gesundheit,8
#teamcobos,8
Log-Hum-Power,8
Oettinger Gruppe,8
Livia.Regel,8
Office People,8
Team KGI,8
Team GiB & AZH,8
MHK Runners,8
Nina-Luisa Hasper,8
Lindener Bärchenrenner,8
Thorwart,8
Wirth Präzision,8
Mesalvo,8
Lauftenta,8
Wohnungsgenossenschaft Köln-Süd eG,8
Wir sind DU!,8
Wir legen einen Zahn zu,8
Wohnungsgenossenschaft München West,8
Winweb,8
ADAC - Die gelben Engel,8
ACCRETECH,8
World Insight Erlebnisreisen,8
McDermott Will & Schulte,8
NAOB,8
NAVUM Runners,8
NGMedical,8
Wertefest,8
Team IGK,8
ABG Partner,8
NTN Wälzlager (Deutschland) GmbH,8
AMG - Pesch,8
Wessing & Partner,8
Mari-Team,8
Marco GmbH & Co. KG,8
Neuraum Ventures,8
Next-Welcome,8
Magna-runners,8
4TEEN4,8
42kaiserslautern,8
Weser-Elbe Runners,8
MPG,8
Lindschulte Planungsgesellschaft mbH,8
Nordic Science,8
Weber Haustechnik,8
AURELIUS Transformers,8
LetMeShip,8
WebID,8
Oracle Hamburg,8
PKF Köln,8
P3 Hamburg,8
LetzFetz Runners,8
Oyster,8
#BetterTogether,8
Therapiezentrum Wildnauer,8
Tierarztpraxis am Dorney,8
Osteopathie Praxis Böhler,8
Tierarztpraxis Jamann,8
Zahnärztinnen Neue Südstadt,8
PBG München und Oberbayern eG,8
Omexom BU Dortmund,8
PINK Wirtschaftsprüfung GmbH,8
We are eye-conik,8
PAUL IT,8
Team Gesundheitswerk,8
fellow.run,7
m8IT,7
Finanzchef24,7
fast & flaixible,7
Eva Breitsprecher,7
7up,7
Finmas,7
Nagel-Group,7
Fieldfisher Runners,7
PDV Systeme,7
Exeltis Germany GmbH,7
SPAES Cowboys,7
Fiebig Power,7
Filser-Buam,7
Eurowings Digital,7
Fiberhome,7
Finnegan Inventive Steps,7
Fischers Man Friend,7
NTG Workaholics,7
frobese GmbH,7
geSCHWINDE Sprinter,7
expertum Holding GmbH,7
FlexiTel,7
Flinke Fische,7
Flitzpeople,7
Team Hamburg,7
Foconis Analytics,7
Focuslight Team 2025,7
NOVIA Hamburg,7
Formtechnik,7
SPD-Kreisverband Saarlouis,7
Negotiation Advisory Group,7
Nanoscribe,7
WTW Runners,7
Tetra Pak Runners,7
SSF Ingenieure AG,7
Team Theralingua,7
WTW,7
9,7
FIFTY2,7
Neuropsychologie Armgardt,7
PROXIA by shoplogix,7
Neue Grundschule Gröpelingen,7
FBA,7
Netzeffekt,7
Teamsport Philipp SAAR,7
FRACHT GROUP DÜSSELDORF,7
FRESCO,7
FAI Aviation Group,7
Blue Tree Real Estate,7
Bonnier,7
Wessel-Umwelttechnik GmbH,7
PIMA - Die Gesundheitshüter,7
Thuasne Runner,7
Forvis Mazars Nürnberg,7
Bitmarck Beratung,7
Bitgrip,7
Fast Forward Future,7
Eyecatcher Cologne,7
Crawford Sprint Squad,7
Faster Harder FRIES,7
Expanite GmbH,7
Fenne Baugesellschaft mbH,7
Fabasoft Xpublishers,7
THOST Team Hamburg,7
Team Sprenker & Röder + MSI,7
BeOne Medicines,7
Team SAM,7
Unfallkasse Saarland,7
Gesundheitswelt Siershahn,7
Wirth & Horn,7
proper's Turboschnecken,7
Geo Group,7
Momentum Mavericks,7
Wir sitzen alle in einem Both!,7
Motel One München-Deutsches Museum,7
Gemeinde Losheim am See,7
GemS Theley,7
ADAC Team Weser-Ems,7
Team STAUDI,7
Consulting-Team,7
Team Salm,7
Gigahertz-Optik,7
Gilde Brauerei,7
SCHAUENBURG Industrietechnik GmbH,7
ADKL,7
Badisches Rotes Kreuz,7
Governikus,7
TEN BRINKE NÜRNBERG,7
Good Footprints,7
Goldbeck,7
SBC,7
Mittendrin statt nur dabei!,7
Clausmeyer Team West,7
Ballon Design Berlin,7
ps Runners,7
SC Schwarz-Gold,7
Glauerdt,7
Silgan White Cap,7
e-health runners Hamburg,7
SET GmbH,7
Contractor Consulting,7
We´ve got the POWER,7
Bechtle PLM,7
Berlin Direkt,7
GBS Arbeitsschutz GmbH,7
Shit to Power - KMT macht was draus,7
Convensis GmbH,7
TTB-Runners,7
Better Mobility,7
magicplan,7
PIXARGUS Die Qualitätsbeschleuniger!,7
NHS GmbH WPG,7
esanum GmbH,7
UO,7
Bilendi,7
VHS Freiburg,7
Tankmüller,7
Thalia Booklovers,7
GEA Gladiatoren,7
AC Christes & Partner,7
GEMEINSAM SIND WIR WEITER,7
ehrhorn Vermessung,7
Mundreich,7
WSRE MUC,7
ehotel runners,7
GXO,7
GWP Saarland,7
prenode,7
Munich Business School,7
Müller Steuerberatung Runners,7
Siedlungswerk Nürnberg GmbH,7
Team Schirra keep on runing,7
GP JOULE,7
GNW Team Berlin,7
emediagroup GmbH,7
Team Secon,7
Niclas Kehl,7
Dannhorn & Paeschke,7
megaherz,7
Park Plaza Nürnberg,7
Soulutions,7
DREISS Patentanwälte,7
Die Sensor-Runners,7
CKI,7
infologistix,7
Die Schwerentflammbaren,7
Seewald Elektro,7
Orthopy Rockets,7
Orlando Capital,7
Die Schnittchen,7
COMINDIS,7
Papierflitzer,7
COMMUNICO GmbH,7
COPA-DATA Speedrunners,7
Die Königskinder,7
Die blauen Raketen,7
CIC Berlin,7
Die KFO,7
Die fertigen,7
idem,7
WasserZweckVerband Warndt,7
DigitalNativeAlliance,7
ig-bauphysik,7
Weissman,7
Schampera,7
DREI V GmbH,7
Seger & Hirsch Ingenieurgesellschaft,7
Uhlmann & Ludewig GmbH,7
DigiKey Electronics,7
OGE - Open Grid Europe,7
imagine runners,7
muk PERSONAL GmbH,7
Die flotten Igel,7
Team doubleSlash,7
Die Kellner,7
OPM DUS Sprint Squad,7
Ernst² Architekten Nürnberg,7
CardioCliniC Köln,7
michels.pmks Rechtsanwälte,7
monday.com,7
Celenus Runner,7
Schängel Wear,7
Dennis Winter,7
Delta Light,7
#burspedbewegt,7
SeaRenergy,7
Decathlon Neunkirchen,7
mobileX Runners,7
Pace Patrol,7
Catch us if you can!,7
PWWL,7
Oliver Wyman,7
Technilog,7
VOLZ TAPES,7
Der Schöne und die Biester,7
UCDS läuft,7
CapTrader,7
CSS Team Rhein-Ruhr,7
Schreinerei Würzburger,7
Centrum Power People,7
Sonepar Düsseldorf,7
Panpharma,7
OTS Astracon,7
Vanessa Vogel,7
Unique land use,7
CTG Consulting,7
DURNER,7
Packwell Andernach,7
Oertel Construction,7
movisens,7
Canzler GmbH,7
Packaging is our job Team Dienes,7
OFM,7
Dorint Kurfürstendamm,7
ias PREVENT,7
TRUMPF Hüttinger GmbH aus Stutensee,7
BuM Team,7
Sparschweinchen,7
hannoverimpuls,7
Eight Advisory,7
Egon Zehnder Köln,7
Effizienzläufer,7
Payoneer,7
PAF - BKG - BIK - Team,7
Paulus & Partner,7
net.D : Das Internet für Düsseldorf,7
Bundesarchiv,7
ERC - Team Köln,7
Bundesbank Dortmund,7
"Werfen Technology Center, PBM",7
Sempt Apotheke Erding,7
DEFINE MEDIA,7
Britta Moravek,7
CCG_Runners,7
wvib - Das Netzwerk mit dem's läuft,7
gernot schulz : architektur,7
ChromoTek GmbH,7
mm customer strategy,7
Epoxy Runners,7
EnviroFALK,7
SV Marienrachdorf,7
Energiehelden,7
Pen Runners,7
Endotoxin Service - Microcoat,7
Encore,7
SWANners,7
EnBW Energie Baden-Württemberg AG,7
gpc : Technisches Projektcontrolling,7
h4a Düsseldorf,7
Team Uniplan,7
Christian Gaisboeck,7
BZ-München,7
Burger Druck GmbH,7
hhpberlin,7
Düsseldorfer Doodle Club,7
Dümpelmann & Kollegen,7
Santander,7
Büro für Umweltfragen GmbH,7
Partners Group,7
DyeMannschaft,7
naturstrom,7
CADFEM Stuttgart,7
SasseOst,7
Venera Kamphausen,7
ODDO BHF SE,7
ODEG & ODIG „BesserZusammen“,7
#TeamZBI,7
ChargeX,7
münz marketing MITTELRHEINLAND,7
DLR-SI,7
DKB Team Stuttgart,7
Weltkulturerbe,7
TRU Fitness,7
EKS Lebach,7
Terra KVG,7
Busse Balfanz & Partner mbB,7
EH Freiburg,7
3B,7
Team FISCHER,7
Salesforce,7
navos - Wir kommunizieren Zukunft,7
Unite,7
Novotel Nürnberg Centre Ville,7
CheMondis,7
Team Villa,7
E1 EMG,7
Weber Shandwick,7
SAHM-Ingenieure,7
Physiostützpunkt,7
Metallwerkstatt Heilmann,7
Infront Financial Technology GmbH,7
Ingenieurgesellschaft Kärcher,7
Reitner & Bucherer Partnerschaft,7
Team Moskovskaya,7
Ing.-Ges. Schnittger Wilde,7
Kliewe GmbH,7
ARGE U5W2,7
Impuls Energy Trading GmbH,7
Kloepfel Consulting,7
TVM Laufen aus Leidenschaft,7
Team München,7
René,7
REHATEC Planungsgesellschaft,7
Stickerstars,7
Klinik Wied,7
Ingweilerhof · Seniorenzentrum,7
Rein Spedition,7
best-blu consulting with energy GmbH,7
Power Puffins,7
MOSAIK architekt:innen,7
satis&fy Werne,7
Institut für Produktionswirtschaft,7
Uschi Runners,7
Axalta in Aktion,7
SABO-armaturen service GmbH,7
IntWeb,7
MMD GmbH,7
MLP,7
schultearchitekten,7
Pragen Pacers,7
Amigonianer,7
ReeFresh / CPLI,7
Klinik für Vögel & Kleinsäuger - LMU,7
Allvest,7
Kienbaum#WePowerment,7
IG_Drücke,7
IMWECO GmbH,7
Algol Thunderbolts,7
ZukunftsRegion Westpfalz e.V.,7
KUMAVISION AG,7
IHK zu Dortmund,7
Maidl Tunnelconsultants,7
Kumavision,7
BADER + MACK ARCHITEKTEN,7
ANSON‘S,7
Kursana Family Pullach,7
Manntech Heights Heroes,7
Albrecht Optik,7
YER Talents GmbH,7
IG Bauplan,7
All for One Group SE/ Hamburg,7
Kolpingcrew,7
thyssenkrupp Plastics,7
Lieblingskloster,7
Team Nicolai,7
Team DRVN,7
IOX-Run,7
AUG. PRIEN,7
Zahnarztpraxis Dres. Grünewald,7
Volkswohl Bund Versicherungen,7
running printers,7
TBD - To Be Dauerläufer,7
Reuter-TEAM,7
IPI Racing Team,7
MacGregor,7
Prof. Dr. Zeller & Partner,7
MWR,7
Prause Holzbauplanung,7
Thimmel & Partner Rechtsanwälte,7
Xantaro,7
sympacon,7
Art-Invest Real Estate Management,7
Team Lippe,7
Radiculitis,7
KHM Köln,7
KFO-Team,7
verPutz mich,7
KBBZ Saarlouis,7
ATS - Abgefahrene Turbo Sprinter,7
MAK auf Zack,7
RISE RUNNERS,7
MARKIT,7
MATHEMA GmbH,7
MAUI JIM RUNNERS,7
Rakuten Runners,7
WBB Teamlauf,7
vdp Runners,7
Kanzlei Heidemann & Haselbach,7
RWP Rechtsanwälte,7
Argenta,7
WBLT GmbH & Co. KG,7
Kanzlei Ertelt,7
sp.a.,7
UNIELEKTRO Limburg,7
Kaltwasser Kommunikation GmbH,7
Arcadis Germany GmbH,7
Kallisto Consulting GmbH,7
WHM Garbsen - Team Laufen,7
ThermoquellPro,7
ZBp,7
RPB Rückert GmbH,7
ZENK Rechtsanwälte,7
anacision,7
Ralph Froehlich,7
Team Masterflex,7
KfH Nierenzentrum Nürnberg-West,7
JULIUS BACH,7
Living Hotels,7
Team Elli Oil,7
REWISTO Rechtsanwälte,7
Analysys Mason,7
basi,7
JC Kling,7
ASB Mont Cenis,7
Atlasrunners Schwabach,7
Atomis-Runner,7
Surface Contacts,7
It's a mindset,7
Kieferorthopädie Fünf Höfe,7
senswork,7
JVA Freiburg,7
Praxis Dr. Tischer & Odintov,7
MEDIVERBUND,7
Jakob Becker Entsorgungs GmbH,7
team holywood,7
Rauer CNC-Zerspanungstechnik GmbH,7
Kempfert + Partner Geotechnik,7
Kaulen Funrunner,7
astendos,7
Assenagon Asset Management S.A.,7
Rasende Rollatoren,7
Rapp AG,7
arsEdition,7
MEAC,7
ME-Meßsysteme,7
Johnson Electric,7
Jonas Eiken,7
Manuela Wörlein,7
agineo,7
Politikwissenschaft,7
Syspons,7
AEROMARITIME,7
BRAHMS GmbH,7
rheindata GmbH,7
Meister Gerhard,7
Running Connection by arnotec,7
Running Configitees,7
Haier Germany,7
vogelplus,7
Laufend im Einsatz,7
Quantrefy Runners,7
AIM,7
Hamburger Rugby-Club,7
BDT-MVZ-Betriebs-GmbH,7
Hammel & Röhrenbeck Rechtsanwälte,7
Rötting & Wessels Part StbG mbB,7
Hampton by Hilton Aachen Tivoli,7
Agile Schnecken,7
der Letzte putzt den Gipsabscheider,7
Hannover Marketing & Tourismus GmbH,7
LHA,7
Run9Linden,7
HappyFlower,7
SysTec,7
digital@M,7
Team Qwantix,7
McDermott Will & Emery Rechtsanwälte,7
AVIA Team Franken,7
Run with Spieth,7
reinisch Hannover,7
Wolf Holzbau GmbH,7
Haus der Gießerei-Industrie,7
LebensWelt,7
Laufbuddys Stadt Herbolzheim,7
BTG INSTRUMENTS,7
dieBauingenieure,7
Sägewerker,7
HCRunners,7
von Deringer,7
ulticom,7
HI Runner,7
Runsurance,7
Team Riesener,7
Adval Tech (Germany) GmbH & Co. KG,7
Landesjugendpfarramt Kaiserslautern,7
Stadt Sulzburg,7
reVenton Asset Partners,7
Team Kasper,7
HAVAS life,7
LUTZ Aufzüge,7
Running Winkulaner,7
Pick & Pack 24,7
The Hartmans,7
Pierre Büchner,7
HP Dreamteam,7
HP Munich,7
T&S Elektrotechnik GmbH,7
regenold runners,7
HANS GROSS,7
LPB,7
HTSpeedy,7
Met-Con Betriebsart: Laufen,7
Wortspiel,7
ALLSAT,7
Gudrun Sjödén,7
Run System Run,7
BIOletics,7
Urban Tech Runners,7
Plant Engineering GmbH,7
Marx & Jansen,7
AM GmbH,7
L3 Consulting,7
BG RCI,7
Plunet Pacers,7
Hotel Asahi,7
Team KZBV,7
Hotel Kö59,7
Hotel de Rome,7
Hotspots Rush,7
Albert Hutzenthaler,7
BFW Dieter Ritter GmbH,7
AVB Runners,7
VG Kirchberg,7
"ANDERER UND PARTNER mbB, WP/StB",7
Hyper Database @ Salesforce,7
XION GmbH,7
R.I.P.-Runners,7
IB Becker,7
Riegelein Schokoladen,7
verte:rechtsanwälte,7
Proliance,7
Grundschule “Am Windrad”,7
Grötz Gruppe,7
BIRCH COVE Digital GmbH,7
Hitachi Solutions,7
Heitmann Running Crew,7
BLG Ludwigsfelde,7
LERN-ACADEMY,7
H+K Düsseldorf,7
Hays Nürnberg,7
HeKa Herzog GmbH,7
querwärts ARCHITEKTEN,7
Hearts & Science Berlin Runners,7
Team KaRo,7
BLG,7
Aktenflitzer,7
Würth Deutschland,7
Rug Runners,7
H&K,7
Heinz Zinke GmbH & Co. KG,7
Helbling Business Advisors,7
Planersocietät Team KA,7
LEG,7
rixe.law,7
ALPI Germany GmbH,7
Heussen Rechtsanwaltsgesellschaft,7
Root Global,7
toii.RUN,7
Herzog LeasingAG,7
ULVAC GmbH,7
Merkl IT,7
Clemens-Brentano-/ Overberg RS plus,6
Adastra,6
CTM,6
sovanta Ag,6
Antje Schmidt,6
#teamwormser,6
ATRIA M,6
Clauss Bedachungen,6
Token - The Open Banking Striders,6
Aperio Space,6
styleranking,6
#SchnellerAlsDerPuls,6
VM Munich,6
Adina Hotel Munich,6
AUREN,6
meyer.rechtsanwälte,6
TWE GmbH&Co.KG,6
mh-software GmbH,6
ChillServices,6
Alamode Film,6
Cencora PharmaLex,6
Smørrebrød Sprinters,6
Tiefbauamt Bauverwaltung,6
Cassini Stuttgart,6
vdek LV Hessen,6
Caseware Germany,6
Sustainabees,6
VP Strategy Advisors,6
Ambrian Energy,6
Akkon Hochschule,6
Systemates,6
Caritas Bildungszentrum Oer-Erkensch,6
Soley,6
AVV,6
Simply fresh runners,6
AWK Rechtsanwälte,6
team Baucenter Bremen,6
SÜDVERS,6
Unic Karlsruhe,6
tante-energy,6
Animod GmbH Hotels & Kurzreisen,6
Swoboda Schorndorf KG,6
TEAM IGESS,6
(R)UNKRAUT,6
Tanja Behrens,6
THOST Projektmanagement,6
Thamm Catering GmbH,6
BKM,6
viaRun2025,6
BK Baumeister & Kollegen,6
Stadtwerke Ramstein-Miesenbach GmbH,6
BIRCO GmbH,6
Staffinity Consulting,6
BGV Badische Versicherung,6
BGHW-Running Team 2025,6
BFW Koblenz,6
BEUKELMANN:MÜLLER:PARTNER,6
Bits & Miles,6
BENTHO Bande,6
CloudSpot - Sprint as a Service,6
BE:TWO,6
BBT-Gruppe - Zentrale,6
TIGRIS Runners,6
Sport Böhm / Bauunternehmung Meisel,6
Bonava NRW,6
APOSAN Laufen und laufen lassen,6
wpd Solar,6
BANSBACH,6
wuff & weg,6
Booking.com,6
pme,6
THOST Freiburg,6
CSD Ingenieure,6
AJS NRW,6
purple22,6
Bahrenfelder Turnverein,6
Threat Hunters on the Run,6
BYTE RUNNERS,6
TEN Ingenieure,6
BTS Brune Timmer Schlüter PartG mbB,6
BTG Elektronik GmbH,6
ADITOR GmbH,6
The Faro's,6
TESIS,6
The HQSprinters,6
BayernGrund'ler,6
webix,6
BSG TeXins - Texas Instruments,6
TGA-Renngenieure,6
BeGlobal Holdings GmbH,6
BRANDitas & BRANDitos,6
BRANDUNG,6
StMUVlitzer,6
StMELF,6
Stadtteilzentrum Steglitz e.V.,6
TGO-Lauffreunde,6
BMPrunners,6
ACGF,6
St. Thomas Realschule plus Andernach,6
The Running Matrix,6
Bormann Elektrobau,6
BAMF - Immer laufend dabei!,6
nova,6
ASB Dortmund,6
BöCon,6
TEAM GSG OLDENBURG,6
Ternus & Ternus SteuerberatungsGmbH,6
TOYOTA GAZOO Racing Europe,6
CANEI,6
Telemetrie Elektronik,6
CF-MB,6
Ascended Majestic Runners,6
TPG,6
Arvos GmbH/SCHMIDTSCHE SCHACK,6
Arvato Systems Dortmund GmbH,6
Stremmer Sand + Kies GmbH,6
Arthur D. Little,6
sourc-e (S)printer,6
2 Fast 2 PhyZio,6
CIDEON,6
zpi,6
Arno Ludwig,6
Sorat Hotel Saxx,6
Arena,6
ASIC Design,6
Studieninstitut Ruhr,6
COGNEX,6
08/16 PROJEKTMANAGEMENT GMBH,6
Atesteo GmbH,6
360° Cardio Freiburg,6
Atlas Hamburg GmbH,6
TEAM LANG BAU,6
Breath Therapeutics,6
50 Jahre Laux,6
Speekly,6
SpeedyStriders-Miles of Smiles Vibes,6
Steuerberaterin Susanne Bies,6
Terrag,6
APV,6
ARAG Koblenz,6
B.i.Team,6
TLSC-E,6
sambus,6
Brille Einmal,6
Bär Kühhorn Architekten,6
ARGUS DATA INSIGHTS,6
B&H Running Team 2025,6
satis&fy Düsseldorf,6
ThyssenKrupp Uhde GmbH,6
Bubble Trouble,6
Awinia,6
TMP Runners,6
Auren,6
3DSE Management Consultants,6
Attractive Runners,6
Buying Labs GmbH,6
PPT Group,6
SKOTTI (b)rennt,6
Cloudflighters,6
KfW Bankengruppe,6
Kohldampfschieber,6
Koch & Kollegen,6
Knuspr,6
Knappschaft Kliniken Gelsenkirchen,6
Team LBV,6
Kleyling Spedition GmbH,6
Kleintierpraxis Kaiserslautern,6
Klein 2 UG,6
abf Race Team,6
Twilio Owls,6
KfH Dialyse,6
Kanalhelden,6
Keylezz,6
Keyler Consult,6
Team Lechler,6
Kartesia,6
Karl-König-Schule gGmbH,6
Kapellmann und Partner Rechtsanwälte,6
Kapellmann und Partner,6
RKW Architektur+ Dortmund,6
adlerolesch FREIRAUM,6
Kanzlei Zink,6
Komm.ONE Karlsruhe,6
Krieger+Schramm,6
Kuehne + Nagel NBG,6
Kussel-Wenski Architekten,6
Lectra,6
Zattoo,6
Lauscher Präzisionstechnik,6
Laufgruppe WABE,6
Zentral Apotheken,6
LaufPenthsum,6
TÜV NORD SofortGutachter,6
LVermGeo RLP,6
LUCKY rUn,6
LOTTO Niedersachsen,6
LMPS Runners,6
Zoder Spedition,6
Quants on the Run,6
Quantum Immobilien AG,6
LG Staaken,6
Zollcon,6
LEONIken,6
LEICHTSINN media,6
LAP,6
Köttermann GmbH,6
Käsedings,6
Kanzlei Ribas & Partner,6
Kaiser-liche Runners,6
Lemundo Runners,6
INSEL pädagogische AG,6
Reha-Med Laufteam,6
Ingenieurgesellschaft Nacken,6
Ingenieurbüro SchülkeWiesmann,6
Immobilien und Service Richter,6
bizcon AG,6
ResNova Rechtsanwälte,6
brandarena GmbH & Co.KG,6
Vollack Runners,6
ISCUE GmbH & Co. KG,6
INSIGMA,6
IMO Autopflege GmbH,6
agathon Crew,6
IITS,6
IHK Südlicher Oberrhein,6
Rheinland-Pfalz Tourismus GmbH,6
IGS Koblenz,6
IGS Garbsen,6
Rhenus läuft!,6
Code Runners,6
cimt Berlin,6
IABG Teleport,6
HypoVereinsbank,6
Instone-Runners,6
Team Monolithic Power Systems (MPS),6
Inverso GmbH,6
Team Marktkauf,6
KREDIT RAKETEN,6
KRAUS & LEDERER,6
KOZLOWSKI,6
KOMEG,6
KMpro München,6
KMS Slow Sloths,6
Rabot Energie,6
KITA Sonnenschein,6
KIOTIES,6
Team LuxTek,6
Radiologie am Stiftsplatz,6
WAYES,6
Just EN-DO it,6
Jugenddorf Sickingen,6
arsmedium,6
Jagdfeld Apotheke,6
RealschuleplusMendig,6
JF - Intensiv - care,6
Till Heyer,6
Team Delticom,6
It´s about time!,6
Lehmann Consult,6
Propeller Power,6
Riverland Reply,6
Petra Klimmek,6
Werner Consult München,6
NiedersachsenMetall,6
NieMännerundFrauen,6
Weserburg Museum für moderne Kunst,6
Wessel Management,6
Next2Sun,6
Nexia,6
Perspectives Climate Group Runners,6
Neways Neunkirchen GmbH,6
Nevena Eble,6
NTG - Nordic Transport Group,6
WPW LEIPZIG,6
NIIL Architekten,6
WSVAGG,6
NATURSTROM AG,6
Pflegedienst Impuls,6
Mütron Müller GmbH & Co. KG,6
Münchner Verlagsgruppe,6
Möhler + Partner Ingenieure GmbH,6
Wind Multiplikator,6
Munich Strategy,6
Physio Kombinat Montabaur,6
Northwest,6
Norton Rose Fulbright,6
Werbezeichen AG,6
Notarianer,6
Team Forum,6
PKF Fasselt,6
PHYSIOSPA,6
PASCAL Beratungsgesellschaft m.b.H.,6
PANDION Partner für Lebensräume,6
P.E.P.,6
Orthopädie am Gürzenich,6
WayCon,6
Oerlikon Innovation Hub,6
OceanScore,6
Team Goethe,6
OXYGEN PICTURES,6
OPATZ Group,6
OP Engineers GmbH,6
OLB Bank AG,6
OK Freiburg,6
OGAS pAIcer,6
O.T.S ASTRACON,6
Numatic,6
Novotel Runners,6
Novotech Germany,6
Wir sind die Guten,6
Physios Köln,6
Promedare,6
Prikryl Kosmetik,6
Praxis Arche,6
Praxis Dr. Huberle,6
MED. KURBAD STEGLITZ,6
MB Patent Pacers,6
Predion Immobilienmakler,6
MAICO Diagnostics GmbH,6
Team Ehrenbreitstein parkrun,6
ZAR Aalen,6
Team Jenbacher Nürnberg,6
Läuft bei uns!,6
LÜTZE,6
Mittelrheinische Treuhand GmbH,6
Privatpraxis Redemann,6
ZIB-Allstars,6
Logistik Runners,6
Zahnarztpraxis Dr. Oliver Cordes,6
Prodware Pace Setters,6
LifeTech IP,6
Profion,6
Zahnfee,6
Leuchtfeuer Digital Marketing GmbH,6
Zahnfeen Vahlbruch,6
MHHERZTEAM,6
Team Irlenbusch,6
MOXY,6
PowMio Developers,6
Mimacom - stays ahead!,6
Milkron,6
Wo soll es denn hin?,6
Pielen & Partner,6
Melo Rennt,6
Meinlschmidt-Power,6
Team Höber GmbH,6
Medizinischer Dienst Hessen,6
Max Weishaupt SE,6
Wundmanagement Köln-Aachen,6
Massive Photonics Runners,6
X,6
Marsh München,6
Marktladen Rieselfeld,6
Pluxee,6
Marienhaus Dienstleistungen GmbH,6
Portfolio Concept,6
Magnet-Physik Dr. Steingroever GmbH,6
MVRDV,6
MTB GmbH,6
MSS,6
codecentric ffm,6
Team PDW,6
HvB Runners,6
Team Verified,6
Salon City,6
Verbandsliga,6
Team Wadenkrampf,6
hsag,6
Team BG Verkehr,6
Dölle & Frank,6
Durst Deutschland GmbH,6
Save the Date,6
Dream Chip Runners,6
Dr.-Ing. Fabian Meyer,6
Dr. Sasse Facility Management GmbH,6
Team ZSP Patentanwälte,6
Team Zitrone,6
ifaa,6
Scheibner Apotheken,6
Team dbb DLZ Süd,6
Schillinggruppe,6
in_design architektur,6
Team foodloose,6
Schmid Systemtechnik,6
Die Selbstläufer,6
Sachunterricht,6
Sabine Bausch,6
FALC Immobilien Dortmund,6
EMIS,6
STEINACKER,6
Exner Process Equipment GmbH,6
Eurowings Aviation GmbH,6
Europäisches Feuerfest-Zentrum,6
EurAnners,6
STV Rechtsanwälte,6
Hundephysio und -ernährungsberatung,6
Triplan Runners,6
Ergotherapie Kaul & Purper,6
Elena Erdmann,6
Eiskalte Händchen,6
SWMS Power Crew,6
SWOMIS,6
SWP Architekten,6
Eisenbahn Bundesamt,6
SWR Studio Koblenz,6
"ETL Otto, Derr & Kollegen GmbH",6
ES FOR IN,6
Team VOM e.V.,6
EPH Ingenieure,6
Team Vegavero,6
Die Schumis,6
Die Schilderstürmer,6
Team mecom - with satellite support,6
Veenker Ingenieure,6
DZ BANK AG,6
Valtech,6
DUBAG Group,6
DTS Patent- und Rechtsanwälte Partmb,6
Securitas Fire & Safety,6
DRS-AG Team,6
DRG - Running Team,6
DIODES RUNNERS,6
DIE INVENDIANER,6
DGUV Landesverband Nordwest,6
DFDS,6
lawcode GmbH,6
DEMA Präzisionsteile GmbH,6
DEGES - Fernstraßensprinter,6
D.O.M.,6
D.Med Consulting GmbH,6
CrefoRunners,6
Sharp Reflections,6
Courtyard by Marriott Berlin City Ce,6
maxon dental,6
mb Steuerberatung,6
DZ Bank runners,6
Dalux,6
Daniela Lehmann,6
Deutschmann & Ehret,6
Die Laufenden RettungsGötter,6
Die Ladepausenläufer,6
inspiring-health,6
Die Heissmangel Kirchhorst,6
Die Gastronauten,6
integrationWorks,6
it works group,6
DiaLogis,6
DhochN,6
Derichebourg,6
Das A-Team,6
Der Audio Verlag,6
Depot-Runners,6
Dentitias :)),6
Dentallabor Tzigiannis,6
jognitivos,6
Dechert LLP,6
Decathlon Karlsruhe,6
Ubica Robotics,6
Schönfisch & Kollegen PartG mbB,6
F.W. Neukirch,6
gemeinsam mehr bewegen,6
FEV Vehicle,6
GewitterStopper,6
HT Group Runners,6
HOCHTIEF Infrastructure GmbH,6
Running Team Miele Center Nürnberg,6
HOCHTIEF,6
HLFGP,6
Running text&form : t'works,6
HISTORIA.net,6
HENN,6
digalo : DIGITAL MARKETING,6
HAUBNER GROUP,6
HANDKE läuft-Technik in Bewegung,6
H&P Energiesysteme GmbH,6
Gumeta,6
Grün Mechanik GmbH,6
Grundschule Garching Ost,6
FFW Mengen,6
Grothe IT-Service,6
dreamteam2025,6
Glöckle direct GmbH,6
GloreTalent - Fachkräfte aus Indien,6
Globus St. Wendel,6
HTP,6
HTR Attendorn,6
die ETL-Schöneichhörnchen,6
Highstreet Technologies,6
Voigt regelts runners,6
Hoppi Laufteam 2025,6
Robo-Runners,6
Holz Kogler,6
Holybolters,6
Team Performance,6
Team Plan 3,6
convis,6
css belts,6
HighLine Hyper Hyper,6
Team Raiffeisenbank Kaiserstuhl eG,6
Heckmann Bremen,6
Vinturians,6
Run Laack,6
Haut & Liebe,6
Hauptsache das Hotel läuft,6
Runners B&C,6
Team RHB Hannover,6
Running Engineers,6
Hager - Region West,6
e-fellows.net,6
dompatent runners,6
SIGMA,6
ePlan Energieberatung,6
SK³,6
GWE,6
empact GmbH,6
GHG,6
endura Laufteam,6
Frank läuft Wright,6
Frankenrabbits,6
SIGMArunTECH,6
FinishLine Run & More,6
GCP-Service is running,6
SLA,6
GARBE,6
GARANT Immobilien,6
Team Bodystreet,6
SKF Marine,6
enventa Group,6
Galahad,6
effekt Physiotherapie,6
Farb-Flitzer,6
SEUFERT Rechtsanwälte,6
easy Marketing GmbH,6
FIDALGO TAPAS,6
Gensler Berlin,6
Genpact Deutschland,6
Vermögen und Bau Runner's,6
Gemeinde Eisenbach (Hochschwarzwald),6
SEIDLER TIEFBAU,6
Garbe & Flügge,6
Friendventure,6
FWT München,6
Gebr. Meier GmbH,6
Gebr. Heymann GmbH,6
FairCap,6
Team ProSecur,5
TeamTheke,5
Team-Performer,5
Team Klemm und Frank,5
Team TWRS GmbH,5
Team Dr. Vogt,5
UFC läuft,5
Team Natürlich Reisen,5
Thermische Löser,5
Team Nero,5
The Five Flyers,5
Unic München,5
Terma Team-München,5
Team Lichterschatten,5
TrustYou,5
Transporeon Berlin,5
Telekonnekt Tempo Titans,5
Team YAKULT,5
Team BF Potsdam,5
TÜV SÜD Advimo GmbH,5
Team Werner,5
Treuhand Hannover NL München,5
Team-Dialyse,5
UTC Runners,5
Taunus-Schule,5
Team HandStand,5
Trauerhilfe Stier OHG,5
Team Medius,5
Team Sedo,5
Tecnotion GmbH,5
Team Montessori,5
Team PER,5
!! Überholen verboten !!,5
TOPTEQ Running Crew,5
ERNI,5
ESM Automatisierung,5
heatbeat,5
EUROLOG,5
hartmann consultants,5
Egon Zehnder,5
Elektro Meyer,5
guideIT,5
Emonianer,5
Erdbaulaboratorium Saar,5
Ergotopia,5
Eurowind Energy,5
FCS,5
FRAKO,5
FREY Rechtsanwälte Partnerschaft mbB,5
FRMT GmbH,5
FWT Aachen,5
Fastfields,5
Fette Compacting Running,5
Fiery,5
Forza Tecta,5
Fraunhofer IAO CeRRI,5
Friedhelm Göron,5
Fritz-Walter-Schule,5
Fundamental Läufer,5
G-Unit,5
ERP Flow Runners,5
EPIC - European Photonics Industry,5
GDE,5
EP Energie Deutschland GmbH,5
"individuelle Services, aber ein Team",5
Die eHexen,5
imbus Nord,5
Die flotten Sohlen,5
Die keuchende Kavallerie,5
Diederichs,5
DigiPara GmbH,5
Digital Frontrunners,5
Digital Result,5
Diorling,5
Doerner Team,5
Dr. Heimeier Executive Search GmbH,5
Dr. Klein Bremen,5
iOmx Therapeutics AG,5
i-unit group,5
DÄLKEN,5
E+B Stahlhandel GmbH & Co.KG,5
horunzoom,5
hofmeier & janowski,5
EAP Assist,5
EBI - Runners 4 Fun,5
EDAG,5
EDF Power Solutions,5
EDZARD,5
EINHUNDERT Energie,5
GBI-Genios Deutsche Wirtschaftsdaten,5
empact4future,5
Ingenieurbüro Fischer + Rickhoff,5
Heute und Morgen,5
Hochwald Kaiserslautern,5
Hoepfner BräuInvest,5
Holert,5
Holger Meyer Architektur,5
Holiday Extras,5
Hotwire PR,5
Huhn Vorsorge,5
THW OV Mettlach,5
ICMS GmbH,5
cadbauteam,5
IKSR,5
ILFA GmbH Hannover,5
IMAGO IT GmbH,5
c.r.p. law.,5
INCON GmbH & Co. Assekuranz KG,5
INFOMOTION Skygarden,5
INTENSE AG,5
IPETRONIK GmbH & Co. KG,5
ISARTAX,5
IT-P GmbH,5
buco Road Runners,5
bp fulfillment & service,5
Immer die Letzten,5
Immobilien Kafitz,5
bigFm x RAWBITE,5
Hitachi Berlin,5
cyber sailors,5
emetriq GmbH - Datalover,5
datasolut,5
GREIFFlaufprobleme,5
GROOMEREI Tierfriseur Weilerbach,5
GRUNDIG Business Systems,5
Gartner Magic Squad Run,5
GehBD,5
GehirnJogging,5
Geipel & Kollmannsberger,5
Gensler,5
Gesundarium GmbH,5
Gesundheitspraxis Köln Nippes,5
Giesinger Reha-Sport,5
Gissel Zalavarría,5
e-Company Lauf-Team 2025,5
Guardsquare Munich,5
GöGyKo,5
HIL Stützpunkt Koblenz,5
HLK - 175th anniversary run,5
Hager Vertriebsgesellschaft,5
Haier Elite-Team,5
df-mp Patentanwälte Rechtsanwälte,5
deepblue networks,5
Hays Hannover,5
Heidenhain,5
Heiße Luft,5
de running gäg,5
Die Stiere,5
Die Spa(ß)-Läufer,5
Die Service-Software-Sprinter,5
semvox GmbH,5
BADESOFA,5
BAMF Stuttgart,5
BBN + MBG Niedersachsen GmbH,5
BEONTRA,5
BFI läuft!,5
BKK Landesverband Mitte,5
BREBAU GmbH,5
BREWELO,5
BSG ABB & Hitachi Energy e.V.,5
BSV Juchem-Gruppe,5
Bachmann electronic GmbH,5
BakerHicks,5
Bartsch Rechtsanwälte PartG mbB,5
Bartz,5
Batten & Company,5
Bau AG Kaiserslautern / k-tec GmbH,5
Bau-Beine-Po,5
ppb Architekten + Generalplaner,5
BerlinOnline,5
Berner Fleck Wettich,5
Bethesda Runnerz,5
Beyond Presence,5
BfM,5
BioM Running for Bavarian Biotech,5
Bison Deutschland GmbH,5
schilling tute,5
Apollo Optik,5
Die Schreiberläufer,5
Apassionata World GmbH,5
#AFXläuft,5
#KuMläuft,5
#PeopleOfLieberty,5
#SteuerlichUnbedenklich,5
#diemitdemkater,5
zweiPM,5
4 gewinnt,5
404 Pace not found,5
ABB Robotics,5
ADS Steuerberatung München,5
AKG Software Consulting GmbH,5
AKJ,5
ALLEX SQUAD,5
ALTRAD - Team Germany,5
AMBAZ,5
ARS ATHLETICA - Wir sind die Zukunft,5
ASD GmbH,5
ASRplus,5
ATP Crew,5
AUNOVIS,5
uniquos,5
Abteilung Jugendpastoral,5
Aircargo Services Hannover,5
temp-rite,5
Aon-Freiburg,5
openfellas Freiburg GmbH,5
oneLake GmbH,5
Boardinghaus Eching,5
nursIT,5
Contargo,5
Courage Magazin,5
Cyber Sprinters,5
DFKI Darmstadt,5
DHL Supply Chain Hamburg,5
DIDImmo,5
DIOR Frankfurt,5
DIaLOGIKa,5
DR. EMI ARPA SKIN GmbH,5
DS Smith Packaging Deutschland,5
DVAG Wendelstein,5
komm.passion GmbH,5
DYNA-MESS,5
DZR GmbH,5
km Sport-Agentur,5
klartxt racing team,5
Das Kindl,5
Deutsche Reihenhaus,5
Die Clinotellis,5
Die Faultiere,5
infratest dimap,5
Die Logistiker,5
Die Patientenanwälte Mahr &Hannen,5
Die Peg´ler,5
Die SEBler,5
Consilium Vermögensmanagement,5
Club Aktiv e.V.,5
mdc.wup,5
CCM-Sprinter,5
numi,5
Bosch-Bremen,5
Breu und Schneider GmbH,5
neylux,5
nbk & Partner,5
naturstrom & friends,5
Bürgerbeauftragter Bayern,5
C. D. Büttner Sicherheitstechnik,5
CA Strategy,5
CADFEM Berlin,5
muse case,5
CLX Runners,5
City Outlet Bad Münstereifel,5
CONCRETE Capital,5
CPM Köln,5
CSW Neuwied,5
CT Lloyd,5
Camping Gülser Moselbogen,5
Caritas Freiwilligendienste,5
Carl Spaeter GmbH,5
Cassini,5
missio Internationales Katholisches,5
Challengers,5
Chimera biotec,5
Informa,5
IBLP Ingenieurgesellschaft mbH,5
Ingenieurbüro Schultis,5
Recordati Rare Diseases,5
WERTZ,5
Projx,5
Prosydon,5
QBE Hamburg Thunder 2025,5
Queens 2025,5
Queisser Bauplanung GmbH,5
WEBTASTIC TEAM,5
RC-Runners,5
WBS.LEGAL,5
RUD+SpanSet Ramstein,5
RadioReport Runners,5
Ranner Projektmanagement,5
RedTeam Pentesting,5
SD Worx GmbH,5
Reha Bergmannstraße,5
Reifferscheid & Partner,5
Relatio PR GmbH,5
Rhein- Wied Hospiz,5
Roche LegalGermany,5
Roeckl Sports,5
Rollfs Five,5
RunStar,5
Runner.Monks,5
Running Scouts,5
Runtime Exceptions,5
S&D,5
"Preyer - Data Driven, Street Proven",5
Preu Bohlig,5
Praxisteam Strähnz/Waldenburger,5
Praxis Höhn,5
Ohne Hebammen läuft nix,5
Weener Plastik,5
Wedemeier Wirtschaftsprüfer,5
Optris GmbH & Co.KG,5
Orano Runners,5
Organic Garden,5
Otsuka GmbH,5
PART.ner AG,5
Webeler Rechtsanwälte,5
PFI Planungsgemeinschaft GmbH,5
PI Merzig,5
PKF Nürnberg,5
Web Ente,5
PRODUCTION CONCEPT,5
PVS rhein-ruhr * Gemeinsam besser,5
Paper Runners,5
Parcel Pioniers,5
Walda & Partner,5
Peter Gross Hochbau GmbH & Co. KG,5
WSP MUC,5
Physio Athletics,5
Physiotherapie Christine Richter,5
Physiotherapie Schäfer,5
Planbar Panthers,5
Poseidon Bäderdienst,5
S-MM Roadrunners,5
SEIDEL Service Team,5
Obergammler/innen,5
Stream Runners,5
SolarRunners,5
Solarennt,5
SoleMates,5
Sozialgericht Gelsenkirchen,5
Sozialwerk Nürnberg,5
SpaßTrifftLeistung,5
Sportgruppe Rügen,5
St. Gundekar-Werk Eichstätt,5
St. Niki läuft!,5
Stadt Ahlen,5
Stefan Siegmann,5
Strahlentherapie Nymphenburg,5
Sturm der Liebe,5
SIRIUS GmbH - document solutions,5
Stürtz Maschinenbau GmbH,5
Sumitomo,5
SöRENNsen,5
T&W - Steuerflitzer,5
TAUWERK IT,5
TCO,5
TD - Tolle Druppe,5
TEAL,5
TEAM HÖCKER,5
TEAMGEIST,5
THE CAM FORCE,5
THOST Team Berlin,5
VONJAN Technology,5
Soho House Berlin,5
SmartRunners Berlin,5
VRPE - augment your brand,5
SKT,5
VerpackungsKontor Nord,5
SPECTARIS,5
SPOBIS FrontRunner,5
SQPI Runners,5
SSP-Team,5
START YOUR IMPOSSIBLE,5
SYNERGIE,5
Verbandsgemeinde Weilerbach,5
Sascha Lücker Dennis Lücker,5
Scandic Nürnberg Central,5
Schalungslos Schnell,5
Schmeing Bau,5
Schmidt-Hagius Steuerberatung,5
Schmitt + Sohn Aufzüge,5
Schokoladenmuseum Köln,5
Schwarz+Matt,5
Schäfer,5
Valtech Munich,5
Schülbees,5
Schützenverein Döhlbergen-Rieda,5
Selgros Berlin Lichtenberg,5
Shareholder Value,5
Shinsho Europe,5
VT-Runners,5
Odilienschule,5
PR-COM,5
Oberbank,5
Lantzerath Tankstellentechnik GmbH,5
Zühlke München,5
Klinik Schöneberg,5
Kölner Wohnungsgenossenschaft,5
Königskinder,5
Zreality,5
LAUFFREUNDE,5
LGAD,5
LMR GmbH,5
LOOMIS,5
LRE Medical,5
Laser Runers,5
M:ING Moser Ingenieure GmbH,5
Laufenten,5
Laufhelden,5
Lebenshilfe Heinsberg,5
Zahnzentrum Papert & Kollegen,5
Zahnarztmädels aus der Garnstr.6,5
ZM-I Nürnberg,5
Little Giants Care,5
Lucy Turpin Communications,5
Lufthansa InTouch,5
Lüki155,5
Kinderdialyse München,5
Kiga Kunterbunt,5
KeyRunner,5
Kap6,5
Intercityrunner,5
Investor Relations,5
Invisalign Smile Sprinter,5
Iron Mountain Deutschland,5
JCI Berlin,5
JW Marriott Hotel Berlin,5
Jobcenter LK Kaiserslautern,5
Jobcenter Merzig-Wadern,5
anwalt.de,5
andrena objects AG,5
Juit,5
ame GmbH,5
alfatraining,5
akut... Personallogistik,5
KFR - München,5
KIB Gruppe,5
airpower europe GmbH,5
KKH,5
KPE-Automation GmbH,5
KROHN Rechtsanwälte,5
agap2,5
M1 Fit Force,5
Laufende Verfahren,5
Tigerherz,5
Masterplaners,5
Westlake,5
Westland,5
Maguar Capital Management GmbH,5
Nagarrians Hive Stuttgart,5
Making Possible,5
Westnetz Kabelkiller,5
Maternas Erlangen,5
Nenikékamen,5
Wir lernen laufen,5
Motel One Freiburg,5
Meiller Kipper,5
Mo(o)re fun to run,5
Mit SAUTER läuft's !,5
Wohlers Finanzkonzepte,5
Mach Mit Mittwoch Club,5
Malt,5
Neuburger,5
NewStore,5
MaNidus Ingenieure GmbH,5
MSVH,5
Nexus Technology,5
Werkstatt für angepasste Arbeit,5
MSL,5
MONA on the Run,5
Noxon,5
OHB Digital Runners,5
OMNILAB LabRunner,5
Nipro Pure Water,5
hhpberlin Ingenieure für Brandschutz,4
Topcom,4
schneiderarchitektur,4
iconate GmbH,4
interev GmbH,4
WTM Engineers München GmbH,4
Uhde Inventa-Fischer,4
afrika tours Reisespezialisten,4
abat MUC,4
rku.IT,4
Wirtz & Kraneis Rechtsanwälte,4
schwegler rechtsanwälte,4
tonton Running Club,4
Wir tun es laufend,4
ahw,4
TurboTec,4
commit & run,4
Together we can,4
tzn,4
VIRO Berlin GmbH,4
Webrunners,4
bdp,4
indiwe,4
riba:businesstalk,4
arndtgruppe,4
VGF,4
rising systems AG,4
ZA,4
Zühlke,4
dsm-firmenich,4
Weindel Architekten,4
nextAudit,4
ePrivacy-Team,4
Very Fast,4
easyCredit Basketball Bundesliga,4
Zebracorns,4
mySolarFuture,4
UNI ELEKTRO Fachgroßhandel,4
Zahnärztekammer Bremen,4
laufende Kosten,4
eyeworkers,4
True & Fair Runners,4
elbe electronic GmbH,4
expertpowerhouse,4
exceet card,4
eneo Elements,4
mindshape,4
ZAR Landstuhl,4
Z24,4
YAVEON,4
WIA-Runner,4
VTG des DGB,4
dkHolzKonzept,4
red-anties,4
real interactive runners,4
Valeo Service Deutschland GmbH,4
medicoreha- Gesundheit bewegt uns!,4
Zurich Andy Felgner,4
Wohnmobile-Saarland,4
dein schulbegleiter,4
Valuezon GmbH,4
jucom.rennt,4
WOLFF & MÜLLER,4
dibauco GmbH,4
die Fernsehwerft,4
planb,4
die Mobiletten,4
Tractebel Hydroprojekt GmbH,4
die Verrückten,4
perinco GmbH,4
Zoom,4
digetiers.,4
Validatis,4
„EmHeSaTa - next stop: Ziel!“,4
BOHNZIRLEWAGEN,4
Raible + Partner,4
Boden in Bewegung,4
QBE Allstars 2025,4
Qurasoft GmbH,4
Bootsschule1,4
Born - Ermel München,4
REMEX SüdWest GmbH,4
Born2Run,4
Brandt Zwieback,4
Brillux,4
RUN GFD,4
Built by Köster,4
Buskow Funteam,4
InnoMa System GmbH,4
Böhm Industriegraphik,4
JUICY BEATS,4
C3 Berlin,4
Rechnungshof Rheinland-Pfalz,4
Interlloyd Hamburg,4
Insane for the Membrane,4
Inros Lackner,4
Reifen Lorenz GmbH,4
Inolaren,4
Reloaded Runners,4
Renius IT Solutions,4
Pruna AI,4
KAUFMANN Stahl,4
Projekt Freischwimmer,4
Prodware,4
Kitas St. Barbara und Kleine Arche L,4
Physio Schmidt,4
Kinderhospiz Löwenherz,4
Kilometer gegen Krebs,4
Physiotherapie Praxis Dynamik,4
Keller Schneider IP,4
PicoLAS,4
PilatesZeit,4
Karlscom,4
Plan 56 GmbH Elektroplanungsbüro,4
Bioenergie-Bayern,4
Kanzlei Steinkugler,4
Bitmarck,4
KUGI Speed Runners,4
PorzBreit-Heinis,4
KTG Karlsruhe Tourismus GmbH,4
KLEINE VERGABE GROSSE WIRKUNG,4
KKH Running Team,4
KInderschutzambulanz,4
Praxis Dr. Schürmann,4
PrimUS Medical Instruments,4
KD-Bank Dortmund,4
KBS-Bau,4
Rennmäuse,4
ResidenzRunners,4
Pflege bei St. Otto,4
Caritas-Akademie Köln-Hohenlind,4
SBG,4
Hähnchenflitzer,4
HÄFELE Die Besten,4
SEG,4
Human Skills,4
SIAK,4
Hotel Der Blaue Reiter,4
Host City Köln,4
SONNTAG,4
SPL Powerlines Germany GmbH,4
Holy Aperoli,4
Saarbrücker Zeitung Medienhaus,4
Rettungswache Polch,4
Hedwig-Trampert-Tierheim,4
Aktiv Assekuranz Makler,4
Aixemtec,4
Cells Team,4
Hagen Brandschutz,4
Agentur für wahre Kommunikation,4
HYPLIFE,4
HUM GmbH,4
HSPV NRW,4
HPY Steuerberatung,4
HOSPIZ EVK-Ddorf -Wir helfen laufend,4
Campus Cruiser,4
BImA Stuttgart,4
IB-SK,4
AllFair Trade GmbH,4
Rewe Team Ebeleben,4
Rhein-Erft Akademie,4
Rheinmetall,4
Andreas,4
Richter & Frenzel,4
Innere Parcside Gastroenterologie,4
CHEMEGRA,4
Incari,4
Immo Mühlberger,4
Amt für Soziales,4
CON RUNNING CREW,4
Altonaer Spar- und Bauverein eG,4
ITGAIN Consulting GmbH,4
Alpakafreunde,4
INNOQ,4
Run by Data,4
IMTB,4
Rundum schöne Aussichten,4
IMMportant,4
IKO Insulations GmbH,4
IGRF-Geparden,4
ID ENGINEERING,4
IC Allstars,4
Pflegedienst Am Körner Hof,4
Arbeitsgericht Gelsenkirchen,4
Agentilo GmbH,4
MAB,4
MRH Trowe,4
MILES FOR SMILES,4
Motel One TCO Düsseldorf,4
MHW Elite,4
Motio Berlin,4
Move2Lead,4
Moventia,4
MDS,4
MD Koblenz,4
Muckibude Forchheim,4
Multitone Elektronik Int.,4
Lütt Hus,4
Autorola,4
Lôwer,4
Ludwig Stocker Hofpfisterei GmbH,4
NEO-Consulting Champions,4
NLS Rechtsanwälte,4
NNIT,4
NWR,4
Nadine,4
B&W Software,4
Logopädie an der Wöhrder Wiese,4
NetWEB,4
Link läuft,4
Motel One Hamburg am Michel,4
Motel One Fidelitas,4
BAT-tery Low? Keep Going!,4
BTU Simon,4
BLG Köln,4
Materiales läuft!,4
Maximilian,4
Me and all Hotel Hannover,4
Medicus Coin,4
Medperion Services,4
Megatech,4
Melanies Hundeschule,4
BNP @ B2Run,4
BNP Stuttgart,4
Markel,4
Meprovision,4
BRAINS TRUST,4
Marburger Bund Bayern,4
MichalkeRosskopf,4
BRKH,4
Makler Moves,4
Maisenbacher Hort + Partner,4
BGN Runners,4
Mailänder Team Stuttgart,4
BSG Energie Westnetz Blitzstarter,4
MaNidus GmbH,4
MVZ Starter,4
Autotechnik Gebel,4
Link Innovation GmbH,4
Berlinhaus,4
Passstraße,4
Lang & Cie.,4
Audiotainment Südwest GmbH & Co. KG,4
PROTEMA Laufteam,4
PROXESS,4
PSD Bank RheinNeckarSaar eG,4
LZD,4
Papershift,4
LVM Oyten,4
LUH Sonderpädagogische Psychologie,4
LKU,4
Particulate,4
Assyrische Sterne,4
Baubetriebshof,4
Beratung to Go,4
Assekuranz Schlindwein,4
Paul-Gerhardt-Schule,4
LBS NordOst AG,4
Kukla,4
Pembroke,4
Kreutzer Consulting,4
People Love Running,4
Peper & Söhne,4
KommunalKonzept BW GmbH,4
Peter Fischer GmbH,4
PMS SPORTS,4
PMA,4
PLANUNGSGRUPPE VA,4
Laufbiester,4
Nippon Seiki (Europe) B.V.,4
Autohaus Klein & Kautenburger GmbH,4
Nordic Pharma,4
Bauhaus Dillingen,4
Notariat Dietrich & Oltmanns,4
Nowega,4
Aurantia,4
Life Fitness Europe GmbH,4
Nürnberger pilot*innen,4
O&R Runners,4
Augenzentrum Westpfalz MVZ GmbH,4
Ohning,4
# Kern Toranlagen & Parksysteme,4
Lena,4
Baumgartner & Partner,4
LebensOrte,4
Optik Jordan,4
Orange Cyberdefender,4
Laurum Ingenieure GmbH,4
Beinlich Beregnung,4
Believe Digital GmbH,4
Laufendes Verfahren,4
PBI Runners,4
HEUSSEN,4
Rügenwalder Mühle,4
TOP GYM Fitness GmbH,4
Team Mövenpick,4
Steuerberatung Seidel,4
Freiburger Freelancer,4
Closelink,4
Dr. Editha Helm- Bachmann,4
Storengy,4
Team Odenwäller,4
DERAG Immobilien,4
Franziskanerbrüder v. Hl. Kreuz e.V.,4
Franke Ingenieure für Brandschutz,4
Team Pressewerk,4
DEKRA - 100 Years,4
ADVICON AG,4
Sustainabears,4
FoxInsights,4
Synchronized Chaos,4
SÜDVERS. Läuft.,4
EEBA Blitzschutz,4
TEAM LEBEN,4
Classic Shoes Staufen,4
GAULY,4
Galeria Karlsruhe,4
Team SETLabs Research,4
Team Sportscheck,4
DRRP Rechtsanwälte,4
GREENBOX,4
GRABAND,4
GQS Runs with great people!,4
CityHunters,4
St. Joseph Kinder- und Jugendhilfe,4
GNA Architekten,4
GJW NOS,4
AGV Stade,4
100 Jahre Baugenossenschaft,4
Stadtwerke Freiburg GmbH,4
GIM-me Power,4
GEM,4
Team Roloff- Baukultur,4
GEBIT,4
DOK SYSTEME,4
GBH,4
ELO Digital Office GmbH,4
Florian,4
EPG,4
Cool Runners Distrelec,4
Tastenexpress-Fam,4
Team Haus am See,4
Tata Steel Hille & Müller GmbH,4
Eckerts Wacholder Brennerei GmbH,4
A&J Holzzentrum,4
Tatort Tempo,4
Eurofit,4
Convivo,4
Elektro Marc Jung,4
Fit im Körper. Clean im Code.,4
Ersatzteam,4
Team Artellium,4
"4 gewinnt ,-)",4
Team Asseco,4
Team Augenpraxiswest,4
Courtyard by Marriott Bremen,4
Engel&Völkers,4
Team DocWagner,4
FIXemer wie schnell,4
FMAC,4
Fahrzeughaus Konrad,4
Fast but not so furious,4
Team JSWD BLN,4
TECOSIM Turbo Team,4
DD TAX,4
TEGA PRIME,4
Colakation,4
TMM Selbstläufer,4
ADAN Runners Club,4
Compass Lexecon,4
Schulsozialarbeit,4
Compin,4
ETAGE 4,4
Fightclub,4
Team Hecht,4
TSO-DATA : IT im Herzen,4
Fensterflitzer,4
Complori,4
Felix,4
ALTENBURG,4
Stadt-Land-plus,4
Speedgoats,4
Signalwerk,4
Guidant,4
Sheraton Carlton Nürnberg,4
The Boutique Agency,4
The Alex Hotel,4
AXA Service Center Bochum,4
Die Fliesenflitzer,4
Spedition Peiffer,4
ASEAG,4
DZB BANK,4
Die Henritzi's und Co GmbH,4
Goss,4
Sixt Region West,4
Skradde Rechtsanwälte,4
Die KINO Runners,4
Goserver GmbH,4
Die Könige,4
Ab geht die Post!,4
The Cyber Runners,4
Team_MHL,4
The Seven Musketeers,4
Schweitzer Fachinformationen,4
Advantek GmbH,4
Schönau,4
David,4
Dennis Ralf Üzüm,4
TiMaSiKa,4
See& St.Nikolaus Apotheke Herrsching,4
Daluxians,4
Accsonaut*innen,4
The Pulse of Beauty,4
Seifert TO - Läuft bei mir!,4
Seilbahn Koblenz,4
Die Activets,4
CheckMyBus,4
The Fabulous 4,4
ChemInnovation,4
DWR eco,4
Engel RENT + SERVICE GmbH,4
Gemeinde Königsbach-Stein,4
ANGERMEIER INGENIEURE GmbH,4
Software Sprinter,4
Gemeinde Auggen,4
Die laufenden Lachse,4
Die lachenden Läufer,4
Geiger,4
Die Shooting Squirrels,4
Team tetys,4
Spalluto,4
Sozialstation Dreisamtal,4
Solitans,4
Team Tequila-Turbo,4
DRV Bund,4
Team-Pröchel,4
Solisyon GmbH,4
Laufend schlauer mit BBQ!,3
kraftschluck - SMOOTHIE VON HIER,3
EVOMOTIV,3
Ellerhold Witten GmbH,3
Leibniz-ZAS,3
Dina Elektronik GmbH,3
BODE Planungsgesellschaft,3
iteratec Karlsruhe läuft,3
Baker Hughes Digital Solutions,3
Luca,3
Ed. Züblin AG Projekt 134 INVEST,3
BayLfSt,3
Crefo Factoring DN GmbH,3
hallenpool,3
Ekstend,3
q.beyond AG,3
DiG+,3
Dohrn & Timm - Die Ziellinienzischer,3
Marina Brust,3
Elektrotechnik Gaul,3
M&H Group,3
Bahnmigos,3
Daniel,3
Digital Workout Run,3
Laufendes Kapital,3
BLS Energieplan,3
Deutsches Patent- und Markenamt,3
Drift + Noise,3
ETL Hecken & Salz,3
Logopädie Dennhardt,3
DEKRA Akademie GmbH,3
BURK AG,3
MVZ für KJP,3
Linovy,3
EDEKA Fun,3
Die Seitenstecher,3
EJS,3
Bank-Media GmbH,3
integer_fit,3
ENOMETRIK GmbH,3
Die Funtastischen,3
realtime visions,3
Die Steuer-Raketen,3
Die Unaufhaltsamen,3
Die Unfassbaren,3
MB Athletics,3
Zahnarztpraxis Krause,3
Die fantastischen 3,3
BS Profitpioniere,3
Los Tribologos,3
Die Faulwürfe,3
Die flinken Feudel,3
BRESTADT,3
prokommunal Runners,3
"Zahnflitzer - Biss zur Ziellinie ,)",3
Les filles positives,3
Die Ausgeschlafenen,3
BPG,3
Leon,3
kasasi,3
Zahnarztpraxis Dr. Kunz,3
Chamaeleon AG,3
EnBW,3
Giant Store Saarbrücken,3
Green Team IBG,3
cloudpunks,3
IB-Zammit,3
cetecom advanced Runners,3
Caldea Running Crew,3
Goldene Hände,3
Golden Girls,3
Glubb,3
IMPETUS PLASTICS Eng. GMBH,3
Glasshoppers,3
IQ Real Estate GmbH,3
Christof Fischer GmbH,3
HyCARE,3
bremenports,3
melantech,3
brandherm + krumrey interior archite,3
ITVT,3
IchAG,3
Ickerner Markt-Apotheke,3
early birds 9.31 Uhr,3
blackned,3
CCIS,3
bic 2023,3
CBP,3
Grenzlauf GmbH & Co KG,3
Gruber Holding,3
LaSiNa,3
Carneionautis,3
HWH Rechtsanwälte,3
HWK & Friends,3
HYDAC Systems & Services GmbH,3
digicom)) racing,3
HYUNDAI PowerProducts,3
digital.manufaktur GmbH,3
develop group,3
Hanabi Heads,3
H2Go - Meerjungfrauen auf Abwegen,3
Happy Hip(p)os,3
Cegeka Runners,3
Hausmeisterservice,3
Hoyer,3
HeißeHacken,3
Carmen Bassler,3
Hermsen-Immobilien,3
Hertling Hamburg GmbH,3
Hoch hinaus - powered by Hundt,3
Holcim Runners Bremen,3
Holtzbrinck,3
metafinanz,3
Gute Seele Saar,3
Grundschule am Karpfenteich,3
House of Communication Berlin,3
Infrontec,3
Gartenbau Seyfferth,3
Gaffga-Buhl - Immer weiter!,3
FV Münchweiler,3
Kanzlei Dr. Oehler,3
Kanzlei am Amtshaus,3
Firmengruppe Hauptstein,3
Katja Werner,3
FinanceAthlete,3
Best Western Nürnberg City West,3
Kitz Heimat,3
Klaus Union,3
Ferdis Schiffscrew,3
KleeMoe Media,3
KomRe-Runners,3
Krone Filter Solutions GmbH,3
Ci4Rail,3
Körperformen Wunstorf/Neustadt,3
FEGA & Schmitt,3
markt.de,3
Contsult PIM Team,3
LGA,3
LGST - Abteilung Rettungsdienst,3
Zimmerei Hoch Drei,3
Essential by Dorint Hotel,3
LZE GmbH,3
La Maison Hotel Team,3
ErikaPetraHelga,3
Kanzlei Bercher,3
Flachbäcker,3
agorum sportsteam,3
Foconis Runner,3
elaboratum Kölle,3
Innoview,3
GPInfra,3
GLADTOBE,3
JCS-ER,3
CAF Freibug,3
JUH Offshore,3
Burson,3
mediawave commerce GmbH,3
never on hold - earnesto,3
newcubator,3
Bosch Jehle PA,3
G.D,3
Friseur SENSES,3
Julia,3
BockSchmidtfisch,3
K+M,3
FraudAverse GmbH,3
Cloud Runners,3
alcera Kommunikationstechnik GmbH,3
Code. Coffee. Run. Repeat.,3
Forever young 2024,3
KS Engineers,3
Wöhrder See parkrun,3
Datera Solutions,3
Planungsgesellschaft Dittrich,3
Team DZ Privatbank Bayern,3
Penziletten,3
thinX-Team,3
"Run, Winning Style",3
Pezzo di Pane,3
Team Eichdirektion Nord,3
RuhrKanzlei,3
Alpha FMC,3
Sozialverband VdK KV Kaiserslautern,3
Apotheke Am Dobben,3
UNITY SpeedForce,3
Pollux ems GmbH - Testing Runners,3
Team Biengen,3
VIVIT Spaces GmbH,3
Physiotherapie Schug,3
Spart-IQ-s,3
42DIGITAL GmbH,3
Taxperten,3
7reach,3
Anaconda,3
Talixo,3
Allthings GmbH,3
Team GEKA,3
Aryzta,3
yntro,3
Team NAL,3
POMMM,3
Team LeftLane,3
Team Laufladen,3
PRK DreamHaus,3
Staub & Co. - Silbermann GmbH,3
Team Kanzlei BBK,3
verticalAds Group GmbH,3
Atoria - the people software GmbH,3
Team Kalli,3
Team Jumu,3
Team Hochspannung,3
Team Hecom,3
Team Hebamme,3
Runtime Error,3
Sonja,3
smic! Events & Marketing,3
Running RISERs,3
Alles mit Bedacht,3
Pohlmann-Steuern,3
Spiele-Palast,3
verspätet2023,3
Stürmchen,3
RE.SQUARE,3
REDEVCO,3
RINET,3
Recycling Runner,3
TEAM Springer,3
Stadt Energie Speicher,3
Realschule++Karthause,3
AEMP Saar,3
Sun Shine,3
Stromer,3
Porties Köln,3
RUNNINGforKIDS,3
RZVN,3
Stricker Architekten,3
AFS Aviation Fuel Services GmbH,3
Stadtentwässerung Herne (SEH),3
Steuerkanzlei Knipping,3
Stahlwerk Bous,3
Start To Finish,3
AI Runners,3
ADD,3
TEAM TOPSTEP,3
Staatliches Museum Ägyptischer Kunst,3
TEG,3
Porties München,3
Porties Stuttgart,3
Sport-Zahnteam,3
Powerjosefs,3
Apollo Optik GmbH & Co.KG,3
Anchorpoint,3
VIC Planen und Beraten,3
Taboola Germany,3
Prize by Radisson,3
Pro-eltek GmbH,3
Sportgruppe Reimann,3
TSG Wahre Erste,3
Andrea,3
TRIBICON Heroes,3
"Rennzwerg,Schnaufschnecke&Laufprotz",3
Sportgruppe Wyhl,3
WELLNESS MOBIL LERNPORTAL,3
Pulsfühler von Josephsburg,3
TERRANUS,3
P&C1,3
Runtime Errors,3
Oxpark,3
NMO4ever,3
Mighty Team,3
B23,3
Miele Center Frauenrath,3
Saint-Gobain NorPro,3
Accellence Technologies,3
Schnetzer Puskas,3
Sellvin AG,3
The Fast Flow Meters,3
B4,3
Trio Infernale,3
NRF,3
Schnellen Flitzer,3
Topos Team,3
B&B 2025,3
Michael Mann,3
STROLLO,3
Team für Technik - Karlsruhe,3
Minddistrict,3
1. SC Goffingen Allstars,3
Teckslot,3
Transfer Partners,3
TelemaxX Telekommunikation GmbH,3
Teilprojekt Sport,3
#teamcimt,3
Schreinerei Rahm,3
BET Consulting,3
BBP Beratende Ingenieure,3
Sebastian,3
'Der EVT macht''s möglich!',3
"Wir machen Dampf, ganz emissionsfrei",3
Team zigzag,3
§-Läufer,3
Team mhplus Ladies,3
run4fun,3
Sebastian Wehrle & friends,3
BAD GmbH Koblenz,3
Triple Speed,3
AÖGW Berlin,3
Schnelle MVD-Schnecken,3
OBS Runners,3
OGE,3
OST Paschotka,3
Tunnelbauer,3
ASCAVO,3
SG Iffoxx,3
Smart and Digital,3
Aufwind. Training & Erlebnis,3
BIT,3
SCHULTE RECHTSANWÄLTE.,3
Turmbau Steffens & Nölle GmbH,3
Maxiko,3
Orthopädie-Technik Kächele GmbH,3
Osteo Amon,3
Outlaw FAA Bremen,3
Max,3
Savills,3
SCHMITT & Partner,3
#CBRE#DreamTeamGreen,3
AUTLOR,3
SLOW & FURIOUS,3
Merkl Ing.,3
SLP Team,3
Nur drei Läufer,3
Agentur für Haushaltshilfe,3
SSP AG Aachen,3
Merkle & Partner Steuerberater PartG,3
NinetoSix,3
BImA Karlsruhe,3
AXA KRASNIQI,3
Sarah,3
Membrapure,3
Autowelt Turbocharger,3
Nine United Design,3
Mercuri,3
die perfekte Welle,2
Schneller als der Strom,2
HNO Praxis Dr. Göpel,2
GLITZERFLITZER,2
VdK Lauf-Hersbruck,2
Schmusipuh,2
GMP,2
SquaredForce,2
ALFILTRA,2
Sportjoe,2
Schuh+Sport Palast,2
Solar Consulting,2
Glaser,2
eGroup,2
ANVL,2
Simon,2
AMBION,2
Grumber Box,2
Christoph,2
Georgi & Henning,2
VKD,2
Gemüsekiste Hartmann & Rönicke OHG,2
Gemeinschaftspraxis Adolph & Mißler,2
Gemeinde Putzbrunn,2
Seppelt GmbH & Co KG,2
Geländer-design.de,2
meravis Immobiliengruppe,2
Selpaw,2
Gammi,2
Galopprennstall Werning,2
Speedy Owls,2
Selina,2
Global Logistics Support GmbH,2
GÖHpeople,2
SeelenGlück,2
Gaffel Becker & Co oHG,2
GS Berlin,2
GRÜNschaffen,2
Staub & Co,2
Wöhrder See Parkrun,2
GBI,2
DHL Express Dortmund,2
Team Tierphysiotherapie Molina,2
Team Slo-Mo,2
DR Transporte,2
Team Schnecke,2
Dokuschmiede,2
labbégrund GmbH,2
Team Recosyn,2
Doristas,2
Dr. Folz Gleitlagertechnik GmbH,2
laufwunder,2
Die laufenden Zinsen,2
Team Neighborfoot,2
Driven Solution GmbH,2
Dräger Renngas,2
Dynamisches Duo,2
Dünnes Knäcke,2
Düsterwald - Schneider,2
2,2
EASA,2
EGN Entsorgungsgesellschaft Niederrhein mbH,2
Die rasenden Aktenvernichter,2
Die glorreichen ZWEI,2
EMONS,2
Die Cony´s,2
Tim,2
Dehmer-Vertriebs GmbH,2
DeichStube,2
kikeriki,2
The Turtles,2
The Powerpuff Girls,2
The Extra Milers,2
Die Burgläufer,2
Die Chillkröten,2
#gellteampower,2
Team bonett,2
Testlauf,2
Die KaLi-brierung läuft,2
Teamläufer,2
TeamDoubleTrouble,2
Die Tschappinnen,2
Die Wölfe,2
Die besten Pferde im Stall,2
in-akustik - wir laufen stereo,2
Die drei K's,2
Team Kroschke,2
EURAjobs,2
Step Sisters,2
Finanzamt KL,2
Taktikfreunde 73,2
Fabian,2
ACE Running Crew,2
Familie Prange,2
Tactonom: Sensing the Way,2
mateco GmbH,2
ACKER AG,2
ADAC Vertragsanwalt Gerd Müller Saar,2
TRI Go Slowers,2
Finanzverwaltung Rheinland-Pfalz,2
Haare grau aber Hüfte aus Titan,2
weberontour,2
Fit It,2
Coding Super Sprinter,2
Flexoplast,2
Florence the machines,2
T-square,2
walz@run,2
VDV Berlin,2
voestalpine group-IT,2
FUN 25,2
A.I.,2
EUROKONGRESS,2
Team Faltin,2
EWS,2
Easy Peasy,2
EasyApotheke Dillingen,2
DB Resterampe rockt!!!,2
DB Energie - Betriebsbereich Mitte,2
Einzelstarter,2
UDG,2
Team Funny Runners,2
Elektro Bartruff,2
UKB,2
Team,2
Team Erneuerbare,2
www.ENION.de,2
Energie,2
42,2
Ergotherapie Praxis Anna Skala,2
Team Aperol Sprint,2
Team Andersen,2
Estate Sprinters,2
50%Dreamteam,2
Sautastics,2
Hochschulsport Freiburg,2
Apollo Tyres,2
Bergische-RUN-Kugel,2
WSP Deutschland AG,2
Phorms Berlin Süd,2
Aramark,2
Pfaffenroter Ladys,2
Kleine Rückblende,2
Persch Consult GmbH,2
Berliner Originale,2
Berlin Heros,2
Berlin Forum,2
Aschemann,2
LES SAVOYARDS,2
Laufen in Köln,2
Passion Performance,2
PartnerInCrime,2
ParshipMeet Group,2
LOREBO,2
Wash&Rent,2
Panea,2
Attikon,2
Benni & J.,2
Landport,2
Benjamin,2
Best Friends,2
Physio Posthausen,2
sponsoRing,2
Kevin,2
Juli Susann Photographie,2
Aon Holding Deutschland GmbH,2
Julia+Ingo,2
Jungjohann running crew,2
stp.one Köln,2
Blondies on Tour,2
Prosecco Pace,2
Profundis Labs,2
KINA INGENIEURE,2
Praxis Dr. Cocic,2
KNX-Trainingcenter.com,2
Power Run,2
Possible,2
Porties Freiburg,2
Hallo Holger,2
WK-Statik,2
Big Bubbles,2
Pistono Immobilien,2
Kehrkraut,2
BezzRunners,2
Beutelsbacher Fruchtsaftkelterei,2
PKTRONIC,2
PB3C,2
JuJo,2
Mit Power für Hebammen,2
"Wir dachten, es gäbe Kuchen",2
Motel One München-Olympia Gate,2
Motel One München-Haidhausen,2
MSO,2
qupaya,2
MUSIQUE ELECTRONIQUE,2
Mollenhauer Beraten & Planen GmbH,2
BGN München,2
Model - Team KL,2
Moalp,2
Michelle,2
Bellinis,2
robinson2,2
Manuel,2
MarTechSaar GmbH,2
BRAnners,2
Marc,2
Marcel,2
Meyer`s Team,2
BGT Germany,2
Meljes,2
WÖHRLE,2
running nurses,2
MAHEBO,2
William Koch,2
Löwe&Kuschelbär,2
Bellalashes,2
Webseiten-Helden,2
Olympiastadion Berlin,2
Weddig,2
Oliver Schnau,2
Oliver,2
Leo & Vany,2
Augen auf!,2
Ohm-lympics,2
Lichtenbank,2
Nägel mit Köpfen,2
Lilian Kämmerer,2
Autobahn GmbH - AS Heidelberg,2
ZW Lauf Coaching,2
Avenga Germany GmbH,2
Barco Runners,2
Netqa:EfficientTesterNQualityAthlete,2
Lohmann Druck,2
Love is Pain Tattoo,2
Müller,2
Lukky Legs,2
Booking.com Deutschland GmbH,2
"Till rennt, Tia lenkt",2
SBFV,2
Inros Lackner Bremen,2
Improvia Germany GmbH,2
SD50 Schweißvergnügen,2
Ja klaHR!,2
codefortynine,2
Anna,2
Heja BVB,2
Rosenberg Nord GmbH,2
Anfänger,2
Hendrik,2
Carmen,2
Alexandra,2
S&F,2
SYNABI,2
RESTART 25 _ ready to GO,2
Busenfreundinnen,2
Andrej,2
SWK Happy Runners,2
ReisefindLIng Lisa Bäuerle,2
Rennmäuse der Kita an der FU,2
Hobbyläufer,2
VermKA WWT,2
SHF Runners,2
Infront,2
RoMi,2
SI PRO GmbH,2
AnTo,2
CBRE,2
Robin,2
Care Vision,2
datenschutz süd,2
Rumstieg,2
Annika,2
Sarah Stucky Coaching,2
Boysen & Jordan GmbH,2
Brandlöscher,2
ROSIC IMMOBILIEN,2
Hanna,2
Sara,2
Jogg Güzel,2
Antivirus,2
IBK,2
Bräunig & Co.,2
Running Team Dreßler,2
Aktiv auf dem Asterstein,2
IG Metall Koblenz,2
Happy runners,2
IMPACT Group,2
neteleven GmbH,2
buschek lufttechnik,2
Sabrina,2
Hausmann's,2
Run 4 Fun,2
Sabrina & Eliana,2
Robert Gumz Immobilien,2
Cassini Runner,2
Bundesamt für Strahlenschutz,2
RunnersSisters,2
Jannis & Linus,2
Carina,1
Ayotte,1
Christina,1
Bartlomiej,1
ATS Industrial Automation,1
Balakumaran,1
Bora,1
1,1
B13,1
Das Labor,1
Daria,1
Ahlen,1
Önder,1
#Team112,1
Celina,1
Dagmar,1
Cerstin,1
BRÜNING INTERIORS,1
Alex,1
#kundenflüsterer,1
BSG Wüstenrot & Württembergische,1
Charlotte,1
AdSpendAndEndspurt,1
Alexander,1
BAMBUS,1
BAAINBw,1
pxlbrands GmbH,1
Alexandros,1
0711 Runners,1
BWV Hannover,1
Christian,1
Benjamin Nelle,1
Alina,1
Allan,1
Anja,1
Bettina,1
Betül,1
Anna-Katharina,1
Béla,1
Anna-Maria,1
Bianca,1
Big,1
AFri,1
Bilel,1
Annemarie,1
ABUS Kransysteme GmbH,1
Birgit,1
Clara,1
Bundeswehr,1
Claudia,1
Concordia,1
Bitte hier den Teamnamen eingeben,1
Buckle Up,1
webjuice,1
Björn,1
onemoreoption.ai,1
Bob,1
ADD LaS,1
Bottler Consulting,1
Angelica,1
CrashLoopBackRun,1
Bernard,1
Anas,1
DLRG,1
Christopher,1
CRONIMET BSG,1
ALÍTUS & MOCEDI - Kompetenz vereint,1
Amalya,1
American Dream,1
tellerrand,1
Attila,1
Amir,1
Athletic Factory,1
DB/VDES,1
Cinemo Gmbh,1
André,1
2 Brothers,1
Asklepios,1
Arzu,1
Andre,1
CARLSWERK Rechtsanwälte,1
plicatec,1
lingling,1
Artem,1
Claire,1
Crockett & Tubbs,1
Cristina,1
Agi,1
Juule,1
Denise,1
PupsKnödel,1
"Praxis Dr Cornelia Lehmann, Pasing",1
Polly Ivanova,1
Physiorunner,1
Physiopraxis Tobias Hüttenberger,1
Philipp,1
Pfalz-Orthopädie,1
Peter,1
WWK - Eine starke Gemeinschaft,1
Wadenkrampf,1
Pedro,1
Paulo,1
Paul,1
Patrick,1
Patricia,1
WartenbErgo,1
Parloa Runs,1
Pagliari,1
Pröchtel,1
ROTHRUNNERS,1
We Run2B,1
Rafael,1
Vivienne,1
Vladyslav,1
Roberto,1
Robert,1
Ringo,1
Riesen Eumel 2025,1
Rico,1
Riccardo,1
Red Hat GmbH,1
Red Hat Germany,1
Red Hat,1
W. KÖPP GmbH & Co. KG,1
Ravilal,1
Raphael,1
Ramada Nürnberg Parkhotel,1
Ralf,1
Rainer Schulte-Loh,1
PV Baumann,1
Olivia Geiersbach (BMAnetworks),1
Rolf,1
Moosatsch Freunde e.V.,1
Mona,1
Mohamed,1
Mirka,1
Miriam,1
Michele,1
Melzer GmbH,1
Melisa,1
Matthias Bauermeister,1
Matthias,1
Matteo,1
Mathias,1
Wüstenrennmaus,1
Maschinensucher1,1
X. X. X,1
Marie,1
Maria Paula,1
Marco,1
Monika Haase,1
Mtu,1
Olena,1
Winston,1
Weiss IT - Runner,1
Nur der HSV,1
Not Fast But Furious,1
Norbert,1
Nils-Jannik,1
Nicole Quade,1
Nicole,1
Nico,1
Neff GmbH,1
Nawel,1
Natalya,1
Nancy,1
NONAME,1
Willi Barbara,1
Möbel Karch,1
MÜLLERDÄCHER,1
Mustafa,1
Rohan,1
Roman,1
Mansij,1
Team Aktiv 1-2-3,1
Ulrike,1
Ultra Höhnis,1
Tanisha,1
Tajana,1
TUS Pommern,1
TSV Anderten,1
TS,1
United,1
TOM's LKW - Fahrschule,1
Unternehmen WGV,1
Untis Niedersachsen,1
Swiftie,1
Susanne,1
Susann,1
Stiftung Pfennigparade,1
Stephanie Lohse,1
Step Ahead GmbH,1
Tatjana,1
Ugur,1
Stefan,1
Team EGroupware,1
Timo,1
Tick,1
Thomas,1
The Corrs,1
Track,1
Teddy,1
Tri-Team-Heitersheim,1
Tria Technologies GmbH,1
Trick,1
Team Ungewitter,1
Team Spaß,1
Team Rosa,1
Team Malle,1
TÜV Süd Life Service,1
Team HHV,1
Team Evi,1
Team ESTB,1
Stefanie,1
Speedy Zizou,1
Roßbruch Consulting,1
Saskia,1
Sandro,1
Sandmännchen,1
Salty Crew,1
Sabine,1
Vereinigte Lohnsteuerhilfe e.V.,1
Verenice,1
SZ,1
STB Mrosek,1
Römerschule,1
Ryan,1
Victoria Sibatorkina,1
Running Mommies,1
Running Gags,1
Vincent,1
Rummelsberger Diakonie e.V.,1
Vision Impulse GmbH,1
Rudolf,1
Sarah-Lena,1
Schnell wie der BlitZ,1
VIP-MEDIA,1
Schriftdolmetscher NRW,1
SozialBank,1
VKKD,1
Somphon,1
Solviron Solutions,1
Software,1
Smartpraxis,1
Sky is the limit,1
Silvia,1
Silke,1
Shirunning,1
VT Rockenhausen,1
Shirly-Lee,1
Selinus Capital Advisors,1
VW,1
Selinus Capital,1
Valentina,1
Schön Klinik,1
Mara,1
Mandy,1
Deniz,1
HAHOHE,1
Gutschein eingelöst,1
Gutenberg Rechenzentrum GmbH & Co. KG,1
Gustav Schiele Import-Export,1
Gudrun,1
Gloria Kulla,1
Gianni,1
Giacomo,1
Getränke-Koch GmbH,1
Georg,1
Gaffel Becker & Co. oHG,1
GSM,1
GPI,1
GORE,1
GEERS,1
Förderverein Kinder- und Jugendhospiz Regenbogenland e.V.,1
Fun,1
Frieden,1
Göker Acar,1
HDI,1
Franziska,1
HDW,1
Infoniqa,1
Ines,1
Indra,1
Igel,1
IR,1
IC-Keller Ingenieure & Consultants,1
IAV GmbH Ingenieurgesellschaft Auto und Verkehr,1
IAV,1
Hskan,1
Hicham,1
Herby,1
HelenA,1
Hausarzt Neuried,1
Hartwich Group,1
Harama,1
Happy walker,1
Hans-Peter Sonntag,1
Frederik Ruppert,1
Frank,1
Ingenieurbüro Heinloth GmbH,1
EPIE,1
E.,1
Dunja,1
Dreßler Bau Niederlassung KA,1
Dreambirds,1
Dr. Lange,1
Dominika,1
Domenic,1
Dmitri,1
Dirk,1
Die schnellen Libellen,1
Die Schülerhilfe,1
Die Labormäuse,1
Die Egloffs,1
Diana Hauser,1
Diabetologie Dachau,1
Deutsche Investment,1
Dennis,1
E/E-Systemgestaltung,1
ERDINGER Active TEAM,1
Flashpoint,1
Edgar Weibert,1
Fiona,1
Finian,1
Finanzaemter Aachen,1
Felsner,1
Feigen Graf Rechtsanwälte,1
Fatemeh,1
Evelina,1
Euromobil Gmbh,1
Euro Training,1
Eugen,1
Erika,1
Emmanuel Onyedikachi,1
Ellen Moran,1
Elke,1
Elias,1
Einzelstarter Sascha Schwehm,1
Einstein,1
better decisions,1
JD Racing Team,1
Mammamia Rennende Kabel,1
Lehrstuhl Stadtplanung,1
Laufteam Flexsys 2024,1
LaufspassNiedersachsen,1
Laufmaschen,1
Zeinab,1
Lars,1
Landesamt für Einwanderung,1
Laksith,1
Zone 5,1
Köster,1
Kristina,1
Krishna Subramanya,1
Kraus & Naimer,1
Kornrumpf,1
Kocks Consult GmbH,1
Kitti,1
Kita St. Peter und Paul,1
Kita St Peter und Paul,1
Lea,1
Let’s go,1
Kevin Schössow,1
Lilly,1
Maler Weber GmbH,1
Yannik,1
MagmaSoft,1
MWI Steuerberatungskanzlei,1
Yusuf,1
Yves,1
Yvonne Frau Kebschull,1
M. Maier,1
Lynn,1
Lucien,1
Lucas,1
Louisa,1
Louis,1
Lisa Benz,1
Lisa,1
Lindemänner,1
Linde,1
Kim Anna,1
Kerstin,1
JO.BE.SCH,1
Jonas,1
John,1
Johannes Stracek,1
Johanna,1
Jochen,1
Joachim,1
Jessica,1
Jenna,1
Jeevarathnam,1
Jason,1
Jasmin,1
Janine,1
Janina,1
Jana,1
Jan Ingwersen,1
Jan,1
Jakob,1
Jablovski,1
Jona,1
Jordan,1
Keller,1
Josef,1
Kathrin,1
Katharina Kunde,1
Katharina,1
Karo,1
Karla,1
Karina,1
Kai,1
KFZ Klinik Klein,1
alfateam,1
KAP,1
alfatraining Bildungszentrum GmbH,1
Jürgen,1
Tilman,1
Julian,1
Juan Sebastian,1
Josua,1
Joshua,1
Leo,1
