city,year,competition_id,page,url,raw_text
Muenchen,2025,4355,1,https://www.maxfunsports.com/result/competition?id=4355&page=1&per-page=50,"Ergebnisse B2Run München - Einzelwertung            - MaxFun Sports - #1 Laufsportplattform in Österreich MaxFun Newsletter abonnieren MaxFun auf Instagram MaxFun auf Twitter MaxFun auf Youtube MaxFun auf Facebook Magazin Anmeldung Ergebnisse Kalender Bilder & Videos Trainingspläne Community Über uns Veranstalter Themen Mud Race Beat the city 2026 Rabatt und neue Medaillen im Fokus Raus aus dem Winterschlaf – rein ins Hindernis-Abenteuer 2026 Beat the City 2026 startet mit starken Neuerungen und Rabatten Laufsport Marathonbühne Prag – Mario Bauernfeind glänzt für Österreich Richtig essen vor dem Wettkampf: Das zählt in den letzten 24 Stunden Sabastian Sawe sprengt die Marathon-Grenze Training Laufsport im Mai Jetzt erreichst du deine Topform Laufen rechts Radfahren ohne Licht Wenn Regeln egal werden Run-Deutschland RUN5 Teamstaffel 2026 startet mit neuem Staffelkonzept Alle Termine der B2Run Saison 2026 stehen fest Trainingspläne Laufsport-Exzellenz in 8 Wochen Trainingsplan zum Abnehmen Tipps & Trends Garmin Lauf Smartwatches fuer ambitionierte Laeufer Mit RUNNING & Fitness Videos Lauf-ABC Video MaxFun Sports - Lauf ABC skipping Video MaxFun Sports - Lauf ABC sidesteps Videos Kräftigung Video MaxFun Sports -  Squats Die erste Übung für den unteren Rücken Frauen Fitness Warum Laufen für viele Frauen zum Fitness-Booster wird Winterfit in 20 Minuten Walking und Kraft fuer jeden Tag Crossfit Warum CrossFit für viele – auch Läufer – sinnvoll ist CrossFit als ganzheitliche Trainingsmethode Ernährung Ernährung für Ausdauersportler im Mai richtig anpassen Ernährung für Ausdauersportler im Februar und März International Prag wird zur Marathon Bühne für die Welt Coelmo Napoli City Half Marathon: Neapel ruft für 2027 Triathlon Triathlon Schwimmtraining für Einsteiger Technik Tipps und Motivation Schwimmtraining für Triathleten Tipps für Pool und Freiwasser Gesundheit Warum Laufen den Darm stärkt und deine Leistung steigern kann Warum Ausdauersport für Frauen besonders gesund ist International-ENG Last 50 places - Prague Orlen marathon Ceske Budejovice Aktuelle Artikel Marathonbühne Prag – Mario Bauernfeind glänzt für Österreich Richtig essen vor dem Wettkampf: Das zählt in den letzten 24 Stunden Laufsport Termine Demnächst 7. Mai 2026 Herzlauf Wien 7. Mai 2026 Raiffeisen Businesslauf Graz 7. Mai 2026 Business2Run Gmunden 8. Mai 2026 Triestingtaler Sunset Run Marathon Marathon / Halbmarathon / Viertelmarathon: 9. Mai 2026 Gerolsteiner Helgoland Marathon 9. Mai 2026 Leiden Marathon 9. Mai 2026 GutsMuths-Rennsteiglauf International 7. Mai 2026 Deutschland B2Run Karlsruhe 8. Mai 2026 China, Volksrepublik Hyrox Hong Kong 8. Mai 2026 Schweiz B2Run Schweiz Basel Triathlon & Duathlon 14. Mai 2026 Stuiben Trailrun 15. Mai 2026 Apfelland Triathlon 24. Mai 2026 Schwarzataler Triathlon 30. Mai 2026 Triathlon Kirchbichl Laufsport Fotos & Videos Veranstaltung 3. Mai 2026 Prag Marathon 12. Oktober 2025 Graz Marathon 4. September 2025 Wien Energie Business Run Retro 16. Mai 1993 Stadtlauf Oberndorf 1993 10. April 1994 Vienna City Marathon 1994 1. Januar 1999 Welschlauf 1999 Community 12. Oktober 2025 Sefik Mehmedbegovic Graz Marathon 7. September 2023 Richard Haunold Business2023 27. August 2023 Mario Nagele KL_VM_MN01 Neue Videos Grazathlon 2021 Graz Marathon 2019 Vienna Night Run 2019 Ergebnisse B2Run München - Einzelwertung Home Ergebnisse B2Run München Einzelwertung Wertungen filtern: Frauen Männer Wertungen und Altersklassen nach Vorgaben des Veranstalters. Zeige 1-50 von 36.080 Einträgen. Pos Stnr Vorname Nachname Nation Club / Team Kategorie GPos KPos TPos 1. 43737 Caleb Trabitzsch GER VK Energie offene Klasse 1 1 - 00:17:08.0 2. 6422 Clemens Bleistein GER LMU Klinikum offene Klasse 2 2 - 00:17:10.0 3. 44144 Josef Diensthuber GER Wacker Chemie AG Ü40 3 1 - 00:17:37.8 4. 39020 Maximilian Krautwig GER SKFV BMW Group offene Klasse 4 3 - 00:17:41.9 5. 38448 Kajetan Troppmann GER SKFV BMW Group offene Klasse 5 4 - 00:17:42.0 6. 30137 Steffen Burkert GER LMU München offene Klasse 6 5 - 00:17:55.7 7. 11088 Frank Merrbach GER Running Strong: Symeo & indie Ü40 7 2 - 00:18:00.2 8. 38166 Markus Göttert GER SKFV BMW Group offene Klasse 8 6 - 00:18:10.7 9. 13181 Jean-Benoit Merte GER Allianz offene Klasse 9 7 - 00:18:11.5 10. 10126 Marius Kroll GER Scalable Capital offene Klasse 10 8 - 00:18:12.0 11. 14724 Timo Lörch GER Amer Sports Deutschland Ü30 11 1 - 00:18:16.5 12. 27620 Korbinian Rudzki GER Knorr-Bremse GmbH Ü30 12 2 - 00:18:27.5 13. 15375 Hiob Gebi GER Arvato Systems GmbH offene Klasse 13 9 - 00:18:29.4 14. 6586 Patrick Oehler GER LMU Klinikum offene Klasse 14 10 - 00:18:30.2 15. 6492 Yuntao Hao GER LMU Klinikum offene Klasse 15 11 - 00:18:38.9 16. 8731 Andriy Prots GER MTU AERO ENGINES AG Ü30 16 3 - 00:18:44.8 17. 8658 Markus Kolb GER MTU AERO ENGINES AG offene Klasse 17 12 - 00:18:48.2 18. 21253 Pirmin Schuster GER DRESO - MACHEN DÜRFEN Ü30 18 4 - 00:19:01.0 19. 6731 Christopher Lance GER LMU Klinikum offene Klasse 19 13 - 00:19:01.2 20. 10156 Dennis Wetzel GER Scalable Capital offene Klasse 20 14 - 00:19:11.9 21. 39882 Roman Schindlbeck GER SKFV BMW Group offene Klasse 21 15 - 00:19:12.0 22. 16575 Alexander Rieckmann GER Beautyful Hips - Praxis Dr. Völker offene Klasse 22 16 - 00:19:13.3 23. 11838 Manuel Kochendörfer GER Vitafy offene Klasse 23 17 - 00:19:13.6 24. 39652 Julian Cocera Canas GER SKFV BMW Group offene Klasse 24 18 - 00:19:14.2 25. 38613 Tobias Brenner GER SKFV BMW Group offene Klasse 25 19 - 00:19:18.5 26. 13732 Christian Jais GER Allianz Ü45 26 1 - 00:19:21.0 27. 5068 Christian Hilmer GER IABG Ü35 27 1 - 00:19:25.2 28. 44170 Markus Sirl GER Wacker Chemie AG Ü45 28 2 - 00:19:26.8 29. 21179 Matthias Kolb GER Dr. Schenk GmbH Ü35 29 2 - 00:19:28.7 30. 31797 Sven Meyrer GER Team MHB Ü40 30 3 - 00:19:29.0 31. 43247 Michael Ott GER UniCredit Running offene Klasse 31 20 - 00:19:29.5 32. 22868 Felicia Körner GER FAST LTA offene Klasse 1 1 - 00:19:31.3 33. 38273 Kilian Lerch GER SKFV BMW Group offene Klasse 32 21 - 00:19:34.7 34. 44019 Angel Sampedro GER W. L. Gore & Associates GmbH Ü40 33 4 - 00:19:35.9 35. 43478 Janek Gruber GER VBG Ü35 34 3 - 00:19:36.8 36. 52423 Stefano De Nicola GER Die Extraterrestrischen offene Klasse 35 22 - 00:19:37.7 37. 16742 Jakob Strauß GER Bertrandt Ingenieurbüro GmbH offene Klasse 36 23 - 00:19:38.9 38. 17647 Uriel Blumenthal GER Bristol Myers Squibb GmbH & Co KGaA Ü35 37 4 - 00:19:40.2 39. 42925 Daniel Rubisoier GER TÜV SÜD Ü40 38 5 - 00:19:41.2 40. 1264 Thomas Mittag GER Bayerische Versorgungskammer Ü45 39 3 - 00:19:42.9 41. 36787 Emanuel Graßl GER Team Siemens AG offene Klasse 40 24 - 00:19:43.2 42. 28656 Santiago Linares GER Landeshauptstadt München offene Klasse 41 25 - 00:19:43.7 43. 16661 Clemens Brack GER Bertrandt Ingenieurbüro GmbH Ü30 42 5 - 00:19:45.6 44. 39296 Tobias Riesenweber GER SKFV BMW Group Ü35 43 5 - 00:19:47.1 45. 43228 Markus Westermeier GER UniCredit Running offene Klasse 44 26 - 00:19:47.1 46. 40975 Benedikt Broda GER Stadtwerke München GmbH Ü40 45 6 - 00:19:49.0 47. 19706 Paul Duckeck GER DB / VDES offene Klasse 46 27 - 00:19:49.2 48. 37837 Korbinian Huber GER SKFV BMW Group offene Klasse 47 28 - 00:19:49.5 49. 30660 Benedict Probst GER MPI IP-SOZ-TAX offene Klasse 48 29 - 00:19:49.6 50. 13745 Florian Ackermann GER Allianz Ü35 49 6 - 00:19:49.6 « 1 2 3 4 5 6 7 8 9 10 » Legende: GPos = Geschlechter Position,
    KPos = Kategorie Position,
    TPos = Team Position,
    DNS = Did not start,
    DNF = Did not finish,
    DQ = Disqualifiziert Ergebnisse auf Facebook teilen Album B2Run Köln / 05.09.2019 Album B2Run München, B2Run / 16.07.2019 Aktuelle Anmeldungen Jetzt anmelden 12 B2Run Dortmund 16 Mattoni Karlovy Vary Running Festival - RunCzech Laufsport Anmeldung Ergebnisse Kalender Bilder & Videos STAY IN TOUCH! MaxFun auf Facebook MaxFun auf Youtube MaxFun auf Twitter MaxFun auf Instagram MaxFun Newsletter abonnieren Themen Vienna City Marathon Vienna Night Run Salzburg Marathon Graz Marathon Spartan Race Red Bull 400 Frauenlauf Business Run Strongmanrun B2Run Firmenlauf Österreichs größte Laufsport-Community und Laufsportplattform #1 Wir informieren und unterhalten Sportler, Sportinteressierte und Veranstalter. www.maxfunsports.com gibt es seit 1999 und
        ist die führende österreichische Laufsport Plattform. © MaxFun Sports GmbH   |   1999 - 2026 Mediendaten | Newsletter | Kontakt | Team | Jobs | Impressum"
Muenchen,2025,4355,2,https://www.maxfunsports.com/result/competition?id=4355&page=2&per-page=50,"Ergebnisse B2Run München - Einzelwertung            - MaxFun Sports - #1 Laufsportplattform in Österreich MaxFun Newsletter abonnieren MaxFun auf Instagram MaxFun auf Twitter MaxFun auf Youtube MaxFun auf Facebook Magazin Anmeldung Ergebnisse Kalender Bilder & Videos Trainingspläne Community Über uns Veranstalter Themen Mud Race Beat the city 2026 Rabatt und neue Medaillen im Fokus Raus aus dem Winterschlaf – rein ins Hindernis-Abenteuer 2026 Beat the City 2026 startet mit starken Neuerungen und Rabatten Laufsport Marathonbühne Prag – Mario Bauernfeind glänzt für Österreich Richtig essen vor dem Wettkampf: Das zählt in den letzten 24 Stunden Sabastian Sawe sprengt die Marathon-Grenze Training Laufsport im Mai Jetzt erreichst du deine Topform Laufen rechts Radfahren ohne Licht Wenn Regeln egal werden Run-Deutschland RUN5 Teamstaffel 2026 startet mit neuem Staffelkonzept Alle Termine der B2Run Saison 2026 stehen fest Trainingspläne Laufsport-Exzellenz in 8 Wochen Trainingsplan zum Abnehmen Tipps & Trends Garmin Lauf Smartwatches fuer ambitionierte Laeufer Mit RUNNING & Fitness Videos Lauf-ABC Video MaxFun Sports - Lauf ABC skipping Video MaxFun Sports - Lauf ABC sidesteps Videos Kräftigung Video MaxFun Sports -  Squats Die erste Übung für den unteren Rücken Frauen Fitness Warum Laufen für viele Frauen zum Fitness-Booster wird Winterfit in 20 Minuten Walking und Kraft fuer jeden Tag Crossfit Warum CrossFit für viele – auch Läufer – sinnvoll ist CrossFit als ganzheitliche Trainingsmethode Ernährung Ernährung für Ausdauersportler im Mai richtig anpassen Ernährung für Ausdauersportler im Februar und März International Prag wird zur Marathon Bühne für die Welt Coelmo Napoli City Half Marathon: Neapel ruft für 2027 Triathlon Triathlon Schwimmtraining für Einsteiger Technik Tipps und Motivation Schwimmtraining für Triathleten Tipps für Pool und Freiwasser Gesundheit Warum Laufen den Darm stärkt und deine Leistung steigern kann Warum Ausdauersport für Frauen besonders gesund ist International-ENG Last 50 places - Prague Orlen marathon Ceske Budejovice Aktuelle Artikel Marathonbühne Prag – Mario Bauernfeind glänzt für Österreich Richtig essen vor dem Wettkampf: Das zählt in den letzten 24 Stunden Laufsport Termine Demnächst 7. Mai 2026 Herzlauf Wien 7. Mai 2026 Raiffeisen Businesslauf Graz 7. Mai 2026 Business2Run Gmunden 8. Mai 2026 Triestingtaler Sunset Run Marathon Marathon / Halbmarathon / Viertelmarathon: 9. Mai 2026 Gerolsteiner Helgoland Marathon 9. Mai 2026 Leiden Marathon 9. Mai 2026 GutsMuths-Rennsteiglauf International 7. Mai 2026 Deutschland B2Run Karlsruhe 8. Mai 2026 China, Volksrepublik Hyrox Hong Kong 8. Mai 2026 Schweiz B2Run Schweiz Basel Triathlon & Duathlon 14. Mai 2026 Stuiben Trailrun 15. Mai 2026 Apfelland Triathlon 24. Mai 2026 Schwarzataler Triathlon 30. Mai 2026 Triathlon Kirchbichl Laufsport Fotos & Videos Veranstaltung 3. Mai 2026 Prag Marathon 12. Oktober 2025 Graz Marathon 4. September 2025 Wien Energie Business Run Retro 16. Mai 1993 Stadtlauf Oberndorf 1993 10. April 1994 Vienna City Marathon 1994 1. Januar 1999 Welschlauf 1999 Community 12. Oktober 2025 Sefik Mehmedbegovic Graz Marathon 7. September 2023 Richard Haunold Business2023 27. August 2023 Mario Nagele KL_VM_MN01 Neue Videos Grazathlon 2021 Graz Marathon 2019 Vienna Night Run 2019 Ergebnisse B2Run München - Einzelwertung Home Ergebnisse B2Run München Einzelwertung Wertungen filtern: Frauen Männer Wertungen und Altersklassen nach Vorgaben des Veranstalters. Zeige 51-100 von 36.080 Einträgen. Pos Stnr Vorname Nachname Nation Club / Team Kategorie GPos KPos TPos 51. 654 Takumi Ban GER ARRK Engineering GmbH Ü30 50 6 - 00:19:51.2 52. 6477 Helen Graf GER LMU Klinikum offene Klasse 2 2 - 00:19:52.3 53. 2810 Maximilian Gerstl GER Deloitte GmbH offene Klasse 51 30 - 00:19:52.4 54. 8800 Benedikt Diepold GER MTU AERO ENGINES AG Ü30 52 7 - 00:19:52.4 55. 5480 Julien Humbert GER Infineon offene Klasse 53 31 - 00:19:54.3 56. 27536 Patrick Graf GER Knorr-Bremse GmbH offene Klasse 54 32 - 00:19:55.7 57. 8669 Maurice Untersänger GER MTU AERO ENGINES AG offene Klasse 55 33 - 00:19:56.4 58. 35529 Jonas Eckhardt GER Hyper Database @ Salesforce offene Klasse 56 34 - 00:19:57.7 59. 44278 No Name GER Wellster Healthtech offene Klasse 57 35 - 00:19:57.7 60. 14618 Sebastian Bitsch GER Day 1 Ü30 58 8 - 00:19:57.7 61. 10165 Thomas Deuringer GER Team Schaltbau Ü40 59 7 - 00:19:57.8 62. 6877 Philipp Forstner GER KPMG offene Klasse 60 36 - 00:19:57.8 63. 21520 Markus Hirschvogel GER Team EEP Ü35 61 7 - 00:19:58.2 64. 33896 Levi Sandulache GER Team PER offene Klasse 62 37 - 00:19:59.3 65. 39779 Daniel Lex GER SKFV BMW Group offene Klasse 63 38 - 00:19:59.8 66. 40898 Patrick Nieves GER Stadtwerke München GmbH Ü30 64 9 - 00:20:01.6 67. 8765 Daniel Schleinitz GER MTU AERO ENGINES AG Ü35 65 8 - 00:20:02.0 68. 26685 Jeremy Snudden GER Noxon offene Klasse 66 39 - 00:20:03.3 69. 3203 Kolja Suchier GER dm-drogerie markt offene Klasse 67 40 - 00:20:04.5 70. 16785 Julius Beukelmann GER BEUKELMANN:MÜLLER:PARTNER offene Klasse 68 41 - 00:20:04.6 71. 42917 Sven Reisner GER TÜV SÜD Ü30 69 10 - 00:20:04.9 72. 17055 Joao Antonio Avelino GER Munich Office offene Klasse 70 42 - 00:20:05.2 73. 19753 Michael Herrmann GER DB / VDES Ü40 71 8 - 00:20:05.3 74. 38871 Karim Hemadache GER SKFV BMW Group offene Klasse 72 43 - 00:20:05.4 75. 42011 No Name GER Tecnotion GmbH offene Klasse 73 44 - 00:20:07.0 76. 39179 Sascha Nittel GER SKFV BMW Group offene Klasse 74 45 - 00:20:07.2 77. 36345 Max Kaiser GER Team Siemens AG offene Klasse 75 46 - 00:20:07.5 78. 8695 Paul Lützkendorf GER MTU AERO ENGINES AG Ü35 76 9 - 00:20:09.0 79. 44574 Alexander Brunnhuber GER WWK Ü45 77 4 - 00:20:09.1 80. 42691 Dominik Renn GER Turner & Townsend GmbH offene Klasse 78 47 - 00:20:09.5 81. 38508 Ralf Aigner GER SKFV BMW Group offene Klasse 79 48 - 00:20:09.9 82. 44014 Bodo Reiss GER W. L. Gore & Associates GmbH Ü45 80 5 - 00:20:10.1 83. 39588 Florian Zeitler GER SKFV BMW Group Ü35 81 10 - 00:20:10.5 84. 28496 Michael Knoche GER Landeshauptstadt München offene Klasse 82 49 - 00:20:11.2 85. 10103 Nils Auch GER Scalable Capital offene Klasse 83 50 - 00:20:11.6 86. 992 Philip Kottmann GER Augustinum offene Klasse 84 51 - 00:20:12.0 87. 40231 Thomas Valtl GER Sparda-Bank München Ü35 85 11 - 00:20:12.6 88. 39758 Patrick Koch GER SKFV BMW Group offene Klasse 86 52 - 00:20:13.9 89. 2312 Keeto Peterseil GER CHECK24 GmbH offene Klasse 87 53 - 00:20:14.0 90. 6445 Konstantinos Dimitriadis GER LMU Klinikum Ü40 88 9 - 00:20:15.2 91. 33651 Tom Weyrauch GER Pirelli offene Klasse 89 54 - 00:20:16.0 92. 44048 Laura John GER Wacker Chemie AG offene Klasse 3 3 - 00:20:16.0 93. 37132 Florian Trager GER Team Siemens AG offene Klasse 90 55 - 00:20:17.0 94. 13461 Stefan Bichler GER Allianz Ü40 91 10 - 00:20:18.4 95. 38386 Patrick Schädler GER SKFV BMW Group offene Klasse 92 56 - 00:20:18.7 96. 22712 Maik Aßhoff GER waipu.tv offene Klasse 93 57 - 00:20:18.8 97. 37099 Timm Niethammer GER Team Siemens AG Ü30 94 11 - 00:20:18.9 98. 23938 Besim Hollinger GER Giesecke+Devrient sportclub e.V. offene Klasse 95 58 - 00:20:19.0 99. 15684 Marco Podschadel GER Autodesk offene Klasse 96 59 - 00:20:20.0 100. 5458 Maximilian Hess GER Infineon offene Klasse 97 60 - 00:20:20.7 « 1 2 3 4 5 6 7 8 9 10 » Legende: GPos = Geschlechter Position,
    KPos = Kategorie Position,
    TPos = Team Position,
    DNS = Did not start,
    DNF = Did not finish,
    DQ = Disqualifiziert Ergebnisse auf Facebook teilen Album B2Run Köln / 05.09.2019 Album B2Run München, B2Run / 16.07.2019 Aktuelle Anmeldungen Jetzt anmelden 12 B2Run Dortmund 16 Mattoni Karlovy Vary Running Festival - RunCzech Laufsport Anmeldung Ergebnisse Kalender Bilder & Videos STAY IN TOUCH! MaxFun auf Facebook MaxFun auf Youtube MaxFun auf Twitter MaxFun auf Instagram MaxFun Newsletter abonnieren Themen Vienna City Marathon Vienna Night Run Salzburg Marathon Graz Marathon Spartan Race Red Bull 400 Frauenlauf Business Run Strongmanrun B2Run Firmenlauf Österreichs größte Laufsport-Community und Laufsportplattform #1 Wir informieren und unterhalten Sportler, Sportinteressierte und Veranstalter. www.maxfunsports.com gibt es seit 1999 und
        ist die führende österreichische Laufsport Plattform. © MaxFun Sports GmbH   |   1999 - 2026 Mediendaten | Newsletter | Kontakt | Team | Jobs | Impressum"
Muenchen,2025,4355,3,https://www.maxfunsports.com/result/competition?id=4355&page=3&per-page=50,"Ergebnisse B2Run München - Einzelwertung            - MaxFun Sports - #1 Laufsportplattform in Österreich MaxFun Newsletter abonnieren MaxFun auf Instagram MaxFun auf Twitter MaxFun auf Youtube MaxFun auf Facebook Magazin Anmeldung Ergebnisse Kalender Bilder & Videos Trainingspläne Community Über uns Veranstalter Themen Mud Race Beat the city 2026 Rabatt und neue Medaillen im Fokus Raus aus dem Winterschlaf – rein ins Hindernis-Abenteuer 2026 Beat the City 2026 startet mit starken Neuerungen und Rabatten Laufsport Marathonbühne Prag – Mario Bauernfeind glänzt für Österreich Richtig essen vor dem Wettkampf: Das zählt in den letzten 24 Stunden Sabastian Sawe sprengt die Marathon-Grenze Training Laufsport im Mai Jetzt erreichst du deine Topform Laufen rechts Radfahren ohne Licht Wenn Regeln egal werden Run-Deutschland RUN5 Teamstaffel 2026 startet mit neuem Staffelkonzept Alle Termine der B2Run Saison 2026 stehen fest Trainingspläne Laufsport-Exzellenz in 8 Wochen Trainingsplan zum Abnehmen Tipps & Trends Garmin Lauf Smartwatches fuer ambitionierte Laeufer Mit RUNNING & Fitness Videos Lauf-ABC Video MaxFun Sports - Lauf ABC skipping Video MaxFun Sports - Lauf ABC sidesteps Videos Kräftigung Video MaxFun Sports -  Squats Die erste Übung für den unteren Rücken Frauen Fitness Warum Laufen für viele Frauen zum Fitness-Booster wird Winterfit in 20 Minuten Walking und Kraft fuer jeden Tag Crossfit Warum CrossFit für viele – auch Läufer – sinnvoll ist CrossFit als ganzheitliche Trainingsmethode Ernährung Ernährung für Ausdauersportler im Mai richtig anpassen Ernährung für Ausdauersportler im Februar und März International Prag wird zur Marathon Bühne für die Welt Coelmo Napoli City Half Marathon: Neapel ruft für 2027 Triathlon Triathlon Schwimmtraining für Einsteiger Technik Tipps und Motivation Schwimmtraining für Triathleten Tipps für Pool und Freiwasser Gesundheit Warum Laufen den Darm stärkt und deine Leistung steigern kann Warum Ausdauersport für Frauen besonders gesund ist International-ENG Last 50 places - Prague Orlen marathon Ceske Budejovice Aktuelle Artikel Marathonbühne Prag – Mario Bauernfeind glänzt für Österreich Richtig essen vor dem Wettkampf: Das zählt in den letzten 24 Stunden Laufsport Termine Demnächst 7. Mai 2026 Herzlauf Wien 7. Mai 2026 Raiffeisen Businesslauf Graz 7. Mai 2026 Business2Run Gmunden 8. Mai 2026 Triestingtaler Sunset Run Marathon Marathon / Halbmarathon / Viertelmarathon: 9. Mai 2026 Gerolsteiner Helgoland Marathon 9. Mai 2026 Leiden Marathon 9. Mai 2026 GutsMuths-Rennsteiglauf International 7. Mai 2026 Deutschland B2Run Karlsruhe 8. Mai 2026 China, Volksrepublik Hyrox Hong Kong 8. Mai 2026 Schweiz B2Run Schweiz Basel Triathlon & Duathlon 14. Mai 2026 Stuiben Trailrun 15. Mai 2026 Apfelland Triathlon 24. Mai 2026 Schwarzataler Triathlon 30. Mai 2026 Triathlon Kirchbichl Laufsport Fotos & Videos Veranstaltung 3. Mai 2026 Prag Marathon 12. Oktober 2025 Graz Marathon 4. September 2025 Wien Energie Business Run Retro 16. Mai 1993 Stadtlauf Oberndorf 1993 10. April 1994 Vienna City Marathon 1994 1. Januar 1999 Welschlauf 1999 Community 12. Oktober 2025 Sefik Mehmedbegovic Graz Marathon 7. September 2023 Richard Haunold Business2023 27. August 2023 Mario Nagele KL_VM_MN01 Neue Videos Grazathlon 2021 Graz Marathon 2019 Vienna Night Run 2019 Ergebnisse B2Run München - Einzelwertung Home Ergebnisse B2Run München Einzelwertung Wertungen filtern: Frauen Männer Wertungen und Altersklassen nach Vorgaben des Veranstalters. Zeige 101-150 von 36.080 Einträgen. Pos Stnr Vorname Nachname Nation Club / Team Kategorie GPos KPos TPos 101. 36052 Sarah Nouguier GER SEUFERT Rechtsanwälte Ü30 4 1 - 00:20:21.4 102. 5107 Christian Scholz GER IABG Ü30 98 12 - 00:20:23.5 103. 20487 Rico Schumann GER Team DAV offene Klasse 99 61 - 00:20:25.0 104. 39412 Ali Shoar Abouzari GER SKFV BMW Group offene Klasse 100 62 - 00:20:26.5 105. 39088 Florian Ludwig GER SKFV BMW Group offene Klasse 101 63 - 00:20:27.0 106. 37122 Maximilian Schropp GER Team Siemens AG Ü30 102 13 - 00:20:27.1 107. 4720 Tjerk Bürger-Froese GER Hoffmann Group Ü35 103 12 - 00:20:27.4 108. 33900 Vlad Sandulache GER Team PER offene Klasse 104 64 - 00:20:27.5 109. 35397 Christian Fux GER Rohde & Schwarz GmbH & Co KG Ü35 105 13 - 00:20:27.5 110. 35358 Florian Schlembach GER Rohde & Schwarz GmbH & Co KG Ü35 106 14 - 00:20:27.8 111. 31824 No Name GER Munich Re offene Klasse 107 65 - 00:20:29.2 112. 7099 Stefanie Hansen GER Latham & Watkins Ü35 5 1 - 00:20:29.2 113. 19724 Sebastian Gawatz GER DB / VDES Ü35 108 15 - 00:20:29.8 114. 2802 Friedrich Dziema GER Deloitte GmbH offene Klasse 109 66 - 00:20:30.8 115. 2858 Tim Kamper GER Deloitte GmbH offene Klasse 110 67 - 00:20:31.7 116. 7991 Julian Zimmermann GER MEAG offene Klasse 111 68 - 00:20:31.9 117. 13413 Felix Agrikola GER Allianz offene Klasse 112 69 - 00:20:32.0 118. 40664 Johannes Dankerl GER Stadtwerke München GmbH Ü30 113 14 - 00:20:34.3 119. 6698 No Name GER LMU Klinikum offene Klasse 114 70 - 00:20:35.2 120. 13504 Patrick Caprano GER Allianz Ü30 115 15 - 00:20:36.6 121. 36642 Jonathan Leidich GER Team Siemens AG offene Klasse 116 71 - 00:20:36.9 122. 7687 Oliver Müller GER MAN Ü40 117 11 - 00:20:37.8 123. 34000 Bertrand Charpentier GER Pruna AI offene Klasse 118 72 - 00:20:37.9 124. 7995 Philipp Hanft GER MEAG offene Klasse 119 73 - 00:20:38.0 125. 6309 Johannes Zabel GER Justiz München Ü30 120 16 - 00:20:38.5 126. 5335 Nico Bock GER Infineon Ü30 121 17 - 00:20:38.8 127. 16369 Sebastian Galneder GER Bayerisches Staatsministerium  UK&WK offene Klasse 122 74 - 00:20:39.1 128. 11752 Lorenz Lange GER Versicherungskammer Bayern offene Klasse 123 75 - 00:20:40.0 129. 5698 Franz Schuster GER Infineon Ü40 124 12 - 00:20:40.5 130. 2804 Carlos Andres Lara-Gutierrez GER Deloitte GmbH offene Klasse 125 76 - 00:20:40.5 131. 15837 Matthias Mangertseder GER B+G Ingenieure München offene Klasse 126 77 - 00:20:41.6 132. 31435 Markus Schöb GER MOONRACER offene Klasse 127 78 - 00:20:42.0 133. 32071 No Name GER Munich Re offene Klasse 128 79 - 00:20:42.2 134. 41089 Martin Ziegleder GER Stadtwerke München GmbH offene Klasse 129 80 - 00:20:43.0 135. 10293 Kai Megerle GER Schön Klinik München Harlaching Ü45 130 6 - 00:20:44.8 136. 28348 Michael Jaumann GER Landeshauptstadt München Ü30 131 18 - 00:20:44.8 137. 5375 Xavier Duveau GER Infineon Ü35 132 16 - 00:20:44.9 138. 4359 Jarit Lötz GER Gruber Holding offene Klasse 133 81 - 00:20:45.0 139. 44398 Lucas Bühner GER Wirelane Charge Runners Ü30 134 19 - 00:20:45.1 140. 8650 Florian Karges GER MTU AERO ENGINES AG Ü30 135 20 - 00:20:45.5 141. 6808 Magdalena Mayer GER km Sport-Agentur offene Klasse 6 4 - 00:20:46.2 142. 13293 Michael Zabel GER Allianz Ü40 136 13 - 00:20:47.5 143. 21534 Andreas Starl GER Team EEP Ü45 137 7 - 00:20:48.2 144. 41057 Martin Wallner GER Stadtwerke München GmbH Ü35 138 17 - 00:20:49.5 145. 2181 Kai Illas GER CHECK24 GmbH offene Klasse 139 82 - 00:20:50.0 146. 10138 Daniel Sahlmann GER Scalable Capital offene Klasse 140 83 - 00:20:50.2 147. 2805 Ruben Moeller GER Deloitte GmbH offene Klasse 141 84 - 00:20:50.5 148. 3841 Jules Lecomte GER fortiss offene Klasse 142 85 - 00:20:51.0 149. 17176 Fabian Czediwoda GER Brainlab AG offene Klasse 143 86 - 00:20:51.1 150. 38826 Erik Grünloh GER SKFV BMW Group offene Klasse 144 87 - 00:20:51.4 « 1 2 3 4 5 6 7 8 9 10 » Legende: GPos = Geschlechter Position,
    KPos = Kategorie Position,
    TPos = Team Position,
    DNS = Did not start,
    DNF = Did not finish,
    DQ = Disqualifiziert Ergebnisse auf Facebook teilen Album B2Run Köln / 05.09.2019 Album B2Run München, B2Run / 16.07.2019 Aktuelle Anmeldungen Jetzt anmelden 12 B2Run Dortmund 16 Mattoni Karlovy Vary Running Festival - RunCzech Laufsport Anmeldung Ergebnisse Kalender Bilder & Videos STAY IN TOUCH! MaxFun auf Facebook MaxFun auf Youtube MaxFun auf Twitter MaxFun auf Instagram MaxFun Newsletter abonnieren Themen Vienna City Marathon Vienna Night Run Salzburg Marathon Graz Marathon Spartan Race Red Bull 400 Frauenlauf Business Run Strongmanrun B2Run Firmenlauf Österreichs größte Laufsport-Community und Laufsportplattform #1 Wir informieren und unterhalten Sportler, Sportinteressierte und Veranstalter. www.maxfunsports.com gibt es seit 1999 und
        ist die führende österreichische Laufsport Plattform. © MaxFun Sports GmbH   |   1999 - 2026 Mediendaten | Newsletter | Kontakt | Team | Jobs | Impressum"
Muenchen,2025,4355,4,https://www.maxfunsports.com/result/competition?id=4355&page=4&per-page=50,"Ergebnisse B2Run München - Einzelwertung            - MaxFun Sports - #1 Laufsportplattform in Österreich MaxFun Newsletter abonnieren MaxFun auf Instagram MaxFun auf Twitter MaxFun auf Youtube MaxFun auf Facebook Magazin Anmeldung Ergebnisse Kalender Bilder & Videos Trainingspläne Community Über uns Veranstalter Themen Mud Race Beat the city 2026 Rabatt und neue Medaillen im Fokus Raus aus dem Winterschlaf – rein ins Hindernis-Abenteuer 2026 Beat the City 2026 startet mit starken Neuerungen und Rabatten Laufsport Marathonbühne Prag – Mario Bauernfeind glänzt für Österreich Richtig essen vor dem Wettkampf: Das zählt in den letzten 24 Stunden Sabastian Sawe sprengt die Marathon-Grenze Training Laufsport im Mai Jetzt erreichst du deine Topform Laufen rechts Radfahren ohne Licht Wenn Regeln egal werden Run-Deutschland RUN5 Teamstaffel 2026 startet mit neuem Staffelkonzept Alle Termine der B2Run Saison 2026 stehen fest Trainingspläne Laufsport-Exzellenz in 8 Wochen Trainingsplan zum Abnehmen Tipps & Trends Garmin Lauf Smartwatches fuer ambitionierte Laeufer Mit RUNNING & Fitness Videos Lauf-ABC Video MaxFun Sports - Lauf ABC skipping Video MaxFun Sports - Lauf ABC sidesteps Videos Kräftigung Video MaxFun Sports -  Squats Die erste Übung für den unteren Rücken Frauen Fitness Warum Laufen für viele Frauen zum Fitness-Booster wird Winterfit in 20 Minuten Walking und Kraft fuer jeden Tag Crossfit Warum CrossFit für viele – auch Läufer – sinnvoll ist CrossFit als ganzheitliche Trainingsmethode Ernährung Ernährung für Ausdauersportler im Mai richtig anpassen Ernährung für Ausdauersportler im Februar und März International Prag wird zur Marathon Bühne für die Welt Coelmo Napoli City Half Marathon: Neapel ruft für 2027 Triathlon Triathlon Schwimmtraining für Einsteiger Technik Tipps und Motivation Schwimmtraining für Triathleten Tipps für Pool und Freiwasser Gesundheit Warum Laufen den Darm stärkt und deine Leistung steigern kann Warum Ausdauersport für Frauen besonders gesund ist International-ENG Last 50 places - Prague Orlen marathon Ceske Budejovice Aktuelle Artikel Marathonbühne Prag – Mario Bauernfeind glänzt für Österreich Richtig essen vor dem Wettkampf: Das zählt in den letzten 24 Stunden Laufsport Termine Demnächst 7. Mai 2026 Herzlauf Wien 7. Mai 2026 Raiffeisen Businesslauf Graz 7. Mai 2026 Business2Run Gmunden 8. Mai 2026 Triestingtaler Sunset Run Marathon Marathon / Halbmarathon / Viertelmarathon: 9. Mai 2026 Gerolsteiner Helgoland Marathon 9. Mai 2026 Leiden Marathon 9. Mai 2026 GutsMuths-Rennsteiglauf International 7. Mai 2026 Deutschland B2Run Karlsruhe 8. Mai 2026 China, Volksrepublik Hyrox Hong Kong 8. Mai 2026 Schweiz B2Run Schweiz Basel Triathlon & Duathlon 14. Mai 2026 Stuiben Trailrun 15. Mai 2026 Apfelland Triathlon 24. Mai 2026 Schwarzataler Triathlon 30. Mai 2026 Triathlon Kirchbichl Laufsport Fotos & Videos Veranstaltung 3. Mai 2026 Prag Marathon 12. Oktober 2025 Graz Marathon 4. September 2025 Wien Energie Business Run Retro 16. Mai 1993 Stadtlauf Oberndorf 1993 10. April 1994 Vienna City Marathon 1994 1. Januar 1999 Welschlauf 1999 Community 12. Oktober 2025 Sefik Mehmedbegovic Graz Marathon 7. September 2023 Richard Haunold Business2023 27. August 2023 Mario Nagele KL_VM_MN01 Neue Videos Grazathlon 2021 Graz Marathon 2019 Vienna Night Run 2019 Ergebnisse B2Run München - Einzelwertung Home Ergebnisse B2Run München Einzelwertung Wertungen filtern: Frauen Männer Wertungen und Altersklassen nach Vorgaben des Veranstalters. Zeige 151-200 von 36.080 Einträgen. Pos Stnr Vorname Nachname Nation Club / Team Kategorie GPos KPos TPos 151. 12859 Moritz Osterberger GER [at] offene Klasse 145 88 - 00:20:52.3 152. 21551 Jan Heinrich GER ECKPFEILER Ü30 146 21 - 00:20:53.3 153. 34215 Mark Schmidt GER Qualcomm Ü30 147 22 - 00:20:54.0 154. 36623 Andreas Wipper GER Team Siemens AG Ü55 148 1 - 00:20:54.2 155. 8560 Marcel Eigenthaler GER MTU AERO ENGINES AG Ü30 149 23 - 00:20:55.9 156. 15497 Vincent Pfeifer GER ASMPT Ü30 150 24 - 00:20:56.5 157. 627 Johannes Rusche GER ARAG Krankenversicherung Ü40 151 14 - 00:20:57.6 158. 9271 Charlie Harding GER NTT Data Deutschland offene Klasse 152 89 - 00:20:58.2 159. 27084 Steffen Weber GER Going Beyond Ü40 153 15 - 00:20:58.3 160. 6918 Alexandre Maroldt GER KPMG offene Klasse 154 90 - 00:20:58.4 161. 2435 Marco Weiß GER CHECK24 GmbH offene Klasse 155 91 - 00:20:58.4 162. 18548 Corbinian Nentwich GER ZEISS Ü30 156 25 - 00:20:58.5 163. 21537 Andreas Möbius GER Team EEP Ü30 157 26 - 00:20:58.8 164. 35388 Christoph Holzleitner GER Rohde & Schwarz GmbH & Co KG Ü30 158 27 - 00:20:58.9 165. 15838 Felix Schmiz GER B+G Ingenieure München offene Klasse 159 92 - 00:20:59.0 166. 10144 Patrick Sippl GER Scalable Capital offene Klasse 160 93 - 00:20:59.0 167. 21523 Christian Laitenberger GER Team EEP offene Klasse 161 94 - 00:20:59.7 168. 1973 Lara Lingelbach GER Celonis Gladiators offene Klasse 7 5 - 00:21:00.4 169. 38990 Maximilian Kling GER SKFV BMW Group offene Klasse 162 95 - 00:21:00.9 170. 27627 Felix Schoen GER Knorr-Bremse GmbH Ü40 163 16 - 00:21:01.4 171. 24995 Ferdinand Franzrahe GER Bossert Runners offene Klasse 164 96 - 00:21:01.4 172. 24248 Jonas Wollnik GER GOLDBECK Süd offene Klasse 165 97 - 00:21:02.1 173. 34787 Frederik Mayer GER ROB-Runners Ü30 166 28 - 00:21:02.2 174. 12763 Antoine Madeleine GER Airbus Ü30 167 29 - 00:21:02.2 175. 23761 André Schneider GER Gemeinde Pullach Ü40 168 17 - 00:21:02.8 176. 29676 Bernhard Krause GER LfA Förderbank Bayern Ü40 169 18 - 00:21:03.0 177. 31546 Björn Raß GER Move2Lead Ü40 170 19 - 00:21:03.3 178. 1949 Felix Bohlen GER Celonis Gladiators offene Klasse 171 98 - 00:21:03.4 179. 42852 Maximilian Krückel GER TÜV SÜD Ü30 172 30 - 00:21:03.6 180. 38976 Georg Kinadeter GER SKFV BMW Group offene Klasse 173 99 - 00:21:04.3 181. 7993 Moritz Von Hofer GER MEAG offene Klasse 174 100 - 00:21:04.7 182. 39631 Niklas Bender GER SKFV BMW Group offene Klasse 175 101 - 00:21:05.2 183. 18156 Etienne Lemaire GER CACEIS offene Klasse 176 102 - 00:21:05.3 184. 39895 No Name GER SKFV BMW Group offene Klasse 177 103 - 00:21:05.4 185. 23930 German Hehn GER Giesecke+Devrient sportclub e.V. Ü55 178 2 - 00:21:06.0 186. 29107 Ulrike Huber GER Landeshauptstadt München offene Klasse 8 6 - 00:21:06.0 187. 34919 Robert Gellert GER REMONDIS offene Klasse 179 104 - 00:21:06.1 188. 789 Simon Pfaffenberger GER ARRK Engineering GmbH offene Klasse 180 105 - 00:21:06.5 189. 5520 Thomas Korak GER Infineon Ü35 181 18 - 00:21:06.9 190. 10145 Timo Slametschka GER Scalable Capital offene Klasse 182 106 - 00:21:08.2 191. 21902 No Name GER offene Klasse 183 107 - 00:21:08.7 192. 3428 Mario Hammann GER ECO STOR Ü30 184 31 - 00:21:08.7 193. 3569 Jonas Obermeier GER EDAG Engineering GmbH offene Klasse 185 108 - 00:21:09.0 194. 36459 Jörg Terstiege GER Team Siemens AG Ü40 186 20 - 00:21:09.5 195. 5384 Andreas Einwanger GER Infineon offene Klasse 187 109 - 00:21:09.5 196. 2418 Sebastian Vahlbrock GER CHECK24 GmbH offene Klasse 188 110 - 00:21:09.5 197. 12486 Johannes Mellenthin GER Adastra offene Klasse 189 111 - 00:21:09.5 198. 34256 Simon Petruck GER QuantCo Runs offene Klasse 190 112 - 00:21:10.4 199. 6486 Elisabeth Haas Lützenberger GER LMU Klinikum offene Klasse 9 7 - 00:21:10.5 200. 11764 Michael Mösel GER Versicherungskammer Bayern offene Klasse 191 113 - 00:21:11.2 « 1 2 3 4 5 6 7 8 9 10 » Legende: GPos = Geschlechter Position,
    KPos = Kategorie Position,
    TPos = Team Position,
    DNS = Did not start,
    DNF = Did not finish,
    DQ = Disqualifiziert Ergebnisse auf Facebook teilen Album B2Run Köln / 05.09.2019 Album B2Run München, B2Run / 16.07.2019 Aktuelle Anmeldungen Jetzt anmelden 12 B2Run Dortmund 16 Mattoni Karlovy Vary Running Festival - RunCzech Laufsport Anmeldung Ergebnisse Kalender Bilder & Videos STAY IN TOUCH! MaxFun auf Facebook MaxFun auf Youtube MaxFun auf Twitter MaxFun auf Instagram MaxFun Newsletter abonnieren Themen Vienna City Marathon Vienna Night Run Salzburg Marathon Graz Marathon Spartan Race Red Bull 400 Frauenlauf Business Run Strongmanrun B2Run Firmenlauf Österreichs größte Laufsport-Community und Laufsportplattform #1 Wir informieren und unterhalten Sportler, Sportinteressierte und Veranstalter. www.maxfunsports.com gibt es seit 1999 und
        ist die führende österreichische Laufsport Plattform. © MaxFun Sports GmbH   |   1999 - 2026 Mediendaten | Newsletter | Kontakt | Team | Jobs | Impressum"
Muenchen,2025,4355,5,https://www.maxfunsports.com/result/competition?id=4355&page=5&per-page=50,"Ergebnisse B2Run München - Einzelwertung            - MaxFun Sports - #1 Laufsportplattform in Österreich MaxFun Newsletter abonnieren MaxFun auf Instagram MaxFun auf Twitter MaxFun auf Youtube MaxFun auf Facebook Magazin Anmeldung Ergebnisse Kalender Bilder & Videos Trainingspläne Community Über uns Veranstalter Themen Mud Race Beat the city 2026 Rabatt und neue Medaillen im Fokus Raus aus dem Winterschlaf – rein ins Hindernis-Abenteuer 2026 Beat the City 2026 startet mit starken Neuerungen und Rabatten Laufsport Marathonbühne Prag – Mario Bauernfeind glänzt für Österreich Richtig essen vor dem Wettkampf: Das zählt in den letzten 24 Stunden Sabastian Sawe sprengt die Marathon-Grenze Training Laufsport im Mai Jetzt erreichst du deine Topform Laufen rechts Radfahren ohne Licht Wenn Regeln egal werden Run-Deutschland RUN5 Teamstaffel 2026 startet mit neuem Staffelkonzept Alle Termine der B2Run Saison 2026 stehen fest Trainingspläne Laufsport-Exzellenz in 8 Wochen Trainingsplan zum Abnehmen Tipps & Trends Garmin Lauf Smartwatches fuer ambitionierte Laeufer Mit RUNNING & Fitness Videos Lauf-ABC Video MaxFun Sports - Lauf ABC skipping Video MaxFun Sports - Lauf ABC sidesteps Videos Kräftigung Video MaxFun Sports -  Squats Die erste Übung für den unteren Rücken Frauen Fitness Warum Laufen für viele Frauen zum Fitness-Booster wird Winterfit in 20 Minuten Walking und Kraft fuer jeden Tag Crossfit Warum CrossFit für viele – auch Läufer – sinnvoll ist CrossFit als ganzheitliche Trainingsmethode Ernährung Ernährung für Ausdauersportler im Mai richtig anpassen Ernährung für Ausdauersportler im Februar und März International Prag wird zur Marathon Bühne für die Welt Coelmo Napoli City Half Marathon: Neapel ruft für 2027 Triathlon Triathlon Schwimmtraining für Einsteiger Technik Tipps und Motivation Schwimmtraining für Triathleten Tipps für Pool und Freiwasser Gesundheit Warum Laufen den Darm stärkt und deine Leistung steigern kann Warum Ausdauersport für Frauen besonders gesund ist International-ENG Last 50 places - Prague Orlen marathon Ceske Budejovice Aktuelle Artikel Marathonbühne Prag – Mario Bauernfeind glänzt für Österreich Richtig essen vor dem Wettkampf: Das zählt in den letzten 24 Stunden Laufsport Termine Demnächst 7. Mai 2026 Herzlauf Wien 7. Mai 2026 Raiffeisen Businesslauf Graz 7. Mai 2026 Business2Run Gmunden 8. Mai 2026 Triestingtaler Sunset Run Marathon Marathon / Halbmarathon / Viertelmarathon: 9. Mai 2026 Gerolsteiner Helgoland Marathon 9. Mai 2026 Leiden Marathon 9. Mai 2026 GutsMuths-Rennsteiglauf International 7. Mai 2026 Deutschland B2Run Karlsruhe 8. Mai 2026 China, Volksrepublik Hyrox Hong Kong 8. Mai 2026 Schweiz B2Run Schweiz Basel Triathlon & Duathlon 14. Mai 2026 Stuiben Trailrun 15. Mai 2026 Apfelland Triathlon 24. Mai 2026 Schwarzataler Triathlon 30. Mai 2026 Triathlon Kirchbichl Laufsport Fotos & Videos Veranstaltung 3. Mai 2026 Prag Marathon 12. Oktober 2025 Graz Marathon 4. September 2025 Wien Energie Business Run Retro 16. Mai 1993 Stadtlauf Oberndorf 1993 10. April 1994 Vienna City Marathon 1994 1. Januar 1999 Welschlauf 1999 Community 12. Oktober 2025 Sefik Mehmedbegovic Graz Marathon 7. September 2023 Richard Haunold Business2023 27. August 2023 Mario Nagele KL_VM_MN01 Neue Videos Grazathlon 2021 Graz Marathon 2019 Vienna Night Run 2019 Ergebnisse B2Run München - Einzelwertung Home Ergebnisse B2Run München Einzelwertung Wertungen filtern: Frauen Männer Wertungen und Altersklassen nach Vorgaben des Veranstalters. Zeige 201-250 von 36.080 Einträgen. Pos Stnr Vorname Nachname Nation Club / Team Kategorie GPos KPos TPos 201. 16090 Tim Gerster GER Bavarian rennt offene Klasse 192 114 - 00:21:11.6 202. 29915 Ole Müller-Thorwart GER Linde plc Ü35 193 19 - 00:21:11.8 203. 30218 Patrick Comiotto GER Ultrasonic runners - Luma Vision offene Klasse 194 115 - 00:21:12.2 204. 21174 Timo Dörr GER Dr. Schenk GmbH Ü40 195 21 - 00:21:12.4 205. 38982 Thomas Kittel GER SKFV BMW Group offene Klasse 196 116 - 00:21:12.5 206. 37602 Cedric Schuster GER Team Siemens AG Ü35 197 20 - 00:21:12.9 207. 111 Marco Schliedermann GER Actemium Ü35 198 21 - 00:21:13.2 208. 39931 Anne Trommershäuser GER SKFV BMW Group offene Klasse 10 8 - 00:21:13.4 209. 40651 Denis Bytschkow GER Stadtwerke München GmbH offene Klasse 199 117 - 00:21:14.2 210. 35382 Octavio Rodriguez GER Rohde & Schwarz GmbH & Co KG Ü40 200 22 - 00:21:14.8 211. 52350 No Name GER BNT offene Klasse 201 118 - 00:21:15.7 212. 19035 Christoph Huber GER cplace offene Klasse 202 119 - 00:21:16.2 213. 39542 Dominique Weiß GER SKFV BMW Group offene Klasse 203 120 - 00:21:16.5 214. 33210 No Name GER Marina Pott offene Klasse 204 121 - 00:21:16.6 215. 12965 Janek Fischer GER ALLGEIER ENGINEERING FINISHER offene Klasse 205 122 - 00:21:17.3 216. 1719 Michael Bauer GER Canon offene Klasse 206 123 - 00:21:17.5 217. 11505 Julian Herborg GER United Internet offene Klasse 207 124 - 00:21:17.5 218. 14867 Samuel Böhm GER Anheuser - Busch Inbev offene Klasse 208 125 - 00:21:18.2 219. 3424 Fabian Flemming GER ECO STOR Ü35 209 22 - 00:21:18.2 220. 13279 Dominik Wehgartner GER Allianz Ü40 210 23 - 00:21:18.2 221. 15680 Fabian Peters GER Autodesk offene Klasse 211 126 - 00:21:18.3 222. 29972 Josef Geiger GER Linde plc offene Klasse 212 127 - 00:21:18.6 223. 25776 Timo Dalm GER hubergroup runners Ü30 213 32 - 00:21:18.6 224. 3574 David Isele GER EDAG Engineering GmbH offene Klasse 214 128 - 00:21:19.1 225. 32748 Artem Yasel GER Nickl & Partner Architekten offene Klasse 215 129 - 00:21:19.7 226. 38840 Daniel Hagg GER SKFV BMW Group offene Klasse 216 130 - 00:21:20.0 227. 38002 Peter Strelow GER SKFV BMW Group offene Klasse 217 131 - 00:21:20.2 228. 29505 No Name GER LEGO GmbH offene Klasse 218 132 - 00:21:20.5 229. 32252 Valentin Schmalz GER MSE offene Klasse 219 133 - 00:21:21.0 230. 17653 Kerstin Hartig GER Bristol Myers Squibb GmbH & Co KGaA Ü55 11 1 - 00:21:21.2 231. 38096 Fabian Diepold GER SKFV BMW Group Ü30 220 33 - 00:21:21.3 232. 22694 Thor Daniel Holm Fridbjörnsson GER Evergy Engineering offene Klasse 221 134 - 00:21:21.3 233. 35078 Henri Felsenstein GER RobCo offene Klasse 222 135 - 00:21:21.7 234. 31166 Markus Geiger GER Micron offene Klasse 223 136 - 00:21:22.1 235. 35641 Nils Mueller GER SAP Munich offene Klasse 224 137 - 00:21:22.2 236. 7597 Urban Gorsler GER MAN Ü30 225 34 - 00:21:22.3 237. 32040 Alexander Dietrich GER Munich Re offene Klasse 226 138 - 00:21:22.8 238. 36944 Eric Diehl GER Team Siemens AG Ü30 227 35 - 00:21:23.3 239. 40799 Maximilian Keim GER Stadtwerke München GmbH Ü35 228 23 - 00:21:23.9 240. 23945 Julian Kolarz GER Giesecke+Devrient sportclub e.V. Ü30 229 36 - 00:21:24.4 241. 16815 Sandro Kehrlein GER BG-Phoenics GmbH Ü40 230 24 - 00:21:24.5 242. 11411 Johannes Traugott GER Trimble Runners offene Klasse 231 139 - 00:21:25.4 243. 39707 Robert Hagedorn GER SKFV BMW Group offene Klasse 232 140 - 00:21:26.3 244. 14579 Colin Fuchsluger GER Amazon Business offene Klasse 233 141 - 00:21:26.4 245. 35403 Stefan Sohr GER Rohde & Schwarz GmbH & Co KG Ü30 234 37 - 00:21:26.4 246. 30691 Max Lindqvist GER Max-Planck Plasmaphysik offene Klasse 235 142 - 00:21:26.5 247. 30043 Ulli Schrempel GER Liqmatic GmbH offene Klasse 236 143 - 00:21:26.6 248. 11721 Thomas Gräbel GER Versicherungskammer Bayern Ü35 237 24 - 00:21:27.0 249. 31831 No Name GER Munich Re offene Klasse 238 144 - 00:21:27.2 250. 22599 Darko Matijevic GER Essity Ü40 239 25 - 00:21:28.0 « 1 2 3 4 5 6 7 8 9 10 » Legende: GPos = Geschlechter Position,
    KPos = Kategorie Position,
    TPos = Team Position,
    DNS = Did not start,
    DNF = Did not finish,
    DQ = Disqualifiziert Ergebnisse auf Facebook teilen Album B2Run Köln / 05.09.2019 Album B2Run München, B2Run / 16.07.2019 Aktuelle Anmeldungen Jetzt anmelden 12 B2Run Dortmund 16 Mattoni Karlovy Vary Running Festival - RunCzech Laufsport Anmeldung Ergebnisse Kalender Bilder & Videos STAY IN TOUCH! MaxFun auf Facebook MaxFun auf Youtube MaxFun auf Twitter MaxFun auf Instagram MaxFun Newsletter abonnieren Themen Vienna City Marathon Vienna Night Run Salzburg Marathon Graz Marathon Spartan Race Red Bull 400 Frauenlauf Business Run Strongmanrun B2Run Firmenlauf Österreichs größte Laufsport-Community und Laufsportplattform #1 Wir informieren und unterhalten Sportler, Sportinteressierte und Veranstalter. www.maxfunsports.com gibt es seit 1999 und
        ist die führende österreichische Laufsport Plattform. © MaxFun Sports GmbH   |   1999 - 2026 Mediendaten | Newsletter | Kontakt | Team | Jobs | Impressum"
Muenchen,2025,4355,6,https://www.maxfunsports.com/result/competition?id=4355&page=6&per-page=50,"Ergebnisse B2Run München - Einzelwertung            - MaxFun Sports - #1 Laufsportplattform in Österreich MaxFun Newsletter abonnieren MaxFun auf Instagram MaxFun auf Twitter MaxFun auf Youtube MaxFun auf Facebook Magazin Anmeldung Ergebnisse Kalender Bilder & Videos Trainingspläne Community Über uns Veranstalter Themen Mud Race Beat the city 2026 Rabatt und neue Medaillen im Fokus Raus aus dem Winterschlaf – rein ins Hindernis-Abenteuer 2026 Beat the City 2026 startet mit starken Neuerungen und Rabatten Laufsport Marathonbühne Prag – Mario Bauernfeind glänzt für Österreich Richtig essen vor dem Wettkampf: Das zählt in den letzten 24 Stunden Sabastian Sawe sprengt die Marathon-Grenze Training Laufsport im Mai Jetzt erreichst du deine Topform Laufen rechts Radfahren ohne Licht Wenn Regeln egal werden Run-Deutschland RUN5 Teamstaffel 2026 startet mit neuem Staffelkonzept Alle Termine der B2Run Saison 2026 stehen fest Trainingspläne Laufsport-Exzellenz in 8 Wochen Trainingsplan zum Abnehmen Tipps & Trends Garmin Lauf Smartwatches fuer ambitionierte Laeufer Mit RUNNING & Fitness Videos Lauf-ABC Video MaxFun Sports - Lauf ABC skipping Video MaxFun Sports - Lauf ABC sidesteps Videos Kräftigung Video MaxFun Sports -  Squats Die erste Übung für den unteren Rücken Frauen Fitness Warum Laufen für viele Frauen zum Fitness-Booster wird Winterfit in 20 Minuten Walking und Kraft fuer jeden Tag Crossfit Warum CrossFit für viele – auch Läufer – sinnvoll ist CrossFit als ganzheitliche Trainingsmethode Ernährung Ernährung für Ausdauersportler im Mai richtig anpassen Ernährung für Ausdauersportler im Februar und März International Prag wird zur Marathon Bühne für die Welt Coelmo Napoli City Half Marathon: Neapel ruft für 2027 Triathlon Triathlon Schwimmtraining für Einsteiger Technik Tipps und Motivation Schwimmtraining für Triathleten Tipps für Pool und Freiwasser Gesundheit Warum Laufen den Darm stärkt und deine Leistung steigern kann Warum Ausdauersport für Frauen besonders gesund ist International-ENG Last 50 places - Prague Orlen marathon Ceske Budejovice Aktuelle Artikel Marathonbühne Prag – Mario Bauernfeind glänzt für Österreich Richtig essen vor dem Wettkampf: Das zählt in den letzten 24 Stunden Laufsport Termine Demnächst 7. Mai 2026 Herzlauf Wien 7. Mai 2026 Raiffeisen Businesslauf Graz 7. Mai 2026 Business2Run Gmunden 8. Mai 2026 Triestingtaler Sunset Run Marathon Marathon / Halbmarathon / Viertelmarathon: 9. Mai 2026 Gerolsteiner Helgoland Marathon 9. Mai 2026 Leiden Marathon 9. Mai 2026 GutsMuths-Rennsteiglauf International 7. Mai 2026 Deutschland B2Run Karlsruhe 8. Mai 2026 China, Volksrepublik Hyrox Hong Kong 8. Mai 2026 Schweiz B2Run Schweiz Basel Triathlon & Duathlon 14. Mai 2026 Stuiben Trailrun 15. Mai 2026 Apfelland Triathlon 24. Mai 2026 Schwarzataler Triathlon 30. Mai 2026 Triathlon Kirchbichl Laufsport Fotos & Videos Veranstaltung 3. Mai 2026 Prag Marathon 12. Oktober 2025 Graz Marathon 4. September 2025 Wien Energie Business Run Retro 16. Mai 1993 Stadtlauf Oberndorf 1993 10. April 1994 Vienna City Marathon 1994 1. Januar 1999 Welschlauf 1999 Community 12. Oktober 2025 Sefik Mehmedbegovic Graz Marathon 7. September 2023 Richard Haunold Business2023 27. August 2023 Mario Nagele KL_VM_MN01 Neue Videos Grazathlon 2021 Graz Marathon 2019 Vienna Night Run 2019 Ergebnisse B2Run München - Einzelwertung Home Ergebnisse B2Run München Einzelwertung Wertungen filtern: Frauen Männer Wertungen und Altersklassen nach Vorgaben des Veranstalters. Zeige 251-300 von 36.080 Einträgen. Pos Stnr Vorname Nachname Nation Club / Team Kategorie GPos KPos TPos 251. 7190 Timo Seber GER Lear Corporation Engineering GmbH offene Klasse 240 145 - 00:21:28.0 252. 33865 Bosse Thiel GER Praxis Dr. Huberle offene Klasse 241 146 - 00:21:28.3 253. 38083 Malte Christ GER SKFV BMW Group offene Klasse 242 147 - 00:21:28.5 254. 663 Daniel Burger GER ARRK Engineering GmbH offene Klasse 243 148 - 00:21:29.1 255. 19971 Tobias Weiskopf GER DB / VDES offene Klasse 244 149 - 00:21:29.1 256. 20288 Tobias Finsinger GER Deutsche Bundesbank Ü45 245 8 - 00:21:29.8 257. 12726 Thomas Fuhrmann GER Airbus Ü40 246 26 - 00:21:29.8 258. 13103 Domenico Gonzalez Rossi GER Allianz Ü35 247 25 - 00:21:30.3 259. 8867 Mitch Rübel GER Munich Business School offene Klasse 248 150 - 00:21:30.5 260. 8750 Christian Romer GER MTU AERO ENGINES AG Ü30 249 38 - 00:21:31.4 261. 3959 Michael Winter GER FUNK Gruppe GmbH offene Klasse 250 151 - 00:21:32.3 262. 27823 Simon Schacherl GER KraussMaffei Technologies GmbH offene Klasse 251 152 - 00:21:33.3 263. 39607 Kim Adolphs GER SKFV BMW Group offene Klasse 12 9 - 00:21:33.4 264. 37801 Paul Kirschner GER Simon-Kucher offene Klasse 252 153 - 00:21:34.2 265. 38468 Jonas Wanken GER SKFV BMW Group offene Klasse 253 154 - 00:21:34.4 266. 19800 Daniel Kutscher GER DB / VDES Ü30 254 39 - 00:21:34.4 267. 38194 Etienne Hausen-Mabilon GER SKFV BMW Group offene Klasse 255 155 - 00:21:34.6 268. 3540 Alexander Scharl GER EDAG Engineering GmbH Ü40 256 27 - 00:21:34.7 269. 10117 Aaron Himmighoefer GER Scalable Capital offene Klasse 257 156 - 00:21:35.2 270. 30076 Samuel Grill GER ATR by LOWA offene Klasse 258 157 - 00:21:35.2 271. 20850 Thomas Arbogast GER Die Gastgeber Personalsupport GmbH offene Klasse 259 158 - 00:21:36.2 272. 11403 Fabian Rothmaier GER Trimble Runners Ü30 260 40 - 00:21:36.2 273. 7096 Philipp Dudel GER Latham & Watkins offene Klasse 261 159 - 00:21:36.5 274. 44162 Andreas Neumeier GER Wacker Chemie AG offene Klasse 262 160 - 00:21:36.7 275. 16470 Thomas Estermann GER Bayernwerk offene Klasse 263 161 - 00:21:38.5 276. 32082 No Name GER Munich Re offene Klasse 264 162 - 00:21:38.5 277. 36707 Philipp Schüz GER Team Siemens AG offene Klasse 265 163 - 00:21:38.7 278. 43708 Tim Siegmund GER VISPIRON Systems offene Klasse 266 164 - 00:21:38.7 279. 2284 Josef Alexander Moosholzer GER CHECK24 GmbH offene Klasse 267 165 - 00:21:38.7 280. 12760 Natália Argene Lovate Pereira Fleischfresser GER Airbus Ü40 13 1 - 00:21:38.8 281. 14361 No Name GER Allvest offene Klasse 268 166 - 00:21:38.9 282. 43187 Johannes Heumann GER UniCredit Running offene Klasse 269 167 - 00:21:39.0 283. 12355 Jasmin Swedan GER Accenture offene Klasse 14 10 - 00:21:39.0 284. 15243 Hannes Müller GER Aptiv - It's our move! Ü30 270 41 - 00:21:39.8 285. 34460 Jürgen Schöbel GER Raiffeisenbank München-Süd eG Ü55 271 3 - 00:21:39.9 286. 38984 Kevin Klaedtke GER SKFV BMW Group offene Klasse 272 168 - 00:21:40.0 287. 38249 Felix Krause GER SKFV BMW Group offene Klasse 273 169 - 00:21:40.2 288. 13093 Martin Freihardt GER Allianz offene Klasse 274 170 - 00:21:40.8 289. 34059 Alexander Stry GER Qioptiq Photonics GmbH Co.KG offene Klasse 275 171 - 00:21:41.7 290. 2027 Linus Appel GER CHECK24 GmbH offene Klasse 276 172 - 00:21:43.3 291. 18345 Luca Nitsch GER #ONETEAM @Capgemini offene Klasse 277 173 - 00:21:43.4 292. 8019 Sebastian Berger GER MEAG offene Klasse 278 174 - 00:21:43.5 293. 8805 Raphael Streber GER MTU AERO ENGINES AG Ü30 279 42 - 00:21:43.6 294. 27588 Philipp Kleffel GER Knorr-Bremse GmbH Ü30 280 43 - 00:21:43.6 295. 15308 Anna Schösser GER ARGE U5W2 Ü50 15 1 - 00:21:43.7 296. 14707 Nico Wischnewski GER Day 1 offene Klasse 281 175 - 00:21:44.6 297. 38406 Nicholas Schweitzer GER SKFV BMW Group offene Klasse 282 176 - 00:21:45.6 298. 33770 Leonid Guggenberger GER POELLATH offene Klasse 283 177 - 00:21:45.9 299. 6915 Jordan Loschiavo GER KPMG offene Klasse 284 178 - 00:21:46.4 300. 42881 Stefan Menacher GER TÜV SÜD Ü35 285 26 - 00:21:46.5 « 1 2 3 4 5 6 7 8 9 10 » Legende: GPos = Geschlechter Position,
    KPos = Kategorie Position,
    TPos = Team Position,
    DNS = Did not start,
    DNF = Did not finish,
    DQ = Disqualifiziert Ergebnisse auf Facebook teilen Album B2Run Köln / 05.09.2019 Album B2Run München, B2Run / 16.07.2019 Aktuelle Anmeldungen Jetzt anmelden 12 B2Run Dortmund 16 Mattoni Karlovy Vary Running Festival - RunCzech Laufsport Anmeldung Ergebnisse Kalender Bilder & Videos STAY IN TOUCH! MaxFun auf Facebook MaxFun auf Youtube MaxFun auf Twitter MaxFun auf Instagram MaxFun Newsletter abonnieren Themen Vienna City Marathon Vienna Night Run Salzburg Marathon Graz Marathon Spartan Race Red Bull 400 Frauenlauf Business Run Strongmanrun B2Run Firmenlauf Österreichs größte Laufsport-Community und Laufsportplattform #1 Wir informieren und unterhalten Sportler, Sportinteressierte und Veranstalter. www.maxfunsports.com gibt es seit 1999 und
        ist die führende österreichische Laufsport Plattform. © MaxFun Sports GmbH   |   1999 - 2026 Mediendaten | Newsletter | Kontakt | Team | Jobs | Impressum"
Muenchen,2025,4355,7,https://www.maxfunsports.com/result/competition?id=4355&page=7&per-page=50,"Ergebnisse B2Run München - Einzelwertung            - MaxFun Sports - #1 Laufsportplattform in Österreich MaxFun Newsletter abonnieren MaxFun auf Instagram MaxFun auf Twitter MaxFun auf Youtube MaxFun auf Facebook Magazin Anmeldung Ergebnisse Kalender Bilder & Videos Trainingspläne Community Über uns Veranstalter Themen Mud Race Beat the city 2026 Rabatt und neue Medaillen im Fokus Raus aus dem Winterschlaf – rein ins Hindernis-Abenteuer 2026 Beat the City 2026 startet mit starken Neuerungen und Rabatten Laufsport Marathonbühne Prag – Mario Bauernfeind glänzt für Österreich Richtig essen vor dem Wettkampf: Das zählt in den letzten 24 Stunden Sabastian Sawe sprengt die Marathon-Grenze Training Laufsport im Mai Jetzt erreichst du deine Topform Laufen rechts Radfahren ohne Licht Wenn Regeln egal werden Run-Deutschland RUN5 Teamstaffel 2026 startet mit neuem Staffelkonzept Alle Termine der B2Run Saison 2026 stehen fest Trainingspläne Laufsport-Exzellenz in 8 Wochen Trainingsplan zum Abnehmen Tipps & Trends Garmin Lauf Smartwatches fuer ambitionierte Laeufer Mit RUNNING & Fitness Videos Lauf-ABC Video MaxFun Sports - Lauf ABC skipping Video MaxFun Sports - Lauf ABC sidesteps Videos Kräftigung Video MaxFun Sports -  Squats Die erste Übung für den unteren Rücken Frauen Fitness Warum Laufen für viele Frauen zum Fitness-Booster wird Winterfit in 20 Minuten Walking und Kraft fuer jeden Tag Crossfit Warum CrossFit für viele – auch Läufer – sinnvoll ist CrossFit als ganzheitliche Trainingsmethode Ernährung Ernährung für Ausdauersportler im Mai richtig anpassen Ernährung für Ausdauersportler im Februar und März International Prag wird zur Marathon Bühne für die Welt Coelmo Napoli City Half Marathon: Neapel ruft für 2027 Triathlon Triathlon Schwimmtraining für Einsteiger Technik Tipps und Motivation Schwimmtraining für Triathleten Tipps für Pool und Freiwasser Gesundheit Warum Laufen den Darm stärkt und deine Leistung steigern kann Warum Ausdauersport für Frauen besonders gesund ist International-ENG Last 50 places - Prague Orlen marathon Ceske Budejovice Aktuelle Artikel Marathonbühne Prag – Mario Bauernfeind glänzt für Österreich Richtig essen vor dem Wettkampf: Das zählt in den letzten 24 Stunden Laufsport Termine Demnächst 7. Mai 2026 Herzlauf Wien 7. Mai 2026 Raiffeisen Businesslauf Graz 7. Mai 2026 Business2Run Gmunden 8. Mai 2026 Triestingtaler Sunset Run Marathon Marathon / Halbmarathon / Viertelmarathon: 9. Mai 2026 Gerolsteiner Helgoland Marathon 9. Mai 2026 Leiden Marathon 9. Mai 2026 GutsMuths-Rennsteiglauf International 7. Mai 2026 Deutschland B2Run Karlsruhe 8. Mai 2026 China, Volksrepublik Hyrox Hong Kong 8. Mai 2026 Schweiz B2Run Schweiz Basel Triathlon & Duathlon 14. Mai 2026 Stuiben Trailrun 15. Mai 2026 Apfelland Triathlon 24. Mai 2026 Schwarzataler Triathlon 30. Mai 2026 Triathlon Kirchbichl Laufsport Fotos & Videos Veranstaltung 3. Mai 2026 Prag Marathon 12. Oktober 2025 Graz Marathon 4. September 2025 Wien Energie Business Run Retro 16. Mai 1993 Stadtlauf Oberndorf 1993 10. April 1994 Vienna City Marathon 1994 1. Januar 1999 Welschlauf 1999 Community 12. Oktober 2025 Sefik Mehmedbegovic Graz Marathon 7. September 2023 Richard Haunold Business2023 27. August 2023 Mario Nagele KL_VM_MN01 Neue Videos Grazathlon 2021 Graz Marathon 2019 Vienna Night Run 2019 Ergebnisse B2Run München - Einzelwertung Home Ergebnisse B2Run München Einzelwertung Wertungen filtern: Frauen Männer Wertungen und Altersklassen nach Vorgaben des Veranstalters. Zeige 301-350 von 36.080 Einträgen. Pos Stnr Vorname Nachname Nation Club / Team Kategorie GPos KPos TPos 301. 4723 Oliver Emmrich GER Hoffmann Group Ü30 286 44 - 00:21:46.6 302. 28876 Daniel Müller GER Landeshauptstadt München Ü45 287 9 - 00:21:46.9 303. 6913 Sascha Leiding GER KPMG offene Klasse 288 179 - 00:21:48.8 304. 21653 Julian Tross GER EGYM Wellpass Ü40 289 28 - 00:21:48.9 305. 3276 Bastian Hassloch GER DR.SCHNELL offene Klasse 290 180 - 00:21:49.0 306. 2753 Radu Popescu GER Daiichi Sankyo Europe GmbH Ü45 291 10 - 00:21:49.1 307. 27773 Tim Hayo GER KraussMaffei Technologies GmbH Ü40 292 29 - 00:21:49.8 308. 5488 Maximilian Kadur GER Infineon Ü30 293 45 - 00:21:49.8 309. 4313 Fränk Wolf GER Golding Capital Partners Ü30 294 46 - 00:21:49.9 310. 34348 Remi Kaehler GER QE offene Klasse 295 181 - 00:21:50.2 311. 8706 Tobias Möhring GER MTU AERO ENGINES AG Ü35 296 27 - 00:21:50.4 312. 16569 Giacomo Barbone GER Beautyful Hips - Praxis Dr. Völker Ü30 297 47 - 00:21:50.8 313. 34288 No Name GER Quantum Systems Ü40 298 30 - 00:21:50.9 314. 27109 Jan Tengler GER Keller & Kalmbach offene Klasse 299 182 - 00:21:51.0 315. 1943 Henrique Frutuoso GER Celonis Gladiators offene Klasse 300 183 - 00:21:51.1 316. 40597 Gabriel Altebäumer GER Stadtwerke München GmbH Ü35 301 28 - 00:21:51.9 317. 7111 Janis Bentz GER Lear Corporation Engineering GmbH Ü30 302 48 - 00:21:51.9 318. 39322 Oliver Rousseau GER SKFV BMW Group offene Klasse 303 184 - 00:21:52.1 319. 3542 Tim Schmalenberg GER EDAG Engineering GmbH Ü30 304 49 - 00:21:52.2 320. 40968 No Name GER Stadtwerke München GmbH Ü40 305 31 - 00:21:52.2 321. 35377 Marco Volbracht GER Rohde & Schwarz GmbH & Co KG Ü35 306 29 - 00:21:53.1 322. 35378 No Name GER Rohde & Schwarz GmbH & Co KG Ü50 307 1 - 00:21:53.5 323. 43616 Abram Smith GER Vice Golf offene Klasse 308 185 - 00:21:53.6 324. 21995 Patrick Brauch GER Encory Ü35 309 30 - 00:21:53.6 325. 25161 Fabian Theis GER Helmholtz Munich offene Klasse 310 186 - 00:21:53.6 326. 38499 Simon Zens GER SKFV BMW Group offene Klasse 311 187 - 00:21:53.8 327. 7814 Dominik Jeschke GER manitz : finsterwald offene Klasse 312 188 - 00:21:53.8 328. 35390 Matthias Weilhammer GER Rohde & Schwarz GmbH & Co KG Ü45 313 11 - 00:21:53.9 329. 43320 Tobias Quaas GER UniCredit Running offene Klasse 314 189 - 00:21:54.0 330. 18704 Tobias Schäfer GER CGM Runner´s Ü35 315 31 - 00:21:54.4 331. 39270 Sebastian Rauch GER SKFV BMW Group offene Klasse 316 190 - 00:21:54.7 332. 23891 Hubert Bottesch GER Giesecke+Devrient sportclub e.V. offene Klasse 317 191 - 00:21:54.8 333. 1266 Christian Müller GER Bayerische Versorgungskammer Ü40 318 32 - 00:21:55.4 334. 11686 Ludwig Gräf GER Verlag C.H.BECK offene Klasse 319 192 - 00:21:55.6 335. 30763 Steffen Woitz GER McDermott Will & Emery Rechtsanwälte offene Klasse 320 193 - 00:21:55.7 336. 13895 Hendrik Malzahn GER Allianz offene Klasse 321 194 - 00:21:56.5 337. 31849 No Name GER Munich Re offene Klasse 322 195 - 00:21:56.5 338. 8601 Anian Gögelein GER MTU AERO ENGINES AG Ü30 323 50 - 00:21:56.6 339. 35003 Robert Rischen GER reVenton Asset Partners offene Klasse 324 196 - 00:21:56.8 340. 21194 Josef Aumüller GER Dr. Wieselhuber & Partner GmbH offene Klasse 325 197 - 00:21:56.9 341. 25258 Julius Rüdiger GER HENSOLDT Sensors GmbH Ü30 326 51 - 00:21:57.1 342. 12410 Maximilian Christ GER ACCUMULATA offene Klasse 327 198 - 00:21:58.5 343. 25872 Geovani Morais Ferreira GER Applied Materials Ü35 328 32 - 00:21:58.8 344. 28730 Raphael Reidel GER Landeshauptstadt München offene Klasse 329 199 - 00:21:58.9 345. 23709 Michael Ogiermann GER KÖBERL Group offene Klasse 330 200 - 00:21:59.0 346. 21200 No Name GER Dr. Wieselhuber & Partner GmbH Ü40 331 33 - 00:21:59.6 347. 7467 Simon Basmann GER MBRAUN offene Klasse 332 201 - 00:21:59.9 348. 8429 Adrian Schmidt GER Mobileye Germany offene Klasse 333 202 - 00:21:59.9 349. 40932 Christoph Reichart GER Stadtwerke München GmbH offene Klasse 334 203 - 00:22:00.7 350. 33275 Mathilda Stockhaus GER PEGreen-Team offene Klasse 16 11 - 00:22:00.7 « 2 3 4 5 6 7 8 9 10 11 » Legende: GPos = Geschlechter Position,
    KPos = Kategorie Position,
    TPos = Team Position,
    DNS = Did not start,
    DNF = Did not finish,
    DQ = Disqualifiziert Ergebnisse auf Facebook teilen Album B2Run Köln / 05.09.2019 Album B2Run München, B2Run / 16.07.2019 Aktuelle Anmeldungen Jetzt anmelden 12 B2Run Dortmund 16 Mattoni Karlovy Vary Running Festival - RunCzech Laufsport Anmeldung Ergebnisse Kalender Bilder & Videos STAY IN TOUCH! MaxFun auf Facebook MaxFun auf Youtube MaxFun auf Twitter MaxFun auf Instagram MaxFun Newsletter abonnieren Themen Vienna City Marathon Vienna Night Run Salzburg Marathon Graz Marathon Spartan Race Red Bull 400 Frauenlauf Business Run Strongmanrun B2Run Firmenlauf Österreichs größte Laufsport-Community und Laufsportplattform #1 Wir informieren und unterhalten Sportler, Sportinteressierte und Veranstalter. www.maxfunsports.com gibt es seit 1999 und
        ist die führende österreichische Laufsport Plattform. © MaxFun Sports GmbH   |   1999 - 2026 Mediendaten | Newsletter | Kontakt | Team | Jobs | Impressum"
Muenchen,2025,4355,8,https://www.maxfunsports.com/result/competition?id=4355&page=8&per-page=50,"Ergebnisse B2Run München - Einzelwertung            - MaxFun Sports - #1 Laufsportplattform in Österreich MaxFun Newsletter abonnieren MaxFun auf Instagram MaxFun auf Twitter MaxFun auf Youtube MaxFun auf Facebook Magazin Anmeldung Ergebnisse Kalender Bilder & Videos Trainingspläne Community Über uns Veranstalter Themen Mud Race Beat the city 2026 Rabatt und neue Medaillen im Fokus Raus aus dem Winterschlaf – rein ins Hindernis-Abenteuer 2026 Beat the City 2026 startet mit starken Neuerungen und Rabatten Laufsport Marathonbühne Prag – Mario Bauernfeind glänzt für Österreich Richtig essen vor dem Wettkampf: Das zählt in den letzten 24 Stunden Sabastian Sawe sprengt die Marathon-Grenze Training Laufsport im Mai Jetzt erreichst du deine Topform Laufen rechts Radfahren ohne Licht Wenn Regeln egal werden Run-Deutschland RUN5 Teamstaffel 2026 startet mit neuem Staffelkonzept Alle Termine der B2Run Saison 2026 stehen fest Trainingspläne Laufsport-Exzellenz in 8 Wochen Trainingsplan zum Abnehmen Tipps & Trends Garmin Lauf Smartwatches fuer ambitionierte Laeufer Mit RUNNING & Fitness Videos Lauf-ABC Video MaxFun Sports - Lauf ABC skipping Video MaxFun Sports - Lauf ABC sidesteps Videos Kräftigung Video MaxFun Sports -  Squats Die erste Übung für den unteren Rücken Frauen Fitness Warum Laufen für viele Frauen zum Fitness-Booster wird Winterfit in 20 Minuten Walking und Kraft fuer jeden Tag Crossfit Warum CrossFit für viele – auch Läufer – sinnvoll ist CrossFit als ganzheitliche Trainingsmethode Ernährung Ernährung für Ausdauersportler im Mai richtig anpassen Ernährung für Ausdauersportler im Februar und März International Prag wird zur Marathon Bühne für die Welt Coelmo Napoli City Half Marathon: Neapel ruft für 2027 Triathlon Triathlon Schwimmtraining für Einsteiger Technik Tipps und Motivation Schwimmtraining für Triathleten Tipps für Pool und Freiwasser Gesundheit Warum Laufen den Darm stärkt und deine Leistung steigern kann Warum Ausdauersport für Frauen besonders gesund ist International-ENG Last 50 places - Prague Orlen marathon Ceske Budejovice Aktuelle Artikel Marathonbühne Prag – Mario Bauernfeind glänzt für Österreich Richtig essen vor dem Wettkampf: Das zählt in den letzten 24 Stunden Laufsport Termine Demnächst 7. Mai 2026 Herzlauf Wien 7. Mai 2026 Raiffeisen Businesslauf Graz 7. Mai 2026 Business2Run Gmunden 8. Mai 2026 Triestingtaler Sunset Run Marathon Marathon / Halbmarathon / Viertelmarathon: 9. Mai 2026 Gerolsteiner Helgoland Marathon 9. Mai 2026 Leiden Marathon 9. Mai 2026 GutsMuths-Rennsteiglauf International 7. Mai 2026 Deutschland B2Run Karlsruhe 8. Mai 2026 China, Volksrepublik Hyrox Hong Kong 8. Mai 2026 Schweiz B2Run Schweiz Basel Triathlon & Duathlon 14. Mai 2026 Stuiben Trailrun 15. Mai 2026 Apfelland Triathlon 24. Mai 2026 Schwarzataler Triathlon 30. Mai 2026 Triathlon Kirchbichl Laufsport Fotos & Videos Veranstaltung 3. Mai 2026 Prag Marathon 12. Oktober 2025 Graz Marathon 4. September 2025 Wien Energie Business Run Retro 16. Mai 1993 Stadtlauf Oberndorf 1993 10. April 1994 Vienna City Marathon 1994 1. Januar 1999 Welschlauf 1999 Community 12. Oktober 2025 Sefik Mehmedbegovic Graz Marathon 7. September 2023 Richard Haunold Business2023 27. August 2023 Mario Nagele KL_VM_MN01 Neue Videos Grazathlon 2021 Graz Marathon 2019 Vienna Night Run 2019 Ergebnisse B2Run München - Einzelwertung Home Ergebnisse B2Run München Einzelwertung Wertungen filtern: Frauen Männer Wertungen und Altersklassen nach Vorgaben des Veranstalters. Zeige 351-400 von 36.080 Einträgen. Pos Stnr Vorname Nachname Nation Club / Team Kategorie GPos KPos TPos 351. 35462 Leon Becker GER RSM Ebner Stolz offene Klasse 335 204 - 00:22:01.1 352. 1987 Niklas Sabel GER Celonis Gladiators offene Klasse 336 205 - 00:22:01.3 353. 8971 Moritz Lengl GER Neovii Running Team offene Klasse 337 206 - 00:22:01.4 354. 44666 Kai Peikert GER YASKAWA Europe Ü35 338 33 - 00:22:01.4 355. 15210 David Affortunati GER Apple offene Klasse 339 207 - 00:22:01.5 356. 8549 Sebastian Nicolay GER MTU AERO ENGINES AG offene Klasse 340 208 - 00:22:01.5 357. 18425 Robin Kühnast-Benedikt GER #ONETEAM @Capgemini Ü40 341 34 - 00:22:01.5 358. 36643 Christian Lipp GER Team Siemens AG Ü30 342 52 - 00:22:02.2 359. 11575 Uta Heiß GER valantic Ü50 17 2 - 00:22:02.5 360. 29921 Lukas Perret GER Linde plc Ü30 343 53 - 00:22:03.2 361. 10127 Matthias Lahninger GER Scalable Capital offene Klasse 344 209 - 00:22:03.7 362. 19740 Martin Haars GER DB / VDES Ü45 345 12 - 00:22:03.7 363. 42372 Moritz Prinz GER TNG Technology Consulting offene Klasse 346 210 - 00:22:04.2 364. 39304 Gerardo Rodriguez Alcantar GER SKFV BMW Group offene Klasse 347 211 - 00:22:04.4 365. 28916 Melanie Stern GER Landeshauptstadt München Ü30 18 2 - 00:22:04.4 366. 9498 No Name GER Particle Metrix GmbH offene Klasse 348 212 - 00:22:04.8 367. 32083 Axel Rakette GER Munich Re offene Klasse 349 213 - 00:22:05.2 368. 3838 Aaron Schulze GER fortiss offene Klasse 350 214 - 00:22:05.3 369. 41614 Michael Karas GER Swiss Life Sportclub Ü50 351 2 - 00:22:05.4 370. 12543 Philip Schwinn GER AdjuCor offene Klasse 352 215 - 00:22:05.4 371. 10808 Frank Aurich GER Sportec Solutions Ü50 353 3 - 00:22:05.5 372. 42376 Matthias Seibert GER TNG Technology Consulting Ü40 354 35 - 00:22:05.5 373. 3472 Jonas Mifka GER Züblin / Strabag offene Klasse 355 216 - 00:22:05.5 374. 3551 Gabriel Seiberth GER EDAG Engineering GmbH offene Klasse 356 217 - 00:22:05.6 375. 26242 Sebastian Spörl GER Interhyp AG Ü35 357 34 - 00:22:05.8 376. 7948 Yannick Padberg GER Max² - Laufende Forschung offene Klasse 358 218 - 00:22:05.9 377. 44140 Christoph Baisl GER Wacker Chemie AG Ü40 359 36 - 00:22:06.5 378. 3439 Jörn Rohland GER ECO STOR Ü40 360 37 - 00:22:06.6 379. 25402 No Name GER Hitzler Ingenieure Ü30 361 54 - 00:22:06.8 380. 6841 Jonathan Lowe GER KONUX offene Klasse 362 219 - 00:22:06.9 381. 21510 Hans-Martin Simon GER E.ON Energie Deutschland offene Klasse 363 220 - 00:22:07.2 382. 8743 Willem Rex GER MTU AERO ENGINES AG Ü35 364 35 - 00:22:07.4 383. 22571 Axel Baner GER Essity Ü45 365 13 - 00:22:07.5 384. 653 Robert Bader GER ARRK Engineering GmbH Ü35 366 36 - 00:22:07.6 385. 11194 Claudio Schmaus GER The Mobility House Ü30 367 55 - 00:22:07.7 386. 37838 Peter Bernd GER SKFV BMW Group offene Klasse 368 221 - 00:22:08.0 387. 40198 Enrique Vollenweider GER Spaceopal Ü30 369 56 - 00:22:08.0 388. 7744 Louis Schmidt GER MAN Ü30 370 57 - 00:22:08.0 389. 5734 James Toland GER Infineon offene Klasse 371 222 - 00:22:08.2 390. 4246 Roland Nitsche GER GKK Ü30 372 58 - 00:22:09.2 391. 7647 Lukas Kieninger GER MAN offene Klasse 373 223 - 00:22:09.2 392. 11687 Jonas Heine GER Verlag C.H.BECK offene Klasse 374 224 - 00:22:09.4 393. 24536 Patrick Brix GER Hugidubies Ü40 375 38 - 00:22:09.5 394. 41023 Stephan Ströher GER Stadtwerke München GmbH Ü30 376 59 - 00:22:09.7 395. 41029 Michael Szepanski GER Stadtwerke München GmbH offene Klasse 377 225 - 00:22:09.7 396. 15687 Tobias Schwander GER Autodesk offene Klasse 378 226 - 00:22:09.8 397. 41930 Maximilian Kremer GER TDK offene Klasse 379 227 - 00:22:10.1 398. 15057 Georg Dieterle GER Apple Ü35 380 37 - 00:22:10.2 399. 40962 Nicolas Schimpf GER Stadtwerke München GmbH offene Klasse 381 228 - 00:22:10.2 400. 30758 Tim Becker GER McDermott Will & Emery Rechtsanwälte offene Klasse 382 229 - 00:22:11.2 « 3 4 5 6 7 8 9 10 11 12 » Legende: GPos = Geschlechter Position,
    KPos = Kategorie Position,
    TPos = Team Position,
    DNS = Did not start,
    DNF = Did not finish,
    DQ = Disqualifiziert Ergebnisse auf Facebook teilen Album B2Run Köln / 05.09.2019 Album B2Run München, B2Run / 16.07.2019 Aktuelle Anmeldungen Jetzt anmelden 12 B2Run Dortmund 16 Mattoni Karlovy Vary Running Festival - RunCzech Laufsport Anmeldung Ergebnisse Kalender Bilder & Videos STAY IN TOUCH! MaxFun auf Facebook MaxFun auf Youtube MaxFun auf Twitter MaxFun auf Instagram MaxFun Newsletter abonnieren Themen Vienna City Marathon Vienna Night Run Salzburg Marathon Graz Marathon Spartan Race Red Bull 400 Frauenlauf Business Run Strongmanrun B2Run Firmenlauf Österreichs größte Laufsport-Community und Laufsportplattform #1 Wir informieren und unterhalten Sportler, Sportinteressierte und Veranstalter. www.maxfunsports.com gibt es seit 1999 und
        ist die führende österreichische Laufsport Plattform. © MaxFun Sports GmbH   |   1999 - 2026 Mediendaten | Newsletter | Kontakt | Team | Jobs | Impressum"
Muenchen,2025,4355,9,https://www.maxfunsports.com/result/competition?id=4355&page=9&per-page=50,"Ergebnisse B2Run München - Einzelwertung            - MaxFun Sports - #1 Laufsportplattform in Österreich MaxFun Newsletter abonnieren MaxFun auf Instagram MaxFun auf Twitter MaxFun auf Youtube MaxFun auf Facebook Magazin Anmeldung Ergebnisse Kalender Bilder & Videos Trainingspläne Community Über uns Veranstalter Themen Mud Race Beat the city 2026 Rabatt und neue Medaillen im Fokus Raus aus dem Winterschlaf – rein ins Hindernis-Abenteuer 2026 Beat the City 2026 startet mit starken Neuerungen und Rabatten Laufsport Marathonbühne Prag – Mario Bauernfeind glänzt für Österreich Richtig essen vor dem Wettkampf: Das zählt in den letzten 24 Stunden Sabastian Sawe sprengt die Marathon-Grenze Training Laufsport im Mai Jetzt erreichst du deine Topform Laufen rechts Radfahren ohne Licht Wenn Regeln egal werden Run-Deutschland RUN5 Teamstaffel 2026 startet mit neuem Staffelkonzept Alle Termine der B2Run Saison 2026 stehen fest Trainingspläne Laufsport-Exzellenz in 8 Wochen Trainingsplan zum Abnehmen Tipps & Trends Garmin Lauf Smartwatches fuer ambitionierte Laeufer Mit RUNNING & Fitness Videos Lauf-ABC Video MaxFun Sports - Lauf ABC skipping Video MaxFun Sports - Lauf ABC sidesteps Videos Kräftigung Video MaxFun Sports -  Squats Die erste Übung für den unteren Rücken Frauen Fitness Warum Laufen für viele Frauen zum Fitness-Booster wird Winterfit in 20 Minuten Walking und Kraft fuer jeden Tag Crossfit Warum CrossFit für viele – auch Läufer – sinnvoll ist CrossFit als ganzheitliche Trainingsmethode Ernährung Ernährung für Ausdauersportler im Mai richtig anpassen Ernährung für Ausdauersportler im Februar und März International Prag wird zur Marathon Bühne für die Welt Coelmo Napoli City Half Marathon: Neapel ruft für 2027 Triathlon Triathlon Schwimmtraining für Einsteiger Technik Tipps und Motivation Schwimmtraining für Triathleten Tipps für Pool und Freiwasser Gesundheit Warum Laufen den Darm stärkt und deine Leistung steigern kann Warum Ausdauersport für Frauen besonders gesund ist International-ENG Last 50 places - Prague Orlen marathon Ceske Budejovice Aktuelle Artikel Marathonbühne Prag – Mario Bauernfeind glänzt für Österreich Richtig essen vor dem Wettkampf: Das zählt in den letzten 24 Stunden Laufsport Termine Demnächst 7. Mai 2026 Herzlauf Wien 7. Mai 2026 Raiffeisen Businesslauf Graz 7. Mai 2026 Business2Run Gmunden 8. Mai 2026 Triestingtaler Sunset Run Marathon Marathon / Halbmarathon / Viertelmarathon: 9. Mai 2026 Gerolsteiner Helgoland Marathon 9. Mai 2026 Leiden Marathon 9. Mai 2026 GutsMuths-Rennsteiglauf International 7. Mai 2026 Deutschland B2Run Karlsruhe 8. Mai 2026 China, Volksrepublik Hyrox Hong Kong 8. Mai 2026 Schweiz B2Run Schweiz Basel Triathlon & Duathlon 14. Mai 2026 Stuiben Trailrun 15. Mai 2026 Apfelland Triathlon 24. Mai 2026 Schwarzataler Triathlon 30. Mai 2026 Triathlon Kirchbichl Laufsport Fotos & Videos Veranstaltung 3. Mai 2026 Prag Marathon 12. Oktober 2025 Graz Marathon 4. September 2025 Wien Energie Business Run Retro 16. Mai 1993 Stadtlauf Oberndorf 1993 10. April 1994 Vienna City Marathon 1994 1. Januar 1999 Welschlauf 1999 Community 12. Oktober 2025 Sefik Mehmedbegovic Graz Marathon 7. September 2023 Richard Haunold Business2023 27. August 2023 Mario Nagele KL_VM_MN01 Neue Videos Grazathlon 2021 Graz Marathon 2019 Vienna Night Run 2019 Ergebnisse B2Run München - Einzelwertung Home Ergebnisse B2Run München Einzelwertung Wertungen filtern: Frauen Männer Wertungen und Altersklassen nach Vorgaben des Veranstalters. Zeige 401-450 von 36.080 Einträgen. Pos Stnr Vorname Nachname Nation Club / Team Kategorie GPos KPos TPos 401. 17173 Antoine Hernandez GER Brainlab AG Ü30 383 60 - 00:22:11.3 402. 39371 Silvan Wimmer GER SKFV BMW Group offene Klasse 384 230 - 00:22:11.4 403. 1662 Maximilian Haase GER Büro für Umweltfragen GmbH Ü35 385 38 - 00:22:11.4 404. 10940 Tobias Tischler GER STRÖER Ü30 386 61 - 00:22:11.6 405. 16337 Stephan Höller GER BLSV - Lebe deinen Sport offene Klasse 1 1 - 00:22:12.3 406. 5252 Tobias Thurner GER ILF Beratende Ingenieure GmbH offene Klasse 387 231 - 00:22:12.4 407. 44117 Stefanie Schnee GER Wacker Chemie AG offene Klasse 19 12 - 00:22:12.5 408. 14661 Felix Liomin GER Day 1 offene Klasse 388 232 - 00:22:12.6 409. 11188 Philipp Leitner GER The Mobility House offene Klasse 389 233 - 00:22:13.0 410. 17976 Marian Liesch GER bulicek + ingenieure gmbh offene Klasse 390 234 - 00:22:13.1 411. 34160 Thomas Kauschke GER Qualcomm offene Klasse 391 235 - 00:22:13.1 412. 22076 Nikolas Kurringer GER Eni Deutschland offene Klasse 392 236 - 00:22:13.5 413. 35379 Sebastian Lanzinger GER Rohde & Schwarz GmbH & Co KG offene Klasse 393 237 - 00:22:13.6 414. 9719 Erik Oehmichen GER PULS Ü35 394 39 - 00:22:13.9 415. 2350 Florian Schinzel GER CHECK24 GmbH offene Klasse 395 238 - 00:22:14.0 416. 44753 No Name GER ZITiS offene Klasse 396 239 - 00:22:14.0 417. 25244 Marko Kralj GER HENSOLDT Sensors GmbH Ü35 397 40 - 00:22:14.2 418. 35396 Philipp Pleunik GER Rohde & Schwarz GmbH & Co KG offene Klasse 398 240 - 00:22:14.2 419. 5460 Constantin Heyder GER Infineon offene Klasse 399 241 - 00:22:14.5 420. 39154 Nils Müllrick GER SKFV BMW Group Ü45 400 14 - 00:22:14.6 421. 16956 Tobias Schmailzl GER BLL offene Klasse 401 242 - 00:22:14.8 422. 15460 Adam Hotz GER ASMPT Ü35 402 41 - 00:22:14.9 423. 12143 Tobias Weber GER Zeppelin GmbH offene Klasse 403 243 - 00:22:15.2 424. 6756 Stefan Enßle GER LMU Klinikum offene Klasse 404 244 - 00:22:15.5 425. 33511 Katrin Reischmann GER PSPerformer offene Klasse 20 13 - 00:22:15.6 426. 3398 Shrikant Nanda GER E.ON Digital Technology Ü35 405 42 - 00:22:15.7 427. 41069 Niklas Wettberg GER Stadtwerke München GmbH offene Klasse 406 245 - 00:22:16.0 428. 14414 Maximilian Malz GER Alois Dallmayr Ü30 407 62 - 00:22:16.1 429. 4306 Felix Richter GER Golding Capital Partners offene Klasse 408 246 - 00:22:16.4 430. 338 No Name GER Advantest Europe GmbH offene Klasse 409 247 - 00:22:16.6 431. 5689 Christian Schmidt GER Infineon Ü40 410 39 - 00:22:17.0 432. 38171 Andreas Gross GER SKFV BMW Group offene Klasse 411 248 - 00:22:17.2 433. 38966 Johannes Keilholz GER SKFV BMW Group offene Klasse 412 249 - 00:22:17.3 434. 28329 Max Hesse GER Landeshauptstadt München offene Klasse 413 250 - 00:22:17.3 435. 5717 Jan Brinkmann GER Infineon offene Klasse 414 251 - 00:22:17.4 436. 9521 Michael Winklhofer GER PharmaSGP offene Klasse 415 252 - 00:22:17.4 437. 34229 Martin Stöckl GER Qualcomm Ü35 416 43 - 00:22:17.4 438. 7904 Daniel Abbas GER Max² - Laufende Forschung Ü30 417 63 - 00:22:17.4 439. 39984 Max Obermeier GER SKW Schwarz offene Klasse 418 253 - 00:22:17.4 440. 27394 Alexander Hölzl GER Klüber Lubrication offene Klasse 419 254 - 00:22:17.5 441. 37165 Laura Schiffner GER Team Siemens AG offene Klasse 21 14 - 00:22:17.6 442. 33990 Markus Mühlbauer GER Proliance offene Klasse 420 255 - 00:22:18.3 443. 2248 Max Maes GER CHECK24 GmbH offene Klasse 421 256 - 00:22:18.5 444. 1284 Dominic Scherer GER Bayerische Versorgungskammer offene Klasse 422 257 - 00:22:18.7 445. 29709 Andreas Schmidt GER LHM Services GmbH offene Klasse 423 258 - 00:22:18.8 446. 3148 Christian Veit GER die Bayerische Ü40 424 40 - 00:22:18.8 447. 34207 Regulo Miguel Ramirez Wong GER Qualcomm Ü40 425 41 - 00:22:18.9 448. 34353 Tim Seidel GER QE offene Klasse 426 259 - 00:22:19.1 449. 1879 Florian Rinck GER Catella offene Klasse 427 260 - 00:22:19.1 450. 34033 Stefan Sistig GER Qair Deutschland Ü35 428 44 - 00:22:19.3 « 4 5 6 7 8 9 10 11 12 13 » Legende: GPos = Geschlechter Position,
    KPos = Kategorie Position,
    TPos = Team Position,
    DNS = Did not start,
    DNF = Did not finish,
    DQ = Disqualifiziert Ergebnisse auf Facebook teilen Album B2Run Köln / 05.09.2019 Album B2Run München, B2Run / 16.07.2019 Aktuelle Anmeldungen Jetzt anmelden 12 B2Run Dortmund 16 Mattoni Karlovy Vary Running Festival - RunCzech Laufsport Anmeldung Ergebnisse Kalender Bilder & Videos STAY IN TOUCH! MaxFun auf Facebook MaxFun auf Youtube MaxFun auf Twitter MaxFun auf Instagram MaxFun Newsletter abonnieren Themen Vienna City Marathon Vienna Night Run Salzburg Marathon Graz Marathon Spartan Race Red Bull 400 Frauenlauf Business Run Strongmanrun B2Run Firmenlauf Österreichs größte Laufsport-Community und Laufsportplattform #1 Wir informieren und unterhalten Sportler, Sportinteressierte und Veranstalter. www.maxfunsports.com gibt es seit 1999 und
        ist die führende österreichische Laufsport Plattform. © MaxFun Sports GmbH   |   1999 - 2026 Mediendaten | Newsletter | Kontakt | Team | Jobs | Impressum"
Muenchen,2025,4355,10,https://www.maxfunsports.com/result/competition?id=4355&page=10&per-page=50,"Ergebnisse B2Run München - Einzelwertung            - MaxFun Sports - #1 Laufsportplattform in Österreich MaxFun Newsletter abonnieren MaxFun auf Instagram MaxFun auf Twitter MaxFun auf Youtube MaxFun auf Facebook Magazin Anmeldung Ergebnisse Kalender Bilder & Videos Trainingspläne Community Über uns Veranstalter Themen Mud Race Beat the city 2026 Rabatt und neue Medaillen im Fokus Raus aus dem Winterschlaf – rein ins Hindernis-Abenteuer 2026 Beat the City 2026 startet mit starken Neuerungen und Rabatten Laufsport Marathonbühne Prag – Mario Bauernfeind glänzt für Österreich Richtig essen vor dem Wettkampf: Das zählt in den letzten 24 Stunden Sabastian Sawe sprengt die Marathon-Grenze Training Laufsport im Mai Jetzt erreichst du deine Topform Laufen rechts Radfahren ohne Licht Wenn Regeln egal werden Run-Deutschland RUN5 Teamstaffel 2026 startet mit neuem Staffelkonzept Alle Termine der B2Run Saison 2026 stehen fest Trainingspläne Laufsport-Exzellenz in 8 Wochen Trainingsplan zum Abnehmen Tipps & Trends Garmin Lauf Smartwatches fuer ambitionierte Laeufer Mit RUNNING & Fitness Videos Lauf-ABC Video MaxFun Sports - Lauf ABC skipping Video MaxFun Sports - Lauf ABC sidesteps Videos Kräftigung Video MaxFun Sports -  Squats Die erste Übung für den unteren Rücken Frauen Fitness Warum Laufen für viele Frauen zum Fitness-Booster wird Winterfit in 20 Minuten Walking und Kraft fuer jeden Tag Crossfit Warum CrossFit für viele – auch Läufer – sinnvoll ist CrossFit als ganzheitliche Trainingsmethode Ernährung Ernährung für Ausdauersportler im Mai richtig anpassen Ernährung für Ausdauersportler im Februar und März International Prag wird zur Marathon Bühne für die Welt Coelmo Napoli City Half Marathon: Neapel ruft für 2027 Triathlon Triathlon Schwimmtraining für Einsteiger Technik Tipps und Motivation Schwimmtraining für Triathleten Tipps für Pool und Freiwasser Gesundheit Warum Laufen den Darm stärkt und deine Leistung steigern kann Warum Ausdauersport für Frauen besonders gesund ist International-ENG Last 50 places - Prague Orlen marathon Ceske Budejovice Aktuelle Artikel Marathonbühne Prag – Mario Bauernfeind glänzt für Österreich Richtig essen vor dem Wettkampf: Das zählt in den letzten 24 Stunden Laufsport Termine Demnächst 7. Mai 2026 Herzlauf Wien 7. Mai 2026 Raiffeisen Businesslauf Graz 7. Mai 2026 Business2Run Gmunden 8. Mai 2026 Triestingtaler Sunset Run Marathon Marathon / Halbmarathon / Viertelmarathon: 9. Mai 2026 Gerolsteiner Helgoland Marathon 9. Mai 2026 Leiden Marathon 9. Mai 2026 GutsMuths-Rennsteiglauf International 7. Mai 2026 Deutschland B2Run Karlsruhe 8. Mai 2026 China, Volksrepublik Hyrox Hong Kong 8. Mai 2026 Schweiz B2Run Schweiz Basel Triathlon & Duathlon 14. Mai 2026 Stuiben Trailrun 15. Mai 2026 Apfelland Triathlon 24. Mai 2026 Schwarzataler Triathlon 30. Mai 2026 Triathlon Kirchbichl Laufsport Fotos & Videos Veranstaltung 3. Mai 2026 Prag Marathon 12. Oktober 2025 Graz Marathon 4. September 2025 Wien Energie Business Run Retro 16. Mai 1993 Stadtlauf Oberndorf 1993 10. April 1994 Vienna City Marathon 1994 1. Januar 1999 Welschlauf 1999 Community 12. Oktober 2025 Sefik Mehmedbegovic Graz Marathon 7. September 2023 Richard Haunold Business2023 27. August 2023 Mario Nagele KL_VM_MN01 Neue Videos Grazathlon 2021 Graz Marathon 2019 Vienna Night Run 2019 Ergebnisse B2Run München - Einzelwertung Home Ergebnisse B2Run München Einzelwertung Wertungen filtern: Frauen Männer Wertungen und Altersklassen nach Vorgaben des Veranstalters. Zeige 451-500 von 36.080 Einträgen. Pos Stnr Vorname Nachname Nation Club / Team Kategorie GPos KPos TPos 451. 35361 Stefan Huber GER Rohde & Schwarz GmbH & Co KG Ü30 429 64 - 00:22:19.5 452. 13503 Federico Calabrese GER Allianz Ü40 430 42 - 00:22:19.5 453. 1479 Nathan Carroll GER BESTSECRET Ü40 431 43 - 00:22:19.7 454. 40410 Christina Arnold GER SPP Architekten+Ingenieure offene Klasse 22 15 - 00:22:20.1 455. 11474 Julian Greimel GER TWS Partners AG offene Klasse 432 261 - 00:22:20.2 456. 4646 Benjamin Schliebener GER Flying Photons offene Klasse 433 262 - 00:22:20.3 457. 11979 Lukas Oblinger GER WTS Group AG offene Klasse 434 263 - 00:22:20.8 458. 17163 Richard Johnson GER Brainlab AG Ü35 435 45 - 00:22:20.9 459. 35362 Jonas Vith GER Rohde & Schwarz GmbH & Co KG Ü30 436 65 - 00:22:21.0 460. 6061 Christopher Bloch Von Blottnitz GER iwis offene Klasse 437 264 - 00:22:21.2 461. 11406 David Sestak GER Trimble Runners Ü30 438 66 - 00:22:21.2 462. 16127 Markus Heilmann GER StMELF Ü45 439 15 - 00:22:21.5 463. 2799 Thomas Bobenstetter GER Deloitte GmbH offene Klasse 440 265 - 00:22:21.6 464. 17146 Julian Engelberger GER Brainlab AG offene Klasse 441 266 - 00:22:21.7 465. 52377 No Name GER BNT offene Klasse 442 267 - 00:22:21.8 466. 14774 No Name GER Team Amgen offene Klasse 23 16 - 00:22:21.9 467. 21702 Moritz Braunstorfinger GER offene Klasse 443 268 - 00:22:21.9 468. 5776 David Kaihua Zhang GER Infineon offene Klasse 444 269 - 00:22:22.3 469. 22503 Moritz Erdt GER HENSOLDT offene Klasse 445 270 - 00:22:22.4 470. 17973 Lukas Fuchs GER bulicek + ingenieure gmbh offene Klasse 446 271 - 00:22:22.4 471. 22154 Uwe Starr GER EOS GmbH Electro Optical Systems Ü40 447 44 - 00:22:22.5 472. 5497 Kamal Katkhouda GER Infineon Ü40 448 45 - 00:22:23.7 473. 36078 Junichi Sato GER Sharp NEC Displays Ü45 449 16 - 00:22:23.7 474. 6921 Rico Mix GER KPMG offene Klasse 450 272 - 00:22:23.8 475. 12561 Anselm Heilmann GER ADVANT Beiten offene Klasse 451 273 - 00:22:23.8 476. 19017 Andy Stiehler GER Cognizant Mobility Ü45 452 17 - 00:22:23.8 477. 6688 Martin Weigl GER LMU Klinikum offene Klasse 453 274 - 00:22:24.0 478. 6721 Tumsghi Berihu GER LMU Klinikum Ü30 454 67 - 00:22:24.5 479. 39993 Andrii Mazur GER Slalom Deutschland offene Klasse 455 275 - 00:22:24.8 480. 1849 Stefano Maruffi GER Rapid Raccoons Ü30 456 68 - 00:22:25.1 481. 18378 Anna Hösl GER #ONETEAM @Capgemini Ü35 24 2 - 00:22:25.2 482. 5429 Andreas Graf GER Infineon Ü35 457 46 - 00:22:25.7 483. 7662 Stefan Gobitz GER MAN Ü45 458 18 - 00:22:25.8 484. 39985 Clemens Bell GER SKW Schwarz offene Klasse 459 276 - 00:22:25.8 485. 40319 Florian Labetzsch GER ONE SPIE offene Klasse 460 277 - 00:22:25.9 486. 16911 Marco Ernstberger GER BITS Ü30 461 69 - 00:22:25.9 487. 36031 Sebastian Lacher GER WeAreServier Ü30 462 70 - 00:22:26.3 488. 9589 Lucas Schwaiblmair GER sPORRties Ü30 463 71 - 00:22:26.5 489. 11235 Luis Bayer GER Thüga offene Klasse 464 278 - 00:22:26.9 490. 28839 Bastian Hopfensitz GER Landeshauptstadt München Ü50 465 4 - 00:22:27.4 491. 19758 Martin Hochstatter GER DB / VDES Ü40 466 46 - 00:22:27.7 492. 31060 Johannes Salat GER MESSRING offene Klasse 467 279 - 00:22:27.9 493. 4418 Tobias Lang GER GvW Graf von Westphalen offene Klasse 468 280 - 00:22:27.9 494. 10301 Marcus Walther GER Schön Klinik München Harlaching offene Klasse 469 281 - 00:22:27.9 495. 39419 Erik Simon GER SKFV BMW Group offene Klasse 470 282 - 00:22:28.0 496. 10278 Elfi Böttcher GER Schön Klinik Bad Aibling offene Klasse 25 17 - 00:22:28.1 497. 35360 Phillip Taenzler GER Rohde & Schwarz GmbH & Co KG Ü35 471 47 - 00:22:28.2 498. 6856 Taieb Ben Haddej GER KPMG offene Klasse 472 283 - 00:22:28.2 499. 43206 Luca Carelli GER UniCredit Running offene Klasse 473 284 - 00:22:28.2 500. 29067 Dominik Redemann GER Landeshauptstadt München Ü35 474 48 - 00:22:28.5 « 5 6 7 8 9 10 11 12 13 14 » Legende: GPos = Geschlechter Position,
    KPos = Kategorie Position,
    TPos = Team Position,
    DNS = Did not start,
    DNF = Did not finish,
    DQ = Disqualifiziert Ergebnisse auf Facebook teilen Album B2Run Köln / 05.09.2019 Album B2Run München, B2Run / 16.07.2019 Aktuelle Anmeldungen Jetzt anmelden 12 B2Run Dortmund 16 Mattoni Karlovy Vary Running Festival - RunCzech Laufsport Anmeldung Ergebnisse Kalender Bilder & Videos STAY IN TOUCH! MaxFun auf Facebook MaxFun auf Youtube MaxFun auf Twitter MaxFun auf Instagram MaxFun Newsletter abonnieren Themen Vienna City Marathon Vienna Night Run Salzburg Marathon Graz Marathon Spartan Race Red Bull 400 Frauenlauf Business Run Strongmanrun B2Run Firmenlauf Österreichs größte Laufsport-Community und Laufsportplattform #1 Wir informieren und unterhalten Sportler, Sportinteressierte und Veranstalter. www.maxfunsports.com gibt es seit 1999 und
        ist die führende österreichische Laufsport Plattform. © MaxFun Sports GmbH   |   1999 - 2026 Mediendaten | Newsletter | Kontakt | Team | Jobs | Impressum"
Muenchen,2025,4355,11,https://www.maxfunsports.com/result/competition?id=4355&page=11&per-page=50,"Ergebnisse B2Run München - Einzelwertung            - MaxFun Sports - #1 Laufsportplattform in Österreich MaxFun Newsletter abonnieren MaxFun auf Instagram MaxFun auf Twitter MaxFun auf Youtube MaxFun auf Facebook Magazin Anmeldung Ergebnisse Kalender Bilder & Videos Trainingspläne Community Über uns Veranstalter Themen Mud Race Beat the city 2026 Rabatt und neue Medaillen im Fokus Raus aus dem Winterschlaf – rein ins Hindernis-Abenteuer 2026 Beat the City 2026 startet mit starken Neuerungen und Rabatten Laufsport Marathonbühne Prag – Mario Bauernfeind glänzt für Österreich Richtig essen vor dem Wettkampf: Das zählt in den letzten 24 Stunden Sabastian Sawe sprengt die Marathon-Grenze Training Laufsport im Mai Jetzt erreichst du deine Topform Laufen rechts Radfahren ohne Licht Wenn Regeln egal werden Run-Deutschland RUN5 Teamstaffel 2026 startet mit neuem Staffelkonzept Alle Termine der B2Run Saison 2026 stehen fest Trainingspläne Laufsport-Exzellenz in 8 Wochen Trainingsplan zum Abnehmen Tipps & Trends Garmin Lauf Smartwatches fuer ambitionierte Laeufer Mit RUNNING & Fitness Videos Lauf-ABC Video MaxFun Sports - Lauf ABC skipping Video MaxFun Sports - Lauf ABC sidesteps Videos Kräftigung Video MaxFun Sports -  Squats Die erste Übung für den unteren Rücken Frauen Fitness Warum Laufen für viele Frauen zum Fitness-Booster wird Winterfit in 20 Minuten Walking und Kraft fuer jeden Tag Crossfit Warum CrossFit für viele – auch Läufer – sinnvoll ist CrossFit als ganzheitliche Trainingsmethode Ernährung Ernährung für Ausdauersportler im Mai richtig anpassen Ernährung für Ausdauersportler im Februar und März International Prag wird zur Marathon Bühne für die Welt Coelmo Napoli City Half Marathon: Neapel ruft für 2027 Triathlon Triathlon Schwimmtraining für Einsteiger Technik Tipps und Motivation Schwimmtraining für Triathleten Tipps für Pool und Freiwasser Gesundheit Warum Laufen den Darm stärkt und deine Leistung steigern kann Warum Ausdauersport für Frauen besonders gesund ist International-ENG Last 50 places - Prague Orlen marathon Ceske Budejovice Aktuelle Artikel Marathonbühne Prag – Mario Bauernfeind glänzt für Österreich Richtig essen vor dem Wettkampf: Das zählt in den letzten 24 Stunden Laufsport Termine Demnächst 7. Mai 2026 Herzlauf Wien 7. Mai 2026 Raiffeisen Businesslauf Graz 7. Mai 2026 Business2Run Gmunden 8. Mai 2026 Triestingtaler Sunset Run Marathon Marathon / Halbmarathon / Viertelmarathon: 9. Mai 2026 Gerolsteiner Helgoland Marathon 9. Mai 2026 Leiden Marathon 9. Mai 2026 GutsMuths-Rennsteiglauf International 7. Mai 2026 Deutschland B2Run Karlsruhe 8. Mai 2026 China, Volksrepublik Hyrox Hong Kong 8. Mai 2026 Schweiz B2Run Schweiz Basel Triathlon & Duathlon 14. Mai 2026 Stuiben Trailrun 15. Mai 2026 Apfelland Triathlon 24. Mai 2026 Schwarzataler Triathlon 30. Mai 2026 Triathlon Kirchbichl Laufsport Fotos & Videos Veranstaltung 3. Mai 2026 Prag Marathon 12. Oktober 2025 Graz Marathon 4. September 2025 Wien Energie Business Run Retro 16. Mai 1993 Stadtlauf Oberndorf 1993 10. April 1994 Vienna City Marathon 1994 1. Januar 1999 Welschlauf 1999 Community 12. Oktober 2025 Sefik Mehmedbegovic Graz Marathon 7. September 2023 Richard Haunold Business2023 27. August 2023 Mario Nagele KL_VM_MN01 Neue Videos Grazathlon 2021 Graz Marathon 2019 Vienna Night Run 2019 Ergebnisse B2Run München - Einzelwertung Home Ergebnisse B2Run München Einzelwertung Wertungen filtern: Frauen Männer Wertungen und Altersklassen nach Vorgaben des Veranstalters. Zeige 501-550 von 36.080 Einträgen. Pos Stnr Vorname Nachname Nation Club / Team Kategorie GPos KPos TPos 501. 33864 Luca Kirstein GER Praxis Dr. Huberle offene Klasse 475 285 - 00:22:28.6 502. 22032 Michael Kammerbauer GER Energie Südbayern GmbH offene Klasse 476 286 - 00:22:28.7 503. 17829 Thanh Nguyen Van GER BSH Hausgeräte GmbH offene Klasse 477 287 - 00:22:28.9 504. 12999 No Name GER Allianz offene Klasse 478 288 - 00:22:29.4 505. 11504 Marco Schröder GER United Internet Ü35 479 49 - 00:22:29.9 506. 22526 Florian Pohle GER HENSOLDT offene Klasse 480 289 - 00:22:30.0 507. 42808 Kai Hartmann GER TÜV SÜD offene Klasse 481 290 - 00:22:30.5 508. 24784 Tim Lellinger GER Harman Becker Automotive Systems Ü35 482 50 - 00:22:31.0 509. 37480 Ruwen Zaparty GER Team Siemens AG Ü35 483 51 - 00:22:31.2 510. 11501 Ahmed Elsayad GER United Internet offene Klasse 484 291 - 00:22:31.2 511. 13615 Sven Gettler GER Allianz offene Klasse 485 292 - 00:22:31.2 512. 18209 Armelle Gutiérrez GER CAF Ü45 26 1 - 00:22:31.4 513. 23398 Jonas Regener GER Freshfields offene Klasse 486 293 - 00:22:31.6 514. 24761 Jürgen Geiger GER Harman Becker Automotive Systems Ü40 487 47 - 00:22:31.7 515. 36348 Lennart Kreidel GER Team Siemens AG offene Klasse 488 294 - 00:22:31.7 516. 12709 Alvaro Vecillas Sanchez GER Airbus offene Klasse 489 295 - 00:22:32.4 517. 5624 Jan Pautsch GER Infineon offene Klasse 490 296 - 00:22:32.5 518. 40161 Claudio Zeeb GER Sopra Steria - Speeders offene Klasse 491 297 - 00:22:32.8 519. 20475 Dominik Birnbacher GER Team DAV offene Klasse 492 298 - 00:22:32.8 520. 26693 Björn Meißner GER KADE läuft Ü45 493 19 - 00:22:33.2 521. 9319 Anja Stimpfle GER OMD München offene Klasse 27 18 - 00:22:33.3 522. 38337 Paul Osswald GER SKFV BMW Group offene Klasse 494 299 - 00:22:33.4 523. 42445 Lars Greß GER TRATON SE offene Klasse 495 300 - 00:22:33.6 524. 23161 Peter Eggert GER FNZ Bank SE offene Klasse 496 301 - 00:22:33.9 525. 11832 Enzo Schmidt GER Vitafy offene Klasse 497 302 - 00:22:34.2 526. 7922 Lukas Henneberg GER Max² - Laufende Forschung offene Klasse 498 303 - 00:22:34.3 527. 27625 Simon Schmidhuber GER Knorr-Bremse GmbH offene Klasse 499 304 - 00:22:34.4 528. 12142 Stephan Pfaller GER Zeppelin GmbH Ü35 500 52 - 00:22:34.5 529. 1992 Leander Weber GER Celonis Gladiators offene Klasse 501 305 - 00:22:34.5 530. 15092 No Name GER Apple Ü40 502 48 - 00:22:34.7 531. 38351 Stefan Petersberger GER SKFV BMW Group offene Klasse 503 306 - 00:22:34.7 532. 23613 Fabian Wilko Dräger GER Future Electronics Ü30 504 72 - 00:22:34.9 533. 25588 No Name GER Holybolters offene Klasse 505 307 - 00:22:35.5 534. 29742 Maurice Keil GER #einTeamLidlMünchen offene Klasse 506 308 - 00:22:35.5 535. 12861 Victor Seifert GER [at] offene Klasse 507 309 - 00:22:35.6 536. 38549 Andreas Baumgartl GER SKFV BMW Group offene Klasse 508 310 - 00:22:36.0 537. 15127 Majdi Msallem GER Apple Ü35 509 53 - 00:22:36.1 538. 23084 Marc Rosenmeyer GER Finanzchef24 Ü30 510 73 - 00:22:36.1 539. 40752 Konstantin Helfrich GER Stadtwerke München GmbH Ü35 511 54 - 00:22:36.2 540. 16709 Martin Lechner GER Bertrandt Ingenieurbüro GmbH offene Klasse 512 311 - 00:22:36.5 541. 13217 Aleksandr Poroshin GER Allianz Ü30 513 74 - 00:22:36.6 542. 12633 Michelle Janus GER AFRY offene Klasse 28 19 - 00:22:36.6 543. 23645 Enrico Urbitsch GER Gartner Magic Squad Run offene Klasse 514 312 - 00:22:36.6 544. 21786 Damian Kuc GER Ü35 515 55 - 00:22:36.7 545. 5608 Sebastian Niederländer GER Infineon offene Klasse 516 313 - 00:22:36.8 546. 191 Lukas Gruber GER Adecco offene Klasse 517 314 - 00:22:37.1 547. 28102 Ugo Caminoli GER Landeshauptstadt München Ü50 518 5 - 00:22:37.2 548. 34051 Benjamin Lackner GER Qioptiq Photonics GmbH Co.KG offene Klasse 519 315 - 00:22:37.2 549. 29084 Korbinian Steinle GER Landeshauptstadt München offene Klasse 520 316 - 00:22:37.4 550. 38451 Alexander Tyrrell GER SKFV BMW Group offene Klasse 521 317 - 00:22:37.4 « 6 7 8 9 10 11 12 13 14 15 » Legende: GPos = Geschlechter Position,
    KPos = Kategorie Position,
    TPos = Team Position,
    DNS = Did not start,
    DNF = Did not finish,
    DQ = Disqualifiziert Ergebnisse auf Facebook teilen Album B2Run Köln / 05.09.2019 Album B2Run München, B2Run / 16.07.2019 Aktuelle Anmeldungen Jetzt anmelden 12 B2Run Dortmund 16 Mattoni Karlovy Vary Running Festival - RunCzech Laufsport Anmeldung Ergebnisse Kalender Bilder & Videos STAY IN TOUCH! MaxFun auf Facebook MaxFun auf Youtube MaxFun auf Twitter MaxFun auf Instagram MaxFun Newsletter abonnieren Themen Vienna City Marathon Vienna Night Run Salzburg Marathon Graz Marathon Spartan Race Red Bull 400 Frauenlauf Business Run Strongmanrun B2Run Firmenlauf Österreichs größte Laufsport-Community und Laufsportplattform #1 Wir informieren und unterhalten Sportler, Sportinteressierte und Veranstalter. www.maxfunsports.com gibt es seit 1999 und
        ist die führende österreichische Laufsport Plattform. © MaxFun Sports GmbH   |   1999 - 2026 Mediendaten | Newsletter | Kontakt | Team | Jobs | Impressum"
Muenchen,2025,4355,12,https://www.maxfunsports.com/result/competition?id=4355&page=12&per-page=50,"Ergebnisse B2Run München - Einzelwertung            - MaxFun Sports - #1 Laufsportplattform in Österreich MaxFun Newsletter abonnieren MaxFun auf Instagram MaxFun auf Twitter MaxFun auf Youtube MaxFun auf Facebook Magazin Anmeldung Ergebnisse Kalender Bilder & Videos Trainingspläne Community Über uns Veranstalter Themen Mud Race Beat the city 2026 Rabatt und neue Medaillen im Fokus Raus aus dem Winterschlaf – rein ins Hindernis-Abenteuer 2026 Beat the City 2026 startet mit starken Neuerungen und Rabatten Laufsport Marathonbühne Prag – Mario Bauernfeind glänzt für Österreich Richtig essen vor dem Wettkampf: Das zählt in den letzten 24 Stunden Sabastian Sawe sprengt die Marathon-Grenze Training Laufsport im Mai Jetzt erreichst du deine Topform Laufen rechts Radfahren ohne Licht Wenn Regeln egal werden Run-Deutschland RUN5 Teamstaffel 2026 startet mit neuem Staffelkonzept Alle Termine der B2Run Saison 2026 stehen fest Trainingspläne Laufsport-Exzellenz in 8 Wochen Trainingsplan zum Abnehmen Tipps & Trends Garmin Lauf Smartwatches fuer ambitionierte Laeufer Mit RUNNING & Fitness Videos Lauf-ABC Video MaxFun Sports - Lauf ABC skipping Video MaxFun Sports - Lauf ABC sidesteps Videos Kräftigung Video MaxFun Sports -  Squats Die erste Übung für den unteren Rücken Frauen Fitness Warum Laufen für viele Frauen zum Fitness-Booster wird Winterfit in 20 Minuten Walking und Kraft fuer jeden Tag Crossfit Warum CrossFit für viele – auch Läufer – sinnvoll ist CrossFit als ganzheitliche Trainingsmethode Ernährung Ernährung für Ausdauersportler im Mai richtig anpassen Ernährung für Ausdauersportler im Februar und März International Prag wird zur Marathon Bühne für die Welt Coelmo Napoli City Half Marathon: Neapel ruft für 2027 Triathlon Triathlon Schwimmtraining für Einsteiger Technik Tipps und Motivation Schwimmtraining für Triathleten Tipps für Pool und Freiwasser Gesundheit Warum Laufen den Darm stärkt und deine Leistung steigern kann Warum Ausdauersport für Frauen besonders gesund ist International-ENG Last 50 places - Prague Orlen marathon Ceske Budejovice Aktuelle Artikel Marathonbühne Prag – Mario Bauernfeind glänzt für Österreich Richtig essen vor dem Wettkampf: Das zählt in den letzten 24 Stunden Laufsport Termine Demnächst 7. Mai 2026 Herzlauf Wien 7. Mai 2026 Raiffeisen Businesslauf Graz 7. Mai 2026 Business2Run Gmunden 8. Mai 2026 Triestingtaler Sunset Run Marathon Marathon / Halbmarathon / Viertelmarathon: 9. Mai 2026 Gerolsteiner Helgoland Marathon 9. Mai 2026 Leiden Marathon 9. Mai 2026 GutsMuths-Rennsteiglauf International 7. Mai 2026 Deutschland B2Run Karlsruhe 8. Mai 2026 China, Volksrepublik Hyrox Hong Kong 8. Mai 2026 Schweiz B2Run Schweiz Basel Triathlon & Duathlon 14. Mai 2026 Stuiben Trailrun 15. Mai 2026 Apfelland Triathlon 24. Mai 2026 Schwarzataler Triathlon 30. Mai 2026 Triathlon Kirchbichl Laufsport Fotos & Videos Veranstaltung 3. Mai 2026 Prag Marathon 12. Oktober 2025 Graz Marathon 4. September 2025 Wien Energie Business Run Retro 16. Mai 1993 Stadtlauf Oberndorf 1993 10. April 1994 Vienna City Marathon 1994 1. Januar 1999 Welschlauf 1999 Community 12. Oktober 2025 Sefik Mehmedbegovic Graz Marathon 7. September 2023 Richard Haunold Business2023 27. August 2023 Mario Nagele KL_VM_MN01 Neue Videos Grazathlon 2021 Graz Marathon 2019 Vienna Night Run 2019 Ergebnisse B2Run München - Einzelwertung Home Ergebnisse B2Run München Einzelwertung Wertungen filtern: Frauen Männer Wertungen und Altersklassen nach Vorgaben des Veranstalters. Zeige 551-600 von 36.080 Einträgen. Pos Stnr Vorname Nachname Nation Club / Team Kategorie GPos KPos TPos 551. 5402 Martin Frank GER Infineon offene Klasse 522 318 - 00:22:37.7 552. 33968 Nic Pollich GER Project GmbH offene Klasse 523 319 - 00:22:37.7 553. 15484 Christian Mischke GER ASMPT Ü30 524 75 - 00:22:37.7 554. 20712 Benedikt Prölß GER Diakonie München und Oberbayern offene Klasse 525 320 - 00:22:37.8 555. 37799 Daniel Herrmann GER Simon-Kucher offene Klasse 526 321 - 00:22:38.0 556. 38169 Adrian Grech GER SKFV BMW Group offene Klasse 527 322 - 00:22:38.3 557. 1997 Nils Burmann GER Celonis Gladiators Ü30 528 76 - 00:22:38.5 558. 7241 Dennis Kupke GER LV 1871 Ü30 529 77 - 00:22:38.8 559. 30727 No Name GER MPQ offene Klasse 530 323 - 00:22:38.8 560. 8820 Kilian Failer GER MTU AERO ENGINES AG offene Klasse 531 324 - 00:22:38.9 561. 42966 Stephan Ströbl GER TÜV SÜD Ü30 532 78 - 00:22:39.0 562. 22230 Philip Wrobel GER Erdinger Alkoholfrei Ü30 533 79 - 00:22:39.2 563. 20021 Florian Balasch GER Debeka Ü45 534 20 - 00:22:39.4 564. 2808 Luca Leonhard Strobel GER Deloitte GmbH offene Klasse 535 325 - 00:22:39.4 565. 35386 Martin Welz GER Rohde & Schwarz GmbH & Co KG Ü40 536 49 - 00:22:39.5 566. 25404 Michael Schreckenberg GER Hitzler Ingenieure Ü30 537 80 - 00:22:39.5 567. 40790 Mike Janout GER Stadtwerke München GmbH offene Klasse 538 326 - 00:22:39.9 568. 8265 Max Steiert GER MHP Management- und IT-Beratung GmbH offene Klasse 539 327 - 00:22:40.0 569. 29680 Konstantin Lang GER LfA Förderbank Bayern offene Klasse 540 328 - 00:22:40.2 570. 38476 Jendrik Weng GER SKFV BMW Group offene Klasse 541 329 - 00:22:40.3 571. 5179 Daniel Zinsler GER IAV GmbH Ü30 542 81 - 00:22:40.5 572. 34104 Jan Behrens GER Qualcomm Ü35 543 56 - 00:22:40.5 573. 18357 Julien Gehrke GER #ONETEAM @Capgemini offene Klasse 544 330 - 00:22:40.7 574. 5348 Bastian Busch GER Infineon Ü30 545 82 - 00:22:41.1 575. 35629 Felix Stingel GER SAP Munich offene Klasse 546 331 - 00:22:41.1 576. 30692 Guillaume Lo-Cascio GER Max-Planck Plasmaphysik Ü30 547 83 - 00:22:41.2 577. 604 Jonas Bugarsitz GER ARAG Krankenversicherung offene Klasse 548 332 - 00:22:41.5 578. 44112 Tobias Ohler GER Wacker Chemie AG Ü50 549 6 - 00:22:41.7 579. 36311 Fabian Burger-Scheidlin GER Team Siemens AG Ü35 550 57 - 00:22:41.8 580. 33187 Nicolas Beck GER Orlando Capital offene Klasse 551 333 - 00:22:42.1 581. 29829 Arnaud Beltoise GER Linde plc Ü30 552 84 - 00:22:42.5 582. 6846 Marcus Aberl GER KPMG offene Klasse 553 334 - 00:22:42.6 583. 5157 Daniel Kröbl GER IAV GmbH Ü40 554 50 - 00:22:42.7 584. 17732 Karl Dollinger GER BSH Hausgeräte GmbH offene Klasse 555 335 - 00:22:42.8 585. 10052 No Name GER Samsung offene Klasse 2 2 - 00:22:43.4 586. 41593 Daniel Schmid GER Swiss Life Sportclub Ü35 556 58 - 00:22:43.7 587. 16952 Maximilian Mayer GER BLL Ü30 557 85 - 00:22:43.8 588. 32090 Martin Pöhlmann GER Munich Re offene Klasse 558 336 - 00:22:43.9 589. 22026 Alvaro Esteban Otero GER Energie Südbayern GmbH offene Klasse 559 337 - 00:22:43.9 590. 2672 Alexandru Dorman GER Daiichi Sankyo Europe GmbH Ü35 560 59 - 00:22:44.1 591. 18154 Louis Geiller GER CACEIS offene Klasse 561 338 - 00:22:44.1 592. 16457 Richard Hänsel GER bayernets GmbH Ü35 562 60 - 00:22:44.2 593. 14118 Alexander Schroth GER Allianz Ü35 563 61 - 00:22:44.4 594. 19176 Markus Strohmeier GER Die ConSohlen Ü45 564 21 - 00:22:44.6 595. 2260 Alejandro Martinez GER CHECK24 GmbH offene Klasse 565 339 - 00:22:44.8 596. 32268 Heinrich Zens GER MSE offene Klasse 566 340 - 00:22:44.9 597. 34777 Alexander Heidenfelder GER ROB-Runners Ü35 567 62 - 00:22:45.0 598. 470 Jürgen Vierbach GER Allane Mobility Group Ü30 568 86 - 00:22:45.1 599. 38693 Felix Eckstorff GER SKFV BMW Group offene Klasse 569 341 - 00:22:45.2 600. 16125 Marinus Galler GER StMELF Ü30 570 87 - 00:22:45.6 « 7 8 9 10 11 12 13 14 15 16 » Legende: GPos = Geschlechter Position,
    KPos = Kategorie Position,
    TPos = Team Position,
    DNS = Did not start,
    DNF = Did not finish,
    DQ = Disqualifiziert Ergebnisse auf Facebook teilen Album B2Run Köln / 05.09.2019 Album B2Run München, B2Run / 16.07.2019 Aktuelle Anmeldungen Jetzt anmelden 12 B2Run Dortmund 16 Mattoni Karlovy Vary Running Festival - RunCzech Laufsport Anmeldung Ergebnisse Kalender Bilder & Videos STAY IN TOUCH! MaxFun auf Facebook MaxFun auf Youtube MaxFun auf Twitter MaxFun auf Instagram MaxFun Newsletter abonnieren Themen Vienna City Marathon Vienna Night Run Salzburg Marathon Graz Marathon Spartan Race Red Bull 400 Frauenlauf Business Run Strongmanrun B2Run Firmenlauf Österreichs größte Laufsport-Community und Laufsportplattform #1 Wir informieren und unterhalten Sportler, Sportinteressierte und Veranstalter. www.maxfunsports.com gibt es seit 1999 und
        ist die führende österreichische Laufsport Plattform. © MaxFun Sports GmbH   |   1999 - 2026 Mediendaten | Newsletter | Kontakt | Team | Jobs | Impressum"
Muenchen,2025,4355,13,https://www.maxfunsports.com/result/competition?id=4355&page=13&per-page=50,"Ergebnisse B2Run München - Einzelwertung            - MaxFun Sports - #1 Laufsportplattform in Österreich MaxFun Newsletter abonnieren MaxFun auf Instagram MaxFun auf Twitter MaxFun auf Youtube MaxFun auf Facebook Magazin Anmeldung Ergebnisse Kalender Bilder & Videos Trainingspläne Community Über uns Veranstalter Themen Mud Race Beat the city 2026 Rabatt und neue Medaillen im Fokus Raus aus dem Winterschlaf – rein ins Hindernis-Abenteuer 2026 Beat the City 2026 startet mit starken Neuerungen und Rabatten Laufsport Marathonbühne Prag – Mario Bauernfeind glänzt für Österreich Richtig essen vor dem Wettkampf: Das zählt in den letzten 24 Stunden Sabastian Sawe sprengt die Marathon-Grenze Training Laufsport im Mai Jetzt erreichst du deine Topform Laufen rechts Radfahren ohne Licht Wenn Regeln egal werden Run-Deutschland RUN5 Teamstaffel 2026 startet mit neuem Staffelkonzept Alle Termine der B2Run Saison 2026 stehen fest Trainingspläne Laufsport-Exzellenz in 8 Wochen Trainingsplan zum Abnehmen Tipps & Trends Garmin Lauf Smartwatches fuer ambitionierte Laeufer Mit RUNNING & Fitness Videos Lauf-ABC Video MaxFun Sports - Lauf ABC skipping Video MaxFun Sports - Lauf ABC sidesteps Videos Kräftigung Video MaxFun Sports -  Squats Die erste Übung für den unteren Rücken Frauen Fitness Warum Laufen für viele Frauen zum Fitness-Booster wird Winterfit in 20 Minuten Walking und Kraft fuer jeden Tag Crossfit Warum CrossFit für viele – auch Läufer – sinnvoll ist CrossFit als ganzheitliche Trainingsmethode Ernährung Ernährung für Ausdauersportler im Mai richtig anpassen Ernährung für Ausdauersportler im Februar und März International Prag wird zur Marathon Bühne für die Welt Coelmo Napoli City Half Marathon: Neapel ruft für 2027 Triathlon Triathlon Schwimmtraining für Einsteiger Technik Tipps und Motivation Schwimmtraining für Triathleten Tipps für Pool und Freiwasser Gesundheit Warum Laufen den Darm stärkt und deine Leistung steigern kann Warum Ausdauersport für Frauen besonders gesund ist International-ENG Last 50 places - Prague Orlen marathon Ceske Budejovice Aktuelle Artikel Marathonbühne Prag – Mario Bauernfeind glänzt für Österreich Richtig essen vor dem Wettkampf: Das zählt in den letzten 24 Stunden Laufsport Termine Demnächst 7. Mai 2026 Herzlauf Wien 7. Mai 2026 Raiffeisen Businesslauf Graz 7. Mai 2026 Business2Run Gmunden 8. Mai 2026 Triestingtaler Sunset Run Marathon Marathon / Halbmarathon / Viertelmarathon: 9. Mai 2026 Gerolsteiner Helgoland Marathon 9. Mai 2026 Leiden Marathon 9. Mai 2026 GutsMuths-Rennsteiglauf International 7. Mai 2026 Deutschland B2Run Karlsruhe 8. Mai 2026 China, Volksrepublik Hyrox Hong Kong 8. Mai 2026 Schweiz B2Run Schweiz Basel Triathlon & Duathlon 14. Mai 2026 Stuiben Trailrun 15. Mai 2026 Apfelland Triathlon 24. Mai 2026 Schwarzataler Triathlon 30. Mai 2026 Triathlon Kirchbichl Laufsport Fotos & Videos Veranstaltung 3. Mai 2026 Prag Marathon 12. Oktober 2025 Graz Marathon 4. September 2025 Wien Energie Business Run Retro 16. Mai 1993 Stadtlauf Oberndorf 1993 10. April 1994 Vienna City Marathon 1994 1. Januar 1999 Welschlauf 1999 Community 12. Oktober 2025 Sefik Mehmedbegovic Graz Marathon 7. September 2023 Richard Haunold Business2023 27. August 2023 Mario Nagele KL_VM_MN01 Neue Videos Grazathlon 2021 Graz Marathon 2019 Vienna Night Run 2019 Ergebnisse B2Run München - Einzelwertung Home Ergebnisse B2Run München Einzelwertung Wertungen filtern: Frauen Männer Wertungen und Altersklassen nach Vorgaben des Veranstalters. Zeige 601-650 von 36.080 Einträgen. Pos Stnr Vorname Nachname Nation Club / Team Kategorie GPos KPos TPos 601. 8534 Felix Büppelmann GER MTU AERO ENGINES AG offene Klasse 571 342 - 00:22:45.7 602. 41640 Juan Alejandro Simion GER Swiss Life Sportclub offene Klasse 572 343 - 00:22:45.7 603. 33190 Joscha Hanke GER Orlando Capital offene Klasse 573 344 - 00:22:46.2 604. 31619 Fabian Eisele GER MSD Ü30 574 88 - 00:22:46.5 605. 34881 Hans Young GER rembears offene Klasse 575 345 - 00:22:46.7 606. 7820 Alexander Wex GER manitz : finsterwald Ü30 576 89 - 00:22:47.0 607. 22465 Claus Ehrenstein GER Erzdiözese München und Freising Ü50 577 7 - 00:22:47.0 608. 39116 Florian Meid GER SKFV BMW Group offene Klasse 578 346 - 00:22:47.0 609. 11118 Florian Winkler GER SYNLAB International offene Klasse 579 347 - 00:22:47.3 610. 39527 Raphael Walter GER SKFV BMW Group Ü30 580 90 - 00:22:47.5 611. 6305 Uli Schreiber GER Justiz München offene Klasse 581 348 - 00:22:47.5 612. 23077 Konstantin Waigel GER Filser-Buam offene Klasse 582 349 - 00:22:47.8 613. 35481 Jakob Faber GER Risk Runners 2025 Ü40 583 51 - 00:22:47.9 614. 27527 No Name GER New Gen offene Klasse 584 350 - 00:22:48.2 615. 21536 Stephan Wander GER Team EEP Ü45 585 22 - 00:22:48.2 616. 10191 Manuel Scheidl GER Team Schaltbau offene Klasse 586 351 - 00:22:48.2 617. 44016 Enrique Reve Videaux GER W. L. Gore & Associates GmbH Ü35 587 63 - 00:22:48.2 618. 26969 Lisa Schmatz GER kbo (Kliniken d. Bezirks Oberbayern) offene Klasse 29 20 - 00:22:48.5 619. 40685 Christian Entholzner GER Stadtwerke München GmbH Ü30 588 91 - 00:22:48.7 620. 15190 Olaf Ströble GER Apple Ü50 589 8 - 00:22:48.8 621. 14689 Jakob Schomacker GER Day 1 Ü35 590 64 - 00:22:48.8 622. 2690 Jan Grabski GER Daiichi Sankyo Europe GmbH offene Klasse 591 352 - 00:22:48.8 623. 23902 Artur Debicki GER Giesecke+Devrient sportclub e.V. Ü50 592 9 - 00:22:49.0 624. 192 Matthias Hagen GER Adecco offene Klasse 593 353 - 00:22:49.0 625. 6966 Lisa-Marie Walther GER KPMG offene Klasse 30 21 - 00:22:49.4 626. 9499 Peter Jehle GER Particle Metrix GmbH offene Klasse 594 354 - 00:22:49.5 627. 7819 Maximilian Speckbacher GER manitz : finsterwald offene Klasse 595 355 - 00:22:49.8 628. 30651 Jil Maier GER MPI IP-SOZ-TAX offene Klasse 31 22 - 00:22:50.2 629. 1971 Vitalii Korol GER Celonis Gladiators Ü30 596 92 - 00:22:50.5 630. 1073 Till Becker GER Baader Trading offene Klasse 597 356 - 00:22:50.9 631. 15374 Jens Gaedtke GER Arvato Systems GmbH Ü50 598 10 - 00:22:51.0 632. 6264 Julia Kellner GER Justiz München offene Klasse 32 23 - 00:22:51.2 633. 26309 Simon Spengler GER Run4invenio offene Klasse 599 357 - 00:22:51.3 634. 19674 Alexander Binner GER DB / VDES Ü30 600 93 - 00:22:51.5 635. 14626 Fabian Haas GER Day 1 Ü30 601 94 - 00:22:51.5 636. 17826 Marcos Murillo Lahuerta GER BSH Hausgeräte GmbH Ü30 602 95 - 00:22:51.6 637. 2625 Martin Jost GER Die Creluxe offene Klasse 603 358 - 00:22:51.6 638. 12977 Leopold Voss GER ALLGEIER ENGINEERING FINISHER offene Klasse 604 359 - 00:22:51.8 639. 39508 Elias Vondenhoff GER SKFV BMW Group offene Klasse 605 360 - 00:22:52.1 640. 44611 Markus Seethaler GER WWK Ü45 606 23 - 00:22:52.1 641. 13487 Alexej Brauer GER Allianz Ü30 607 96 - 00:22:52.2 642. 7964 No Name GER MEAG offene Klasse 608 361 - 00:22:52.3 643. 17175 Danas Sutula GER Brainlab AG Ü40 609 52 - 00:22:52.7 644. 41686 Michael Löbbecke GER Swiss Re offene Klasse 610 362 - 00:22:52.7 645. 39435 Kilian Stein GER SKFV BMW Group offene Klasse 611 363 - 00:22:52.7 646. 5790 Lisseth Arriaga GER Infineon offene Klasse 33 24 - 00:22:52.7 647. 7661 Michal Biernat GER MAN Ü50 612 11 - 00:22:52.8 648. 21155 Lorenz Neu GER Kleeberg Ü35 613 65 - 00:22:52.9 649. 15151 Nicola Rasera GER Apple Ü40 614 53 - 00:22:53.2 650. 36318 Nils Dorau GER Team Siemens AG Ü30 615 97 - 00:22:53.2 « 8 9 10 11 12 13 14 15 16 17 » Legende: GPos = Geschlechter Position,
    KPos = Kategorie Position,
    TPos = Team Position,
    DNS = Did not start,
    DNF = Did not finish,
    DQ = Disqualifiziert Ergebnisse auf Facebook teilen Album B2Run Köln / 05.09.2019 Album B2Run München, B2Run / 16.07.2019 Aktuelle Anmeldungen Jetzt anmelden 12 B2Run Dortmund 16 Mattoni Karlovy Vary Running Festival - RunCzech Laufsport Anmeldung Ergebnisse Kalender Bilder & Videos STAY IN TOUCH! MaxFun auf Facebook MaxFun auf Youtube MaxFun auf Twitter MaxFun auf Instagram MaxFun Newsletter abonnieren Themen Vienna City Marathon Vienna Night Run Salzburg Marathon Graz Marathon Spartan Race Red Bull 400 Frauenlauf Business Run Strongmanrun B2Run Firmenlauf Österreichs größte Laufsport-Community und Laufsportplattform #1 Wir informieren und unterhalten Sportler, Sportinteressierte und Veranstalter. www.maxfunsports.com gibt es seit 1999 und
        ist die führende österreichische Laufsport Plattform. © MaxFun Sports GmbH   |   1999 - 2026 Mediendaten | Newsletter | Kontakt | Team | Jobs | Impressum"
Muenchen,2025,4355,14,https://www.maxfunsports.com/result/competition?id=4355&page=14&per-page=50,"Ergebnisse B2Run München - Einzelwertung            - MaxFun Sports - #1 Laufsportplattform in Österreich MaxFun Newsletter abonnieren MaxFun auf Instagram MaxFun auf Twitter MaxFun auf Youtube MaxFun auf Facebook Magazin Anmeldung Ergebnisse Kalender Bilder & Videos Trainingspläne Community Über uns Veranstalter Themen Mud Race Beat the city 2026 Rabatt und neue Medaillen im Fokus Raus aus dem Winterschlaf – rein ins Hindernis-Abenteuer 2026 Beat the City 2026 startet mit starken Neuerungen und Rabatten Laufsport Marathonbühne Prag – Mario Bauernfeind glänzt für Österreich Richtig essen vor dem Wettkampf: Das zählt in den letzten 24 Stunden Sabastian Sawe sprengt die Marathon-Grenze Training Laufsport im Mai Jetzt erreichst du deine Topform Laufen rechts Radfahren ohne Licht Wenn Regeln egal werden Run-Deutschland RUN5 Teamstaffel 2026 startet mit neuem Staffelkonzept Alle Termine der B2Run Saison 2026 stehen fest Trainingspläne Laufsport-Exzellenz in 8 Wochen Trainingsplan zum Abnehmen Tipps & Trends Garmin Lauf Smartwatches fuer ambitionierte Laeufer Mit RUNNING & Fitness Videos Lauf-ABC Video MaxFun Sports - Lauf ABC skipping Video MaxFun Sports - Lauf ABC sidesteps Videos Kräftigung Video MaxFun Sports -  Squats Die erste Übung für den unteren Rücken Frauen Fitness Warum Laufen für viele Frauen zum Fitness-Booster wird Winterfit in 20 Minuten Walking und Kraft fuer jeden Tag Crossfit Warum CrossFit für viele – auch Läufer – sinnvoll ist CrossFit als ganzheitliche Trainingsmethode Ernährung Ernährung für Ausdauersportler im Mai richtig anpassen Ernährung für Ausdauersportler im Februar und März International Prag wird zur Marathon Bühne für die Welt Coelmo Napoli City Half Marathon: Neapel ruft für 2027 Triathlon Triathlon Schwimmtraining für Einsteiger Technik Tipps und Motivation Schwimmtraining für Triathleten Tipps für Pool und Freiwasser Gesundheit Warum Laufen den Darm stärkt und deine Leistung steigern kann Warum Ausdauersport für Frauen besonders gesund ist International-ENG Last 50 places - Prague Orlen marathon Ceske Budejovice Aktuelle Artikel Marathonbühne Prag – Mario Bauernfeind glänzt für Österreich Richtig essen vor dem Wettkampf: Das zählt in den letzten 24 Stunden Laufsport Termine Demnächst 7. Mai 2026 Herzlauf Wien 7. Mai 2026 Raiffeisen Businesslauf Graz 7. Mai 2026 Business2Run Gmunden 8. Mai 2026 Triestingtaler Sunset Run Marathon Marathon / Halbmarathon / Viertelmarathon: 9. Mai 2026 Gerolsteiner Helgoland Marathon 9. Mai 2026 Leiden Marathon 9. Mai 2026 GutsMuths-Rennsteiglauf International 7. Mai 2026 Deutschland B2Run Karlsruhe 8. Mai 2026 China, Volksrepublik Hyrox Hong Kong 8. Mai 2026 Schweiz B2Run Schweiz Basel Triathlon & Duathlon 14. Mai 2026 Stuiben Trailrun 15. Mai 2026 Apfelland Triathlon 24. Mai 2026 Schwarzataler Triathlon 30. Mai 2026 Triathlon Kirchbichl Laufsport Fotos & Videos Veranstaltung 3. Mai 2026 Prag Marathon 12. Oktober 2025 Graz Marathon 4. September 2025 Wien Energie Business Run Retro 16. Mai 1993 Stadtlauf Oberndorf 1993 10. April 1994 Vienna City Marathon 1994 1. Januar 1999 Welschlauf 1999 Community 12. Oktober 2025 Sefik Mehmedbegovic Graz Marathon 7. September 2023 Richard Haunold Business2023 27. August 2023 Mario Nagele KL_VM_MN01 Neue Videos Grazathlon 2021 Graz Marathon 2019 Vienna Night Run 2019 Ergebnisse B2Run München - Einzelwertung Home Ergebnisse B2Run München Einzelwertung Wertungen filtern: Frauen Männer Wertungen und Altersklassen nach Vorgaben des Veranstalters. Zeige 651-700 von 36.080 Einträgen. Pos Stnr Vorname Nachname Nation Club / Team Kategorie GPos KPos TPos 651. 39516 Matthias Wagenstetter GER SKFV BMW Group offene Klasse 616 364 - 00:22:53.6 652. 43381 No Name GER UPS offene Klasse 617 365 - 00:22:53.9 653. 4308 Mark Schmidt GER Golding Capital Partners offene Klasse 618 366 - 00:22:53.9 654. 44609 Marco Schnurr GER WWK offene Klasse 619 367 - 00:22:54.0 655. 11706 Hubert Bittl GER Versicherungskammer Bayern Ü60 620 1 - 00:22:54.0 656. 24205 Ander Aizpuru GER GOLDBECK Süd offene Klasse 621 368 - 00:22:54.0 657. 39247 Javier Prieto Sabugo GER SKFV BMW Group offene Klasse 622 369 - 00:22:54.2 658. 31823 Bernhard Schlegel GER Munich Re offene Klasse 623 370 - 00:22:54.3 659. 13469 Nicolai Bittmann GER Allianz offene Klasse 624 371 - 00:22:54.7 660. 2803 Marek Koznar GER Deloitte GmbH offene Klasse 625 372 - 00:22:54.7 661. 40885 Tobias Mühler GER Stadtwerke München GmbH offene Klasse 626 373 - 00:22:54.9 662. 29947 Julian Schuster GER Linde plc Ü35 627 66 - 00:22:54.9 663. 10157 Moritz Pajonk GER Scalable Capital offene Klasse 628 374 - 00:22:55.2 664. 34025 Klaus Hagedorn GER Qair Deutschland Ü35 629 67 - 00:22:55.2 665. 44040 Florian Weiß GER W. L. Gore & Associates GmbH offene Klasse 630 375 - 00:22:55.3 666. 1969 Moritz Klimmek GER Celonis Gladiators offene Klasse 631 376 - 00:22:55.4 667. 34036 Matthias Anders GER Qioptiq Photonics GmbH Co.KG offene Klasse 632 377 - 00:22:55.5 668. 4028 Vincent Zimmermann GER FUTRUE offene Klasse 633 378 - 00:22:55.8 669. 35413 Robin Behrle GER Rohde & Schwarz GmbH & Co KG Ü30 634 98 - 00:22:55.9 670. 4016 Christoph Schlembach GER FUTRUE offene Klasse 635 379 - 00:22:56.0 671. 3993 Adrian Jordan GER FUTRUE offene Klasse 636 380 - 00:22:56.0 672. 34250 Daniel Fisch GER QuantCo Runs offene Klasse 637 381 - 00:22:56.8 673. 4774 Shanice Schneider GER Hoffmann Group Ü30 34 3 - 00:22:56.8 674. 10689 Matthias Gonsior GER Silver Atena Ü30 638 99 - 00:22:57.0 675. 4151 Marco Seiwert GER Getinge offene Klasse 639 382 - 00:22:57.0 676. 8520 Charles Birer GER MTU AERO ENGINES AG Ü35 640 68 - 00:22:57.3 677. 17975 Tobias Lang GER bulicek + ingenieure gmbh offene Klasse 641 383 - 00:22:57.6 678. 5825 Marcel Nabeck GER Ingenics Digital Ü30 642 100 - 00:22:57.9 679. 5000 Elisa Linnemann GER Boardinghaus Eching Ü30 643 101 - 00:22:57.9 680. 763 Markus Weigl GER ARRK Engineering GmbH Ü35 644 69 - 00:22:58.0 681. 5574 Gabriel Mello Fernandes GER Infineon Ü30 645 102 - 00:22:58.5 682. 35419 Simon Schlosser GER Rohde & Schwarz GmbH & Co KG offene Klasse 646 384 - 00:22:58.6 683. 34263 Hendrik Basler GER Quantum Systems Ü40 647 54 - 00:22:58.7 684. 10835 Johannes Kempf GER #teamssf Ü30 648 103 - 00:22:58.8 685. 39434 Simon Stark GER SKFV BMW Group offene Klasse 649 385 - 00:22:58.8 686. 31731 Dominik Essig GER Müller-Boré & Partner Patentanwälte Ü30 650 104 - 00:22:59.0 687. 44299 Jonathan Ganss GER Werbezeichen AG offene Klasse 651 386 - 00:22:59.0 688. 27128 Matthias Zelazny GER Keller & Kalmbach offene Klasse 652 387 - 00:22:59.2 689. 23003 Miguel Rodriguez Gonzalez GER FEV FeelEVolution Ü30 653 105 - 00:22:59.5 690. 7994 No Name GER MEAG offene Klasse 654 388 - 00:22:59.5 691. 37257 Michael Adler GER Team Siemens AG Ü35 655 70 - 00:22:59.6 692. 37517 Carola Puchner GER Team Siemens AG Ü30 35 4 - 00:22:59.6 693. 38803 Olaf Gottschalk GER SKFV BMW Group offene Klasse 656 389 - 00:22:59.8 694. 28127 No Name GER Landeshauptstadt München offene Klasse 657 390 - 00:22:59.8 695. 2434 Johannes Weiß GER CHECK24 GmbH offene Klasse 658 391 - 00:22:59.8 696. 5040 Jan-Henrik Bergmann GER IABG offene Klasse 659 392 - 00:23:00.1 697. 37362 Philipp Quaet-Faslem GER Team Siemens AG Ü50 660 12 - 00:23:00.1 698. 42193 Sören Mohrdieck GER The Exploration Company offene Klasse 661 393 - 00:23:00.2 699. 7219 Nicolas Dauer GER LV 1871 offene Klasse 662 394 - 00:23:00.3 700. 38168 Emanuel Grasl-Pfab GER SKFV BMW Group offene Klasse 663 395 - 00:23:00.4 « 9 10 11 12 13 14 15 16 17 18 » Legende: GPos = Geschlechter Position,
    KPos = Kategorie Position,
    TPos = Team Position,
    DNS = Did not start,
    DNF = Did not finish,
    DQ = Disqualifiziert Ergebnisse auf Facebook teilen Album B2Run Köln / 05.09.2019 Album B2Run München, B2Run / 16.07.2019 Aktuelle Anmeldungen Jetzt anmelden 12 B2Run Dortmund 16 Mattoni Karlovy Vary Running Festival - RunCzech Laufsport Anmeldung Ergebnisse Kalender Bilder & Videos STAY IN TOUCH! MaxFun auf Facebook MaxFun auf Youtube MaxFun auf Twitter MaxFun auf Instagram MaxFun Newsletter abonnieren Themen Vienna City Marathon Vienna Night Run Salzburg Marathon Graz Marathon Spartan Race Red Bull 400 Frauenlauf Business Run Strongmanrun B2Run Firmenlauf Österreichs größte Laufsport-Community und Laufsportplattform #1 Wir informieren und unterhalten Sportler, Sportinteressierte und Veranstalter. www.maxfunsports.com gibt es seit 1999 und
        ist die führende österreichische Laufsport Plattform. © MaxFun Sports GmbH   |   1999 - 2026 Mediendaten | Newsletter | Kontakt | Team | Jobs | Impressum"
Muenchen,2025,4355,15,https://www.maxfunsports.com/result/competition?id=4355&page=15&per-page=50,"Ergebnisse B2Run München - Einzelwertung            - MaxFun Sports - #1 Laufsportplattform in Österreich MaxFun Newsletter abonnieren MaxFun auf Instagram MaxFun auf Twitter MaxFun auf Youtube MaxFun auf Facebook Magazin Anmeldung Ergebnisse Kalender Bilder & Videos Trainingspläne Community Über uns Veranstalter Themen Mud Race Beat the city 2026 Rabatt und neue Medaillen im Fokus Raus aus dem Winterschlaf – rein ins Hindernis-Abenteuer 2026 Beat the City 2026 startet mit starken Neuerungen und Rabatten Laufsport Marathonbühne Prag – Mario Bauernfeind glänzt für Österreich Richtig essen vor dem Wettkampf: Das zählt in den letzten 24 Stunden Sabastian Sawe sprengt die Marathon-Grenze Training Laufsport im Mai Jetzt erreichst du deine Topform Laufen rechts Radfahren ohne Licht Wenn Regeln egal werden Run-Deutschland RUN5 Teamstaffel 2026 startet mit neuem Staffelkonzept Alle Termine der B2Run Saison 2026 stehen fest Trainingspläne Laufsport-Exzellenz in 8 Wochen Trainingsplan zum Abnehmen Tipps & Trends Garmin Lauf Smartwatches fuer ambitionierte Laeufer Mit RUNNING & Fitness Videos Lauf-ABC Video MaxFun Sports - Lauf ABC skipping Video MaxFun Sports - Lauf ABC sidesteps Videos Kräftigung Video MaxFun Sports -  Squats Die erste Übung für den unteren Rücken Frauen Fitness Warum Laufen für viele Frauen zum Fitness-Booster wird Winterfit in 20 Minuten Walking und Kraft fuer jeden Tag Crossfit Warum CrossFit für viele – auch Läufer – sinnvoll ist CrossFit als ganzheitliche Trainingsmethode Ernährung Ernährung für Ausdauersportler im Mai richtig anpassen Ernährung für Ausdauersportler im Februar und März International Prag wird zur Marathon Bühne für die Welt Coelmo Napoli City Half Marathon: Neapel ruft für 2027 Triathlon Triathlon Schwimmtraining für Einsteiger Technik Tipps und Motivation Schwimmtraining für Triathleten Tipps für Pool und Freiwasser Gesundheit Warum Laufen den Darm stärkt und deine Leistung steigern kann Warum Ausdauersport für Frauen besonders gesund ist International-ENG Last 50 places - Prague Orlen marathon Ceske Budejovice Aktuelle Artikel Marathonbühne Prag – Mario Bauernfeind glänzt für Österreich Richtig essen vor dem Wettkampf: Das zählt in den letzten 24 Stunden Laufsport Termine Demnächst 7. Mai 2026 Herzlauf Wien 7. Mai 2026 Raiffeisen Businesslauf Graz 7. Mai 2026 Business2Run Gmunden 8. Mai 2026 Triestingtaler Sunset Run Marathon Marathon / Halbmarathon / Viertelmarathon: 9. Mai 2026 Gerolsteiner Helgoland Marathon 9. Mai 2026 Leiden Marathon 9. Mai 2026 GutsMuths-Rennsteiglauf International 7. Mai 2026 Deutschland B2Run Karlsruhe 8. Mai 2026 China, Volksrepublik Hyrox Hong Kong 8. Mai 2026 Schweiz B2Run Schweiz Basel Triathlon & Duathlon 14. Mai 2026 Stuiben Trailrun 15. Mai 2026 Apfelland Triathlon 24. Mai 2026 Schwarzataler Triathlon 30. Mai 2026 Triathlon Kirchbichl Laufsport Fotos & Videos Veranstaltung 3. Mai 2026 Prag Marathon 12. Oktober 2025 Graz Marathon 4. September 2025 Wien Energie Business Run Retro 16. Mai 1993 Stadtlauf Oberndorf 1993 10. April 1994 Vienna City Marathon 1994 1. Januar 1999 Welschlauf 1999 Community 12. Oktober 2025 Sefik Mehmedbegovic Graz Marathon 7. September 2023 Richard Haunold Business2023 27. August 2023 Mario Nagele KL_VM_MN01 Neue Videos Grazathlon 2021 Graz Marathon 2019 Vienna Night Run 2019 Ergebnisse B2Run München - Einzelwertung Home Ergebnisse B2Run München Einzelwertung Wertungen filtern: Frauen Männer Wertungen und Altersklassen nach Vorgaben des Veranstalters. Zeige 701-750 von 36.080 Einträgen. Pos Stnr Vorname Nachname Nation Club / Team Kategorie GPos KPos TPos 701. 39338 Erik Schaefer GER SKFV BMW Group offene Klasse 664 396 - 00:23:00.5 702. 42744 Stefan Böhm GER TÜV SÜD offene Klasse 665 397 - 00:23:00.6 703. 22252 Dennis Peterssen GER ERGO sports München offene Klasse 666 398 - 00:23:00.7 704. 37952 Markus Maugg GER SKFV BMW Group offene Klasse 667 399 - 00:23:00.7 705. 43113 Carl-David Merlin Sievert GER UniCredit Running offene Klasse 668 400 - 00:23:00.7 706. 30673 Nate Cullen GER Max-Planck-Institut für Physik offene Klasse 669 401 - 00:23:00.8 707. 1491 Malte Hegenbarth GER BESTSECRET Ü30 670 106 - 00:23:00.9 708. 11390 Aeson Copeland GER Trimble Runners Ü30 671 107 - 00:23:01.0 709. 8184 David Lang GER METER Group Ü30 672 108 - 00:23:01.0 710. 30874 Niklas Bechtel GER Medpace Ü35 673 71 - 00:23:01.2 711. 18676 Jelmer Nutma GER CFGI Germany Ü30 674 109 - 00:23:01.2 712. 5714 Matt Staniek GER Infineon offene Klasse 675 402 - 00:23:01.2 713. 43201 Lasse Reinold GER UniCredit Running offene Klasse 676 403 - 00:23:01.4 714. 2112 Johannes Faimann GER CHECK24 GmbH offene Klasse 677 404 - 00:23:01.5 715. 23408 Daniel Ternes GER Freshfields offene Klasse 678 405 - 00:23:01.7 716. 38496 Aaron Maleki GER SKFV BMW Group offene Klasse 679 406 - 00:23:01.9 717. 31830 No Name GER Munich Re offene Klasse 680 407 - 00:23:01.9 718. 38934 Patrick Jahn GER SKFV BMW Group offene Klasse 681 408 - 00:23:02.1 719. 12882 Dominik Prager GER Alexion Pharma Germany GmbH Ü30 682 110 - 00:23:02.2 720. 38341 Florian Papenkordt GER SKFV BMW Group offene Klasse 683 409 - 00:23:02.2 721. 30749 Hendrik Timme GER MPQ offene Klasse 684 410 - 00:23:02.3 722. 2451 Christian Ziegler GER CHECK24 GmbH offene Klasse 685 411 - 00:23:02.3 723. 11609 Ingo Ziegenhohn GER valantic Ü30 686 111 - 00:23:02.4 724. 33208 Ignacio Viciano-Semper GER Marina Pott Ü30 687 112 - 00:23:02.5 725. 18419 Julia Müller GER #ONETEAM @Capgemini Ü45 36 2 - 00:23:02.5 726. 25893 Robin Schirmer GER idem Ü30 688 113 - 00:23:02.5 727. 7764 Guillermo Somodevilla GER MAN Ü35 689 72 - 00:23:02.8 728. 3474 Max Schrüfer GER Züblin / Strabag offene Klasse 690 412 - 00:23:03.0 729. 35389 Moritz Pfefferkorn GER Rohde & Schwarz GmbH & Co KG Ü35 691 73 - 00:23:03.0 730. 3376 Matthias Bachfischer GER E.ON Digital Technology offene Klasse 692 413 - 00:23:03.1 731. 42746 Andreas Boll GER TÜV SÜD Ü40 693 55 - 00:23:03.2 732. 691 Christian Mehringer GER ARRK Engineering GmbH offene Klasse 694 414 - 00:23:03.2 733. 35432 Simon Ulshöfer GER Rohde & Schwarz GmbH & Co KG offene Klasse 695 415 - 00:23:03.2 734. 16822 Patrik Schlammerl GER BG-Phoenics GmbH offene Klasse 696 416 - 00:23:03.4 735. 11480 Maximilian Schader GER TWS Partners AG Ü35 697 74 - 00:23:03.5 736. 42885 Martin Kummann GER TÜV SÜD offene Klasse 698 417 - 00:23:03.7 737. 34992 Vincenzo Serra GER Resmed Runners offene Klasse 699 418 - 00:23:03.7 738. 43947 Ulya Appel GER W. L. Gore & Associates GmbH Ü45 37 3 - 00:23:04.2 739. 14622 Walid Briki GER Day 1 Ü30 700 114 - 00:23:04.3 740. 23928 Thomas Hartung GER Giesecke+Devrient sportclub e.V. Ü30 701 115 - 00:23:04.4 741. 7916 Lucas Diedrich GER Max² - Laufende Forschung offene Klasse 702 419 - 00:23:04.5 742. 18474 Georg Stübner GER #ONETEAM @Capgemini Ü40 703 56 - 00:23:04.5 743. 40152 Si Hu GER Sopra Steria - Speeders Ü30 704 116 - 00:23:04.6 744. 2752 Gernot Polier GER Daiichi Sankyo Europe GmbH Ü40 705 57 - 00:23:05.0 745. 142 Julian Eisenmann GER ADAC Ü35 706 75 - 00:23:05.0 746. 34081 Nicolas Brauner GER QPLIX offene Klasse 707 420 - 00:23:05.0 747. 576 Denis Polczynski GER #WinAsOne Ü35 708 76 - 00:23:05.2 748. 1324 Max Siller GER Team BVS offene Klasse 709 421 - 00:23:05.2 749. 32076 No Name GER Munich Re offene Klasse 710 422 - 00:23:05.2 750. 38820 Tobias Große-Brockmann GER SKFV BMW Group offene Klasse 711 423 - 00:23:05.3 « 10 11 12 13 14 15 16 17 18 19 » Legende: GPos = Geschlechter Position,
    KPos = Kategorie Position,
    TPos = Team Position,
    DNS = Did not start,
    DNF = Did not finish,
    DQ = Disqualifiziert Ergebnisse auf Facebook teilen Album B2Run Köln / 05.09.2019 Album B2Run München, B2Run / 16.07.2019 Aktuelle Anmeldungen Jetzt anmelden 12 B2Run Dortmund 16 Mattoni Karlovy Vary Running Festival - RunCzech Laufsport Anmeldung Ergebnisse Kalender Bilder & Videos STAY IN TOUCH! MaxFun auf Facebook MaxFun auf Youtube MaxFun auf Twitter MaxFun auf Instagram MaxFun Newsletter abonnieren Themen Vienna City Marathon Vienna Night Run Salzburg Marathon Graz Marathon Spartan Race Red Bull 400 Frauenlauf Business Run Strongmanrun B2Run Firmenlauf Österreichs größte Laufsport-Community und Laufsportplattform #1 Wir informieren und unterhalten Sportler, Sportinteressierte und Veranstalter. www.maxfunsports.com gibt es seit 1999 und
        ist die führende österreichische Laufsport Plattform. © MaxFun Sports GmbH   |   1999 - 2026 Mediendaten | Newsletter | Kontakt | Team | Jobs | Impressum"
Muenchen,2025,4355,16,https://www.maxfunsports.com/result/competition?id=4355&page=16&per-page=50,"Ergebnisse B2Run München - Einzelwertung            - MaxFun Sports - #1 Laufsportplattform in Österreich MaxFun Newsletter abonnieren MaxFun auf Instagram MaxFun auf Twitter MaxFun auf Youtube MaxFun auf Facebook Magazin Anmeldung Ergebnisse Kalender Bilder & Videos Trainingspläne Community Über uns Veranstalter Themen Mud Race Beat the city 2026 Rabatt und neue Medaillen im Fokus Raus aus dem Winterschlaf – rein ins Hindernis-Abenteuer 2026 Beat the City 2026 startet mit starken Neuerungen und Rabatten Laufsport Marathonbühne Prag – Mario Bauernfeind glänzt für Österreich Richtig essen vor dem Wettkampf: Das zählt in den letzten 24 Stunden Sabastian Sawe sprengt die Marathon-Grenze Training Laufsport im Mai Jetzt erreichst du deine Topform Laufen rechts Radfahren ohne Licht Wenn Regeln egal werden Run-Deutschland RUN5 Teamstaffel 2026 startet mit neuem Staffelkonzept Alle Termine der B2Run Saison 2026 stehen fest Trainingspläne Laufsport-Exzellenz in 8 Wochen Trainingsplan zum Abnehmen Tipps & Trends Garmin Lauf Smartwatches fuer ambitionierte Laeufer Mit RUNNING & Fitness Videos Lauf-ABC Video MaxFun Sports - Lauf ABC skipping Video MaxFun Sports - Lauf ABC sidesteps Videos Kräftigung Video MaxFun Sports -  Squats Die erste Übung für den unteren Rücken Frauen Fitness Warum Laufen für viele Frauen zum Fitness-Booster wird Winterfit in 20 Minuten Walking und Kraft fuer jeden Tag Crossfit Warum CrossFit für viele – auch Läufer – sinnvoll ist CrossFit als ganzheitliche Trainingsmethode Ernährung Ernährung für Ausdauersportler im Mai richtig anpassen Ernährung für Ausdauersportler im Februar und März International Prag wird zur Marathon Bühne für die Welt Coelmo Napoli City Half Marathon: Neapel ruft für 2027 Triathlon Triathlon Schwimmtraining für Einsteiger Technik Tipps und Motivation Schwimmtraining für Triathleten Tipps für Pool und Freiwasser Gesundheit Warum Laufen den Darm stärkt und deine Leistung steigern kann Warum Ausdauersport für Frauen besonders gesund ist International-ENG Last 50 places - Prague Orlen marathon Ceske Budejovice Aktuelle Artikel Marathonbühne Prag – Mario Bauernfeind glänzt für Österreich Richtig essen vor dem Wettkampf: Das zählt in den letzten 24 Stunden Laufsport Termine Demnächst 7. Mai 2026 Herzlauf Wien 7. Mai 2026 Raiffeisen Businesslauf Graz 7. Mai 2026 Business2Run Gmunden 8. Mai 2026 Triestingtaler Sunset Run Marathon Marathon / Halbmarathon / Viertelmarathon: 9. Mai 2026 Gerolsteiner Helgoland Marathon 9. Mai 2026 Leiden Marathon 9. Mai 2026 GutsMuths-Rennsteiglauf International 7. Mai 2026 Deutschland B2Run Karlsruhe 8. Mai 2026 China, Volksrepublik Hyrox Hong Kong 8. Mai 2026 Schweiz B2Run Schweiz Basel Triathlon & Duathlon 14. Mai 2026 Stuiben Trailrun 15. Mai 2026 Apfelland Triathlon 24. Mai 2026 Schwarzataler Triathlon 30. Mai 2026 Triathlon Kirchbichl Laufsport Fotos & Videos Veranstaltung 3. Mai 2026 Prag Marathon 12. Oktober 2025 Graz Marathon 4. September 2025 Wien Energie Business Run Retro 16. Mai 1993 Stadtlauf Oberndorf 1993 10. April 1994 Vienna City Marathon 1994 1. Januar 1999 Welschlauf 1999 Community 12. Oktober 2025 Sefik Mehmedbegovic Graz Marathon 7. September 2023 Richard Haunold Business2023 27. August 2023 Mario Nagele KL_VM_MN01 Neue Videos Grazathlon 2021 Graz Marathon 2019 Vienna Night Run 2019 Ergebnisse B2Run München - Einzelwertung Home Ergebnisse B2Run München Einzelwertung Wertungen filtern: Frauen Männer Wertungen und Altersklassen nach Vorgaben des Veranstalters. Zeige 751-800 von 36.080 Einträgen. Pos Stnr Vorname Nachname Nation Club / Team Kategorie GPos KPos TPos 751. 39182 Jonas Nüssle GER SKFV BMW Group offene Klasse 712 424 - 00:23:05.3 752. 36615 Christian Seubert GER Team Siemens AG Ü35 713 77 - 00:23:05.5 753. 9201 Felix Heidtke GER Novocure offene Klasse 714 425 - 00:23:05.8 754. 25236 Eric Hodai GER HENSOLDT Sensors GmbH Ü30 715 117 - 00:23:06.0 755. 34034 Stefan Ziegler GER Qair Deutschland Ü30 716 118 - 00:23:06.2 756. 8017 Markus Weber GER MEAG offene Klasse 717 426 - 00:23:06.3 757. 32631 Fabian Klute GER NAYOKI PERFORMANCE Ü30 718 119 - 00:23:06.5 758. 4808 Christian Gerth GER Hogan Lovells. Läuft. offene Klasse 719 427 - 00:23:06.6 759. 2806 Laurens Mueller GER Deloitte GmbH offene Klasse 720 428 - 00:23:06.7 760. 40866 Johannes Mayer GER Stadtwerke München GmbH offene Klasse 721 429 - 00:23:06.8 761. 8499 Wolfgang Schmidmayr GER MTU AERO ENGINES AG Ü40 722 58 - 00:23:06.8 762. 12417 Damian Peterburs GER ACCUMULATA offene Klasse 723 430 - 00:23:07.2 763. 24200 Daniel Docherty GER GOF Runners offene Klasse 724 431 - 00:23:07.3 764. 6821 Laurin Ernst GER Konditionsgruppe Bauen offene Klasse 725 432 - 00:23:07.7 765. 5409 Jose Galve GER Infineon Ü35 726 78 - 00:23:08.1 766. 24166 Mikel Mancho GER GMV offene Klasse 727 433 - 00:23:08.2 767. 1550 Johannes Mair GER BHB Unternehmensgruppe offene Klasse 728 434 - 00:23:08.2 768. 38077 Matthias Budweiser GER SKFV BMW Group offene Klasse 729 435 - 00:23:08.3 769. 23131 Donald Reichert GER Firmengruppe Dr. Hanns Maier offene Klasse 730 436 - 00:23:08.3 770. 28458 Christian Berger GER Landeshauptstadt München offene Klasse 731 437 - 00:23:08.4 771. 29890 Niklas Köller GER Linde plc Ü30 732 120 - 00:23:08.5 772. 39453 Marcel Strzeletz GER SKFV BMW Group offene Klasse 733 438 - 00:23:08.5 773. 602 Alexander Baron GER ARAG Krankenversicherung Ü40 734 59 - 00:23:08.7 774. 38823 Marlene Gruber GER SKFV BMW Group offene Klasse 38 25 - 00:23:08.8 775. 34235 Timon Volz GER Qualcomm offene Klasse 735 439 - 00:23:08.9 776. 31165 Joan De Homdedeu GER Micron offene Klasse 736 440 - 00:23:09.2 777. 38348 Marco Pendt GER SKFV BMW Group offene Klasse 737 441 - 00:23:09.2 778. 39218 Simon Pfeiffer GER SKFV BMW Group offene Klasse 738 442 - 00:23:09.2 779. 5509 Maximilian Knoll GER Infineon Ü35 739 79 - 00:23:09.5 780. 14656 Arda Keskiner GER Day 1 offene Klasse 740 443 - 00:23:09.5 781. 2175 Max Huber GER CHECK24 GmbH offene Klasse 741 444 - 00:23:09.6 782. 7652 Patrick Kirchberger GER MAN offene Klasse 742 445 - 00:23:09.7 783. 21889 David Ziegltrum GER Ü30 743 121 - 00:23:10.0 784. 52353 No Name GER BNT offene Klasse 744 446 - 00:23:10.0 785. 2463 Svyatomyr Tsyperdyuk GER CHECK24 GmbH offene Klasse 745 447 - 00:23:10.1 786. 28110 Sovicamor De Jesus GER Landeshauptstadt München Ü30 746 122 - 00:23:10.1 787. 41208 Florian Buerger GER Stiftung ICP München offene Klasse 747 448 - 00:23:10.2 788. 2063 Marc Burger GER CHECK24 GmbH offene Klasse 748 449 - 00:23:10.2 789. 42982 Thomas Hölscher GER TÜV SÜD offene Klasse 749 450 - 00:23:10.4 790. 14828 Philipp Hecker GER AMSilk offene Klasse 750 451 - 00:23:10.5 791. 40747 Florian Heine GER Stadtwerke München GmbH Ü35 751 80 - 00:23:10.7 792. 37047 Manuel Bischof GER Team Siemens AG offene Klasse 752 452 - 00:23:10.7 793. 26030 Cornelius Jahn GER IMPETUS PLASTICS Eng. GMBH offene Klasse 753 453 - 00:23:10.9 794. 1241 Moritz Haase GER Bayerische Versorgungskammer Ü40 754 60 - 00:23:10.9 795. 38851 Martin Hackl GER SKFV BMW Group offene Klasse 755 454 - 00:23:11.0 796. 25257 Edis Mashar Yolcu GER HENSOLDT Sensors GmbH Ü40 756 61 - 00:23:11.0 797. 12274 Sebastian Lange GER 3. Med. Klinikum r. d. Isar TUM offene Klasse 757 455 - 00:23:11.2 798. 649 Prapul Alemada GER ARRK Engineering GmbH offene Klasse 758 456 - 00:23:11.2 799. 33500 Tobias Hanschke GER PSPerformer offene Klasse 759 457 - 00:23:11.5 800. 11770 Nina Forstner GER Versicherungskammer Bayern Ü30 39 5 - 00:23:11.6 « 11 12 13 14 15 16 17 18 19 20 » Legende: GPos = Geschlechter Position,
    KPos = Kategorie Position,
    TPos = Team Position,
    DNS = Did not start,
    DNF = Did not finish,
    DQ = Disqualifiziert Ergebnisse auf Facebook teilen Album B2Run Köln / 05.09.2019 Album B2Run München, B2Run / 16.07.2019 Aktuelle Anmeldungen Jetzt anmelden 12 B2Run Dortmund 16 Mattoni Karlovy Vary Running Festival - RunCzech Laufsport Anmeldung Ergebnisse Kalender Bilder & Videos STAY IN TOUCH! MaxFun auf Facebook MaxFun auf Youtube MaxFun auf Twitter MaxFun auf Instagram MaxFun Newsletter abonnieren Themen Vienna City Marathon Vienna Night Run Salzburg Marathon Graz Marathon Spartan Race Red Bull 400 Frauenlauf Business Run Strongmanrun B2Run Firmenlauf Österreichs größte Laufsport-Community und Laufsportplattform #1 Wir informieren und unterhalten Sportler, Sportinteressierte und Veranstalter. www.maxfunsports.com gibt es seit 1999 und
        ist die führende österreichische Laufsport Plattform. © MaxFun Sports GmbH   |   1999 - 2026 Mediendaten | Newsletter | Kontakt | Team | Jobs | Impressum"
Muenchen,2025,4355,17,https://www.maxfunsports.com/result/competition?id=4355&page=17&per-page=50,"Ergebnisse B2Run München - Einzelwertung            - MaxFun Sports - #1 Laufsportplattform in Österreich MaxFun Newsletter abonnieren MaxFun auf Instagram MaxFun auf Twitter MaxFun auf Youtube MaxFun auf Facebook Magazin Anmeldung Ergebnisse Kalender Bilder & Videos Trainingspläne Community Über uns Veranstalter Themen Mud Race Beat the city 2026 Rabatt und neue Medaillen im Fokus Raus aus dem Winterschlaf – rein ins Hindernis-Abenteuer 2026 Beat the City 2026 startet mit starken Neuerungen und Rabatten Laufsport Marathonbühne Prag – Mario Bauernfeind glänzt für Österreich Richtig essen vor dem Wettkampf: Das zählt in den letzten 24 Stunden Sabastian Sawe sprengt die Marathon-Grenze Training Laufsport im Mai Jetzt erreichst du deine Topform Laufen rechts Radfahren ohne Licht Wenn Regeln egal werden Run-Deutschland RUN5 Teamstaffel 2026 startet mit neuem Staffelkonzept Alle Termine der B2Run Saison 2026 stehen fest Trainingspläne Laufsport-Exzellenz in 8 Wochen Trainingsplan zum Abnehmen Tipps & Trends Garmin Lauf Smartwatches fuer ambitionierte Laeufer Mit RUNNING & Fitness Videos Lauf-ABC Video MaxFun Sports - Lauf ABC skipping Video MaxFun Sports - Lauf ABC sidesteps Videos Kräftigung Video MaxFun Sports -  Squats Die erste Übung für den unteren Rücken Frauen Fitness Warum Laufen für viele Frauen zum Fitness-Booster wird Winterfit in 20 Minuten Walking und Kraft fuer jeden Tag Crossfit Warum CrossFit für viele – auch Läufer – sinnvoll ist CrossFit als ganzheitliche Trainingsmethode Ernährung Ernährung für Ausdauersportler im Mai richtig anpassen Ernährung für Ausdauersportler im Februar und März International Prag wird zur Marathon Bühne für die Welt Coelmo Napoli City Half Marathon: Neapel ruft für 2027 Triathlon Triathlon Schwimmtraining für Einsteiger Technik Tipps und Motivation Schwimmtraining für Triathleten Tipps für Pool und Freiwasser Gesundheit Warum Laufen den Darm stärkt und deine Leistung steigern kann Warum Ausdauersport für Frauen besonders gesund ist International-ENG Last 50 places - Prague Orlen marathon Ceske Budejovice Aktuelle Artikel Marathonbühne Prag – Mario Bauernfeind glänzt für Österreich Richtig essen vor dem Wettkampf: Das zählt in den letzten 24 Stunden Laufsport Termine Demnächst 7. Mai 2026 Herzlauf Wien 7. Mai 2026 Raiffeisen Businesslauf Graz 7. Mai 2026 Business2Run Gmunden 8. Mai 2026 Triestingtaler Sunset Run Marathon Marathon / Halbmarathon / Viertelmarathon: 9. Mai 2026 Gerolsteiner Helgoland Marathon 9. Mai 2026 Leiden Marathon 9. Mai 2026 GutsMuths-Rennsteiglauf International 7. Mai 2026 Deutschland B2Run Karlsruhe 8. Mai 2026 China, Volksrepublik Hyrox Hong Kong 8. Mai 2026 Schweiz B2Run Schweiz Basel Triathlon & Duathlon 14. Mai 2026 Stuiben Trailrun 15. Mai 2026 Apfelland Triathlon 24. Mai 2026 Schwarzataler Triathlon 30. Mai 2026 Triathlon Kirchbichl Laufsport Fotos & Videos Veranstaltung 3. Mai 2026 Prag Marathon 12. Oktober 2025 Graz Marathon 4. September 2025 Wien Energie Business Run Retro 16. Mai 1993 Stadtlauf Oberndorf 1993 10. April 1994 Vienna City Marathon 1994 1. Januar 1999 Welschlauf 1999 Community 12. Oktober 2025 Sefik Mehmedbegovic Graz Marathon 7. September 2023 Richard Haunold Business2023 27. August 2023 Mario Nagele KL_VM_MN01 Neue Videos Grazathlon 2021 Graz Marathon 2019 Vienna Night Run 2019 Ergebnisse B2Run München - Einzelwertung Home Ergebnisse B2Run München Einzelwertung Wertungen filtern: Frauen Männer Wertungen und Altersklassen nach Vorgaben des Veranstalters. Zeige 801-850 von 36.080 Einträgen. Pos Stnr Vorname Nachname Nation Club / Team Kategorie GPos KPos TPos 801. 33120 Nerchivan Amin Haji GER Safety for the all electric society offene Klasse 760 458 - 00:23:11.8 802. 17881 Masako Toyoda GER BSH Hausgeräte GmbH Ü30 40 6 - 00:23:11.8 803. 44733 No Name GER ZITiS offene Klasse 761 459 - 00:23:11.9 804. 41238 No Name GER Menschen für Menschen offene Klasse 41 26 - 00:23:11.9 805. 34285 Sebastian Schönreiter GER Quantum Systems offene Klasse 762 460 - 00:23:12.1 806. 18003 Jannis Lotte GER BPatG offene Klasse 763 461 - 00:23:12.1 807. 8009 Joan Colino GER MEAG offene Klasse 764 462 - 00:23:12.2 808. 24105 Philipp Wohlmuth GER Gleiss Lutz offene Klasse 765 463 - 00:23:12.3 809. 5841 Felix Kohl GER BYTE RUNNERS offene Klasse 766 464 - 00:23:12.3 810. 29144 Stefan Daam GER Landeshauptstadt München offene Klasse 767 465 - 00:23:12.6 811. 21664 Hugo Guillart GER Eight Advisory offene Klasse 768 466 - 00:23:12.6 812. 31544 No Name GER Move2Lead Ü40 42 2 - 00:23:12.7 813. 35972 Philipp Heckelsmüller GER Team Senacor Ü30 769 123 - 00:23:12.9 814. 41520 Andreas Lebmeier GER Sweco Ü30 770 124 - 00:23:13.5 815. 22700 Dennis Heinemann GER Eversheds Sutherland Düsseldorf Ü30 771 125 - 00:23:13.5 816. 22464 Caro Vogt GER Erzdiözese München und Freising Ü45 43 4 - 00:23:13.6 817. 23927 Thomas Happ GER Giesecke+Devrient sportclub e.V. Ü50 772 13 - 00:23:13.7 818. 30678 Florian König GER Max-Planck-Institut für Physik offene Klasse 773 467 - 00:23:13.7 819. 9906 Christoph Meysel GER Team RMMV Ü30 774 126 - 00:23:13.8 820. 38798 Elisey Golodov GER SKFV BMW Group offene Klasse 775 468 - 00:23:13.9 821. 37068 Jannik Hallenberger GER Team Siemens AG Ü30 776 127 - 00:23:14.1 822. 13305 Daniel Becker GER Allianz offene Klasse 777 469 - 00:23:14.1 823. 43802 Łukasz Zwonek GER Volue Ü30 778 128 - 00:23:14.6 824. 10493 Florian Ecker GER Serviceplan Ü40 779 62 - 00:23:14.9 825. 12805 Markus Trost GER Airbus Ü30 780 129 - 00:23:15.0 826. 2726 Roman Maidl GER Daiichi Sankyo Europe GmbH offene Klasse 781 470 - 00:23:15.0 827. 26684 Marius Neugschwender GER Noxon offene Klasse 782 471 - 00:23:15.1 828. 20403 Robert Nieder GER Deutsche Telekom offene Klasse 783 472 - 00:23:15.1 829. 38614 Anne-Sophie Brillinger GER SKFV BMW Group offene Klasse 44 27 - 00:23:15.4 830. 20516 Thomas Grassinger GER Team DeutschlandCard offene Klasse 784 473 - 00:23:15.4 831. 16129 No Name GER StMELF offene Klasse 785 474 - 00:23:15.4 832. 41507 Stefan Graule GER Sweco Ü30 786 130 - 00:23:15.5 833. 31790 Jan Mrozik GER Team MHB offene Klasse 787 475 - 00:23:15.7 834. 9816 Aji Khade GER Renesas offene Klasse 788 476 - 00:23:15.7 835. 4616 Julia Schwab GER Haleon offene Klasse 45 28 - 00:23:15.9 836. 9075 Leonardo Chiarello GER Nokia Solutions and Networks Ü35 789 81 - 00:23:16.1 837. 29924 Ryan Pogadl GER Linde plc offene Klasse 790 477 - 00:23:16.4 838. 22049 Emil Stasch GER Energie Südbayern GmbH offene Klasse 791 478 - 00:23:16.5 839. 11631 Florian Haupt GER valantic Ü40 792 63 - 00:23:16.5 840. 27408 Bela Mokos GER Klüber Lubrication offene Klasse 793 479 - 00:23:16.6 841. 13888 Nick Maier GER Allianz Ü35 794 82 - 00:23:16.7 842. 41986 Fridolin Klingele GER Teamfit & Horizon Alpha offene Klasse 795 480 - 00:23:16.7 843. 41284 Philipp Nitsche GER Menschen für Menschen offene Klasse 796 481 - 00:23:16.7 844. 7610 Thomas Hauck GER MAN Ü40 797 64 - 00:23:16.8 845. 36212 Javier Montero Hidalgo GER Team Siemens AG offene Klasse 798 482 - 00:23:16.8 846. 12484 Christian Breu GER Adastra offene Klasse 799 483 - 00:23:16.8 847. 40972 Frederic Hüwel GER Stadtwerke München GmbH Ü35 800 83 - 00:23:16.9 848. 39461 Felix Teltscher GER SKFV BMW Group offene Klasse 801 484 - 00:23:17.0 849. 31800 Tim Wecker GER Team MHB offene Klasse 802 485 - 00:23:17.0 850. 19526 Alessandro Di Rosa GER DAK offene Klasse 803 486 - 00:23:17.0 « 12 13 14 15 16 17 18 19 20 21 » Legende: GPos = Geschlechter Position,
    KPos = Kategorie Position,
    TPos = Team Position,
    DNS = Did not start,
    DNF = Did not finish,
    DQ = Disqualifiziert Ergebnisse auf Facebook teilen Album B2Run Köln / 05.09.2019 Album B2Run München, B2Run / 16.07.2019 Aktuelle Anmeldungen Jetzt anmelden 12 B2Run Dortmund 16 Mattoni Karlovy Vary Running Festival - RunCzech Laufsport Anmeldung Ergebnisse Kalender Bilder & Videos STAY IN TOUCH! MaxFun auf Facebook MaxFun auf Youtube MaxFun auf Twitter MaxFun auf Instagram MaxFun Newsletter abonnieren Themen Vienna City Marathon Vienna Night Run Salzburg Marathon Graz Marathon Spartan Race Red Bull 400 Frauenlauf Business Run Strongmanrun B2Run Firmenlauf Österreichs größte Laufsport-Community und Laufsportplattform #1 Wir informieren und unterhalten Sportler, Sportinteressierte und Veranstalter. www.maxfunsports.com gibt es seit 1999 und
        ist die führende österreichische Laufsport Plattform. © MaxFun Sports GmbH   |   1999 - 2026 Mediendaten | Newsletter | Kontakt | Team | Jobs | Impressum"
Muenchen,2025,4355,18,https://www.maxfunsports.com/result/competition?id=4355&page=18&per-page=50,"Ergebnisse B2Run München - Einzelwertung            - MaxFun Sports - #1 Laufsportplattform in Österreich MaxFun Newsletter abonnieren MaxFun auf Instagram MaxFun auf Twitter MaxFun auf Youtube MaxFun auf Facebook Magazin Anmeldung Ergebnisse Kalender Bilder & Videos Trainingspläne Community Über uns Veranstalter Themen Mud Race Beat the city 2026 Rabatt und neue Medaillen im Fokus Raus aus dem Winterschlaf – rein ins Hindernis-Abenteuer 2026 Beat the City 2026 startet mit starken Neuerungen und Rabatten Laufsport Marathonbühne Prag – Mario Bauernfeind glänzt für Österreich Richtig essen vor dem Wettkampf: Das zählt in den letzten 24 Stunden Sabastian Sawe sprengt die Marathon-Grenze Training Laufsport im Mai Jetzt erreichst du deine Topform Laufen rechts Radfahren ohne Licht Wenn Regeln egal werden Run-Deutschland RUN5 Teamstaffel 2026 startet mit neuem Staffelkonzept Alle Termine der B2Run Saison 2026 stehen fest Trainingspläne Laufsport-Exzellenz in 8 Wochen Trainingsplan zum Abnehmen Tipps & Trends Garmin Lauf Smartwatches fuer ambitionierte Laeufer Mit RUNNING & Fitness Videos Lauf-ABC Video MaxFun Sports - Lauf ABC skipping Video MaxFun Sports - Lauf ABC sidesteps Videos Kräftigung Video MaxFun Sports -  Squats Die erste Übung für den unteren Rücken Frauen Fitness Warum Laufen für viele Frauen zum Fitness-Booster wird Winterfit in 20 Minuten Walking und Kraft fuer jeden Tag Crossfit Warum CrossFit für viele – auch Läufer – sinnvoll ist CrossFit als ganzheitliche Trainingsmethode Ernährung Ernährung für Ausdauersportler im Mai richtig anpassen Ernährung für Ausdauersportler im Februar und März International Prag wird zur Marathon Bühne für die Welt Coelmo Napoli City Half Marathon: Neapel ruft für 2027 Triathlon Triathlon Schwimmtraining für Einsteiger Technik Tipps und Motivation Schwimmtraining für Triathleten Tipps für Pool und Freiwasser Gesundheit Warum Laufen den Darm stärkt und deine Leistung steigern kann Warum Ausdauersport für Frauen besonders gesund ist International-ENG Last 50 places - Prague Orlen marathon Ceske Budejovice Aktuelle Artikel Marathonbühne Prag – Mario Bauernfeind glänzt für Österreich Richtig essen vor dem Wettkampf: Das zählt in den letzten 24 Stunden Laufsport Termine Demnächst 7. Mai 2026 Herzlauf Wien 7. Mai 2026 Raiffeisen Businesslauf Graz 7. Mai 2026 Business2Run Gmunden 8. Mai 2026 Triestingtaler Sunset Run Marathon Marathon / Halbmarathon / Viertelmarathon: 9. Mai 2026 Gerolsteiner Helgoland Marathon 9. Mai 2026 Leiden Marathon 9. Mai 2026 GutsMuths-Rennsteiglauf International 7. Mai 2026 Deutschland B2Run Karlsruhe 8. Mai 2026 China, Volksrepublik Hyrox Hong Kong 8. Mai 2026 Schweiz B2Run Schweiz Basel Triathlon & Duathlon 14. Mai 2026 Stuiben Trailrun 15. Mai 2026 Apfelland Triathlon 24. Mai 2026 Schwarzataler Triathlon 30. Mai 2026 Triathlon Kirchbichl Laufsport Fotos & Videos Veranstaltung 3. Mai 2026 Prag Marathon 12. Oktober 2025 Graz Marathon 4. September 2025 Wien Energie Business Run Retro 16. Mai 1993 Stadtlauf Oberndorf 1993 10. April 1994 Vienna City Marathon 1994 1. Januar 1999 Welschlauf 1999 Community 12. Oktober 2025 Sefik Mehmedbegovic Graz Marathon 7. September 2023 Richard Haunold Business2023 27. August 2023 Mario Nagele KL_VM_MN01 Neue Videos Grazathlon 2021 Graz Marathon 2019 Vienna Night Run 2019 Ergebnisse B2Run München - Einzelwertung Home Ergebnisse B2Run München Einzelwertung Wertungen filtern: Frauen Männer Wertungen und Altersklassen nach Vorgaben des Veranstalters. Zeige 851-900 von 36.080 Einträgen. Pos Stnr Vorname Nachname Nation Club / Team Kategorie GPos KPos TPos 851. 19894 Simon Rößner GER DB / VDES offene Klasse 804 487 - 00:23:17.1 852. 38983 Arne Kittlaus GER SKFV BMW Group offene Klasse 805 488 - 00:23:17.2 853. 16097 Julien Berthuin GER Bavarian rennt offene Klasse 806 489 - 00:23:17.5 854. 52438 Fabian Balzer GER Die Extraterrestrischen offene Klasse 807 490 - 00:23:17.6 855. 33454 Volker Tiggesbäumker GER Random Racers Ü55 808 4 - 00:23:17.7 856. 14829 Tobias John GER AMSilk offene Klasse 809 491 - 00:23:17.7 857. 33051 Fabian Brandt GER Oliver Wyman offene Klasse 810 492 - 00:23:17.8 858. 552 Franz Xaver Keilbach GER Vierkirchener Wadlbeißer Ü35 811 84 - 00:23:17.8 859. 42392 Fabian Pfeffermann GER Toll4Europe offene Klasse 812 493 - 00:23:17.8 860. 41575 Pascal Warnke GER Swiss Life Asset Managers offene Klasse 813 494 - 00:23:17.9 861. 38364 Lucas Raab GER SKFV BMW Group offene Klasse 814 495 - 00:23:18.0 862. 39536 Bruno Wegele GER SKFV BMW Group offene Klasse 815 496 - 00:23:18.1 863. 39129 Christian Micus GER SKFV BMW Group offene Klasse 816 497 - 00:23:18.1 864. 38737 Andreas Fenzl GER SKFV BMW Group offene Klasse 817 498 - 00:23:18.1 865. 8240 Manuel Lehner GER MHP Management- und IT-Beratung GmbH offene Klasse 818 499 - 00:23:18.4 866. 36544 Paul Splitthoff GER Team Siemens AG Ü30 819 131 - 00:23:18.4 867. 14250 Andreas Vornehm GER Allianz offene Klasse 820 500 - 00:23:18.5 868. 6936 Silas Hoelscher GER KPMG offene Klasse 821 501 - 00:23:18.6 869. 39302 Mohammad Rizk GER SKFV BMW Group Ü40 822 65 - 00:23:18.6 870. 13227 Matthias Rau GER Allianz Ü35 823 85 - 00:23:18.7 871. 10995 Florian Schmitt GER SupplyOn AG Ü40 824 66 - 00:23:18.8 872. 5545 Mathieu Lesbats GER Infineon Ü45 825 24 - 00:23:19.0 873. 26959 Stephan Reinhard GER kbo (Kliniken d. Bezirks Oberbayern) Ü30 826 132 - 00:23:19.0 874. 39105 Lukas Marquardt GER SKFV BMW Group offene Klasse 827 502 - 00:23:19.0 875. 39279 Andre Reiners GER SKFV BMW Group offene Klasse 828 503 - 00:23:19.1 876. 39359 Alexander Schmidt GER SKFV BMW Group offene Klasse 829 504 - 00:23:19.1 877. 33809 Konstantin Wüst GER Pohlmann Hofmann offene Klasse 830 505 - 00:23:19.5 878. 39356 Michael Schmalz GER SKFV BMW Group offene Klasse 831 506 - 00:23:19.6 879. 22324 Christian Greil GER Erzdiözese München und Freising Ü35 832 86 - 00:23:19.7 880. 35391 Tobias Steinberger GER Rohde & Schwarz GmbH & Co KG Ü40 833 67 - 00:23:19.7 881. 22348 Georg Hupfer GER Erzdiözese München und Freising Ü40 834 68 - 00:23:19.8 882. 38280 Levin Loch GER SKFV BMW Group offene Klasse 835 507 - 00:23:19.9 883. 17507 Tim Hartauer GER Brainlab AG offene Klasse 836 508 - 00:23:20.1 884. 32102 Markus Fischer GER Munich Re offene Klasse 837 509 - 00:23:20.1 885. 1436 Hannes Sauter GER Becker Büttner Held offene Klasse 838 510 - 00:23:20.3 886. 13332 Markus Gräfe GER Allianz Ü30 839 133 - 00:23:20.3 887. 12554 Christian Heinichen GER ADVANT Beiten offene Klasse 840 511 - 00:23:20.4 888. 24625 No Name GER Hamberger Großmarkt offene Klasse 46 29 - 00:23:20.4 889. 38762 Roland Fuchsberger GER SKFV BMW Group offene Klasse 841 512 - 00:23:20.6 890. 7545 Florian Böttigheimer GER MAN Ü35 842 87 - 00:23:20.9 891. 10121 Philip Käding GER Scalable Capital offene Klasse 843 513 - 00:23:21.2 892. 18343 Maike Eberhardt GER #ONETEAM @Capgemini Ü40 47 3 - 00:23:21.2 893. 25696 Stefan Brendemühl GER Geisel Privathotels offene Klasse 844 514 - 00:23:21.3 894. 30745 Jonas Schmitt GER MPQ offene Klasse 845 515 - 00:23:21.3 895. 26456 Noah Kaspereit GER itestra offene Klasse 846 516 - 00:23:21.4 896. 42579 Frederik Hahn GER Truma Gerätetechnik GmbH & Co. KG Ü30 847 134 - 00:23:21.5 897. 15496 Stefan Pfänder GER ASMPT Ü30 848 135 - 00:23:21.7 898. 30909 Daniel Lichtenecker GER Medtronic offene Klasse 849 517 - 00:23:21.7 899. 5987 Tobias Müller GER ISAR Klinikum Ü30 850 136 - 00:23:21.8 900. 23145 Josef Kirsch GER Fisalis AG Ü40 851 69 - 00:23:21.8 « 13 14 15 16 17 18 19 20 21 22 » Legende: GPos = Geschlechter Position,
    KPos = Kategorie Position,
    TPos = Team Position,
    DNS = Did not start,
    DNF = Did not finish,
    DQ = Disqualifiziert Ergebnisse auf Facebook teilen Album B2Run Köln / 05.09.2019 Album B2Run München, B2Run / 16.07.2019 Aktuelle Anmeldungen Jetzt anmelden 12 B2Run Dortmund 16 Mattoni Karlovy Vary Running Festival - RunCzech Laufsport Anmeldung Ergebnisse Kalender Bilder & Videos STAY IN TOUCH! MaxFun auf Facebook MaxFun auf Youtube MaxFun auf Twitter MaxFun auf Instagram MaxFun Newsletter abonnieren Themen Vienna City Marathon Vienna Night Run Salzburg Marathon Graz Marathon Spartan Race Red Bull 400 Frauenlauf Business Run Strongmanrun B2Run Firmenlauf Österreichs größte Laufsport-Community und Laufsportplattform #1 Wir informieren und unterhalten Sportler, Sportinteressierte und Veranstalter. www.maxfunsports.com gibt es seit 1999 und
        ist die führende österreichische Laufsport Plattform. © MaxFun Sports GmbH   |   1999 - 2026 Mediendaten | Newsletter | Kontakt | Team | Jobs | Impressum"
Muenchen,2025,4355,19,https://www.maxfunsports.com/result/competition?id=4355&page=19&per-page=50,"Ergebnisse B2Run München - Einzelwertung            - MaxFun Sports - #1 Laufsportplattform in Österreich MaxFun Newsletter abonnieren MaxFun auf Instagram MaxFun auf Twitter MaxFun auf Youtube MaxFun auf Facebook Magazin Anmeldung Ergebnisse Kalender Bilder & Videos Trainingspläne Community Über uns Veranstalter Themen Mud Race Beat the city 2026 Rabatt und neue Medaillen im Fokus Raus aus dem Winterschlaf – rein ins Hindernis-Abenteuer 2026 Beat the City 2026 startet mit starken Neuerungen und Rabatten Laufsport Marathonbühne Prag – Mario Bauernfeind glänzt für Österreich Richtig essen vor dem Wettkampf: Das zählt in den letzten 24 Stunden Sabastian Sawe sprengt die Marathon-Grenze Training Laufsport im Mai Jetzt erreichst du deine Topform Laufen rechts Radfahren ohne Licht Wenn Regeln egal werden Run-Deutschland RUN5 Teamstaffel 2026 startet mit neuem Staffelkonzept Alle Termine der B2Run Saison 2026 stehen fest Trainingspläne Laufsport-Exzellenz in 8 Wochen Trainingsplan zum Abnehmen Tipps & Trends Garmin Lauf Smartwatches fuer ambitionierte Laeufer Mit RUNNING & Fitness Videos Lauf-ABC Video MaxFun Sports - Lauf ABC skipping Video MaxFun Sports - Lauf ABC sidesteps Videos Kräftigung Video MaxFun Sports -  Squats Die erste Übung für den unteren Rücken Frauen Fitness Warum Laufen für viele Frauen zum Fitness-Booster wird Winterfit in 20 Minuten Walking und Kraft fuer jeden Tag Crossfit Warum CrossFit für viele – auch Läufer – sinnvoll ist CrossFit als ganzheitliche Trainingsmethode Ernährung Ernährung für Ausdauersportler im Mai richtig anpassen Ernährung für Ausdauersportler im Februar und März International Prag wird zur Marathon Bühne für die Welt Coelmo Napoli City Half Marathon: Neapel ruft für 2027 Triathlon Triathlon Schwimmtraining für Einsteiger Technik Tipps und Motivation Schwimmtraining für Triathleten Tipps für Pool und Freiwasser Gesundheit Warum Laufen den Darm stärkt und deine Leistung steigern kann Warum Ausdauersport für Frauen besonders gesund ist International-ENG Last 50 places - Prague Orlen marathon Ceske Budejovice Aktuelle Artikel Marathonbühne Prag – Mario Bauernfeind glänzt für Österreich Richtig essen vor dem Wettkampf: Das zählt in den letzten 24 Stunden Laufsport Termine Demnächst 7. Mai 2026 Herzlauf Wien 7. Mai 2026 Raiffeisen Businesslauf Graz 7. Mai 2026 Business2Run Gmunden 8. Mai 2026 Triestingtaler Sunset Run Marathon Marathon / Halbmarathon / Viertelmarathon: 9. Mai 2026 Gerolsteiner Helgoland Marathon 9. Mai 2026 Leiden Marathon 9. Mai 2026 GutsMuths-Rennsteiglauf International 7. Mai 2026 Deutschland B2Run Karlsruhe 8. Mai 2026 China, Volksrepublik Hyrox Hong Kong 8. Mai 2026 Schweiz B2Run Schweiz Basel Triathlon & Duathlon 14. Mai 2026 Stuiben Trailrun 15. Mai 2026 Apfelland Triathlon 24. Mai 2026 Schwarzataler Triathlon 30. Mai 2026 Triathlon Kirchbichl Laufsport Fotos & Videos Veranstaltung 3. Mai 2026 Prag Marathon 12. Oktober 2025 Graz Marathon 4. September 2025 Wien Energie Business Run Retro 16. Mai 1993 Stadtlauf Oberndorf 1993 10. April 1994 Vienna City Marathon 1994 1. Januar 1999 Welschlauf 1999 Community 12. Oktober 2025 Sefik Mehmedbegovic Graz Marathon 7. September 2023 Richard Haunold Business2023 27. August 2023 Mario Nagele KL_VM_MN01 Neue Videos Grazathlon 2021 Graz Marathon 2019 Vienna Night Run 2019 Ergebnisse B2Run München - Einzelwertung Home Ergebnisse B2Run München Einzelwertung Wertungen filtern: Frauen Männer Wertungen und Altersklassen nach Vorgaben des Veranstalters. Zeige 901-950 von 36.080 Einträgen. Pos Stnr Vorname Nachname Nation Club / Team Kategorie GPos KPos TPos 901. 17310 Tim Mosch GER Brainlab AG Ü30 852 137 - 00:23:21.9 902. 4421 Daniel Metz GER GvW Graf von Westphalen offene Klasse 853 518 - 00:23:22.0 903. 38248 Jakob Kränzl GER SKFV BMW Group offene Klasse 854 519 - 00:23:22.1 904. 29525 No Name GER LEGO GmbH offene Klasse 855 520 - 00:23:22.2 905. 26907 Kilian Koch GER kbo (Kliniken d. Bezirks Oberbayern) Ü35 856 88 - 00:23:22.2 906. 32070 No Name GER Munich Re offene Klasse 857 521 - 00:23:22.4 907. 28336 Nicolas Bach GER Landeshauptstadt München offene Klasse 858 522 - 00:23:22.7 908. 28022 No Name GER SMS72 RunClub offene Klasse 859 523 - 00:23:22.7 909. 12081 Patrick Mangano GER Yoummday GmbH Ü30 860 138 - 00:23:22.8 910. 39253 Marcel Purl GER SKFV BMW Group offene Klasse 861 524 - 00:23:22.9 911. 6661 Pascal Winterhalter GER LMU Klinikum offene Klasse 862 525 - 00:23:23.1 912. 41621 Dennis Lange GER Swiss Life Sportclub offene Klasse 863 526 - 00:23:23.5 913. 40751 Marcus Helfer GER Stadtwerke München GmbH Ü45 864 25 - 00:23:23.5 914. 26956 Leonie Rauch GER kbo (Kliniken d. Bezirks Oberbayern) offene Klasse 48 30 - 00:23:23.7 915. 14577 Livian Enachescu GER Amazon Business offene Klasse 865 527 - 00:23:23.7 916. 43640 Florian Deichsel GER Linde offene Klasse 866 528 - 00:23:24.0 917. 2170 Waldemar Horst GER CHECK24 GmbH offene Klasse 867 529 - 00:23:24.0 918. 35969 Sven Fink GER Team Senacor Ü30 868 139 - 00:23:24.0 919. 3788 Matthias Full GER Flick Gocke Schaumburg Ü40 869 70 - 00:23:24.1 920. 39785 Merkt Lisa GER SKFV BMW Group offene Klasse 49 31 - 00:23:24.1 921. 40635 Simon Bodensteiner GER Stadtwerke München GmbH offene Klasse 870 530 - 00:23:24.3 922. 7390 Florian Obermeier GER #TeamLocaboo offene Klasse 871 531 - 00:23:24.4 923. 6912 Marco Leber GER KPMG offene Klasse 872 532 - 00:23:24.6 924. 15648 Jürgen Dietz GER #TeamAutobahn Ü45 873 26 - 00:23:24.6 925. 22854 Johannes Neugebauer GER FAST LTA offene Klasse 874 533 - 00:23:24.9 926. 11878 Jonas Wilkening GER VOSSIUS & PARTNER offene Klasse 875 534 - 00:23:25.0 927. 4 Tobias Immler GER 3DSE Management Consultants offene Klasse 876 535 - 00:23:25.2 928. 1851 Ratri Mayangsari Dupanović GER Rapid Raccoons offene Klasse 50 32 - 00:23:25.2 929. 21971 Benedikt Hödl GER Elli - VW Group Charging offene Klasse 877 536 - 00:23:25.3 930. 1850 Lukas May GER Rapid Raccoons offene Klasse 878 537 - 00:23:25.4 931. 28832 Philipp Heim GER Landeshauptstadt München Ü35 879 89 - 00:23:25.4 932. 38035 Sabine Amler GER SKFV BMW Group offene Klasse 51 33 - 00:23:25.5 933. 10098 Christian Ostrowski GER Samsung offene Klasse 880 538 - 00:23:25.6 934. 34273 Leopold Klemmer GER Quantum Systems offene Klasse 881 539 - 00:23:25.6 935. 31901 Markus Wiesgickl GER Munich Re offene Klasse 882 540 - 00:23:25.8 936. 2144 Jona Gross GER CHECK24 GmbH offene Klasse 883 541 - 00:23:25.8 937. 23931 Michael Heigl GER Giesecke+Devrient sportclub e.V. Ü30 884 140 - 00:23:26.2 938. 36411 Axel Kessler GER Team Siemens AG offene Klasse 885 542 - 00:23:26.4 939. 4309 Georg Seitz GER Golding Capital Partners Ü35 886 90 - 00:23:26.4 940. 31213 Felix Hanspach GER Microsoft Ü30 887 141 - 00:23:26.7 941. 14631 Lucas Sommer GER Day 1 Ü30 888 142 - 00:23:26.9 942. 43562 Roberto Ruano Martinez GER Vector Informatik GmbH Ü30 889 143 - 00:23:27.1 943. 8501 Lukas Amann GER MTU AERO ENGINES AG Ü30 890 144 - 00:23:27.3 944. 38274 Tim Leupold GER SKFV BMW Group offene Klasse 891 543 - 00:23:27.5 945. 15713 Abdullah Lacin GER BMW Automag GmbH offene Klasse 892 544 - 00:23:27.6 946. 16692 Ronny Hoffmann GER Bertrandt Ingenieurbüro GmbH Ü40 893 71 - 00:23:27.6 947. 35556 Thore Dengler GER Sana Kliniken offene Klasse 894 545 - 00:23:27.7 948. 37802 Florian Langer GER Simon-Kucher offene Klasse 895 546 - 00:23:27.7 949. 39416 Christian Siedelhofer GER SKFV BMW Group offene Klasse 896 547 - 00:23:27.7 950. 13983 Thomas Ott GER Allianz offene Klasse 897 548 - 00:23:28.0 « 14 15 16 17 18 19 20 21 22 23 » Legende: GPos = Geschlechter Position,
    KPos = Kategorie Position,
    TPos = Team Position,
    DNS = Did not start,
    DNF = Did not finish,
    DQ = Disqualifiziert Ergebnisse auf Facebook teilen Album B2Run Köln / 05.09.2019 Album B2Run München, B2Run / 16.07.2019 Aktuelle Anmeldungen Jetzt anmelden 12 B2Run Dortmund 16 Mattoni Karlovy Vary Running Festival - RunCzech Laufsport Anmeldung Ergebnisse Kalender Bilder & Videos STAY IN TOUCH! MaxFun auf Facebook MaxFun auf Youtube MaxFun auf Twitter MaxFun auf Instagram MaxFun Newsletter abonnieren Themen Vienna City Marathon Vienna Night Run Salzburg Marathon Graz Marathon Spartan Race Red Bull 400 Frauenlauf Business Run Strongmanrun B2Run Firmenlauf Österreichs größte Laufsport-Community und Laufsportplattform #1 Wir informieren und unterhalten Sportler, Sportinteressierte und Veranstalter. www.maxfunsports.com gibt es seit 1999 und
        ist die führende österreichische Laufsport Plattform. © MaxFun Sports GmbH   |   1999 - 2026 Mediendaten | Newsletter | Kontakt | Team | Jobs | Impressum"
Muenchen,2025,4355,20,https://www.maxfunsports.com/result/competition?id=4355&page=20&per-page=50,"Ergebnisse B2Run München - Einzelwertung            - MaxFun Sports - #1 Laufsportplattform in Österreich MaxFun Newsletter abonnieren MaxFun auf Instagram MaxFun auf Twitter MaxFun auf Youtube MaxFun auf Facebook Magazin Anmeldung Ergebnisse Kalender Bilder & Videos Trainingspläne Community Über uns Veranstalter Themen Mud Race Beat the city 2026 Rabatt und neue Medaillen im Fokus Raus aus dem Winterschlaf – rein ins Hindernis-Abenteuer 2026 Beat the City 2026 startet mit starken Neuerungen und Rabatten Laufsport Marathonbühne Prag – Mario Bauernfeind glänzt für Österreich Richtig essen vor dem Wettkampf: Das zählt in den letzten 24 Stunden Sabastian Sawe sprengt die Marathon-Grenze Training Laufsport im Mai Jetzt erreichst du deine Topform Laufen rechts Radfahren ohne Licht Wenn Regeln egal werden Run-Deutschland RUN5 Teamstaffel 2026 startet mit neuem Staffelkonzept Alle Termine der B2Run Saison 2026 stehen fest Trainingspläne Laufsport-Exzellenz in 8 Wochen Trainingsplan zum Abnehmen Tipps & Trends Garmin Lauf Smartwatches fuer ambitionierte Laeufer Mit RUNNING & Fitness Videos Lauf-ABC Video MaxFun Sports - Lauf ABC skipping Video MaxFun Sports - Lauf ABC sidesteps Videos Kräftigung Video MaxFun Sports -  Squats Die erste Übung für den unteren Rücken Frauen Fitness Warum Laufen für viele Frauen zum Fitness-Booster wird Winterfit in 20 Minuten Walking und Kraft fuer jeden Tag Crossfit Warum CrossFit für viele – auch Läufer – sinnvoll ist CrossFit als ganzheitliche Trainingsmethode Ernährung Ernährung für Ausdauersportler im Mai richtig anpassen Ernährung für Ausdauersportler im Februar und März International Prag wird zur Marathon Bühne für die Welt Coelmo Napoli City Half Marathon: Neapel ruft für 2027 Triathlon Triathlon Schwimmtraining für Einsteiger Technik Tipps und Motivation Schwimmtraining für Triathleten Tipps für Pool und Freiwasser Gesundheit Warum Laufen den Darm stärkt und deine Leistung steigern kann Warum Ausdauersport für Frauen besonders gesund ist International-ENG Last 50 places - Prague Orlen marathon Ceske Budejovice Aktuelle Artikel Marathonbühne Prag – Mario Bauernfeind glänzt für Österreich Richtig essen vor dem Wettkampf: Das zählt in den letzten 24 Stunden Laufsport Termine Demnächst 7. Mai 2026 Herzlauf Wien 7. Mai 2026 Raiffeisen Businesslauf Graz 7. Mai 2026 Business2Run Gmunden 8. Mai 2026 Triestingtaler Sunset Run Marathon Marathon / Halbmarathon / Viertelmarathon: 9. Mai 2026 Gerolsteiner Helgoland Marathon 9. Mai 2026 Leiden Marathon 9. Mai 2026 GutsMuths-Rennsteiglauf International 7. Mai 2026 Deutschland B2Run Karlsruhe 8. Mai 2026 China, Volksrepublik Hyrox Hong Kong 8. Mai 2026 Schweiz B2Run Schweiz Basel Triathlon & Duathlon 14. Mai 2026 Stuiben Trailrun 15. Mai 2026 Apfelland Triathlon 24. Mai 2026 Schwarzataler Triathlon 30. Mai 2026 Triathlon Kirchbichl Laufsport Fotos & Videos Veranstaltung 3. Mai 2026 Prag Marathon 12. Oktober 2025 Graz Marathon 4. September 2025 Wien Energie Business Run Retro 16. Mai 1993 Stadtlauf Oberndorf 1993 10. April 1994 Vienna City Marathon 1994 1. Januar 1999 Welschlauf 1999 Community 12. Oktober 2025 Sefik Mehmedbegovic Graz Marathon 7. September 2023 Richard Haunold Business2023 27. August 2023 Mario Nagele KL_VM_MN01 Neue Videos Grazathlon 2021 Graz Marathon 2019 Vienna Night Run 2019 Ergebnisse B2Run München - Einzelwertung Home Ergebnisse B2Run München Einzelwertung Wertungen filtern: Frauen Männer Wertungen und Altersklassen nach Vorgaben des Veranstalters. Zeige 951-1.000 von 36.080 Einträgen. Pos Stnr Vorname Nachname Nation Club / Team Kategorie GPos KPos TPos 951. 20826 Lukas Obergrußberger GER DIBAG Industriebau AG offene Klasse 898 549 - 00:23:28.1 952. 29538 No Name GER LEGO GmbH offene Klasse 899 550 - 00:23:28.2 953. 17150 Henrique Caldas GER Brainlab AG offene Klasse 900 551 - 00:23:28.2 954. 24873 Bastian Fischer GER Hausarzt Neuried Ü40 901 72 - 00:23:28.3 955. 22800 Franziska Hörl GER Team München offene Klasse 52 34 - 00:23:28.3 956. 42177 Sandra Welchering GER L21 BCG Team Running Ü40 53 4 - 00:23:28.3 957. 20217 Larissa Brandt GER Dermapharm AG offene Klasse 54 35 - 00:23:28.5 958. 37202 Mads Jordt GER Team Siemens AG offene Klasse 902 552 - 00:23:28.5 959. 1193 Fabian Niggemann GER Bayerische Landesärztekammer offene Klasse 903 553 - 00:23:28.5 960. 6347 Lisa Müller GER Kapellmann und Partner Rechtsanwälte offene Klasse 55 36 - 00:23:28.5 961. 23867 Michael Kunz GER gevas humberg & partner Ü30 904 145 - 00:23:28.6 962. 2882 Yannik Waiz GER Deloitte GmbH offene Klasse 905 554 - 00:23:28.7 963. 17178 Jonas Pfeiffer GER Brainlab AG Ü35 906 91 - 00:23:28.9 964. 36945 Max Diekmann GER Team Siemens AG offene Klasse 907 555 - 00:23:28.9 965. 34835 Aljoscha Dolgich GER IB Schlegel offene Klasse 908 556 - 00:23:29.1 966. 5295 Pol Aguirre GER Infineon offene Klasse 909 557 - 00:23:29.1 967. 1914 Macura Express GER CBRE GmbH - München offene Klasse 910 558 - 00:23:29.2 968. 22155 Philipp Stich GER EOS GmbH Electro Optical Systems Ü30 911 146 - 00:23:29.2 969. 9073 Markus Borgström GER Nokia Solutions and Networks offene Klasse 912 559 - 00:23:29.3 970. 29919 Kilian Oberhauser GER Linde plc offene Klasse 913 560 - 00:23:29.3 971. 22127 Julian Bosch GER EOS GmbH Electro Optical Systems Ü40 914 73 - 00:23:29.3 972. 24246 Tom Wichert GER GOLDBECK Süd offene Klasse 915 561 - 00:23:29.5 973. 28957 Stefan Dick GER Landeshauptstadt München offene Klasse 916 562 - 00:23:29.5 974. 33552 Jonas Schupp GER Philips MUC offene Klasse 917 563 - 00:23:29.5 975. 24121 Tobias Zorn GER Gleiss Lutz offene Klasse 918 564 - 00:23:29.5 976. 5462 Moritz Höchner GER Infineon offene Klasse 919 565 - 00:23:29.5 977. 31306 Luka Batarilo-Ćerdić GER Mir san Mir-ion offene Klasse 920 566 - 00:23:29.6 978. 14198 Marcin Szewczyk GER Allianz Ü45 921 27 - 00:23:29.6 979. 13775 Wojciech Kleta GER Allianz Ü35 922 92 - 00:23:29.6 980. 1038 Armin Wurster GER Avision GmbH Ü35 923 93 - 00:23:29.7 981. 13336 Viktor Hottmann GER Allianz Ü40 924 74 - 00:23:29.8 982. 8497 Jamal Abu Shihada GER MTU AERO ENGINES AG offene Klasse 925 567 - 00:23:29.9 983. 42095 Ionut Ticu GER Terma Team-München Ü30 926 147 - 00:23:29.9 984. 35691 Viktor Schwalbe GER SCANLAB offene Klasse 927 568 - 00:23:30.0 985. 13943 Patrick Mullan GER Allianz Ü35 928 94 - 00:23:30.0 986. 13353 Melvin Kopp GER Allianz offene Klasse 929 569 - 00:23:30.0 987. 40669 Lennart Densky GER Stadtwerke München GmbH Ü30 930 148 - 00:23:30.1 988. 9511 Marius Hüpel GER PharmaSGP offene Klasse 931 570 - 00:23:30.1 989. 42452 Marcus Nitzsche GER TRATON SE Ü30 932 149 - 00:23:30.2 990. 4210 Thomas Dietrich GER Gigahertz-Optik Ü35 933 95 - 00:23:30.4 991. 3480 Florian Elling GER Züblin / Strabag Ü35 934 96 - 00:23:30.5 992. 15949 Gunnar Piroch GER Bakic Group Runners Ü50 935 14 - 00:23:30.5 993. 109 Johannes Rottner GER Actemium Ü30 936 150 - 00:23:30.8 994. 40893 Martin Gatarski GER Stadtwerke München GmbH Ü45 937 28 - 00:23:30.9 995. 11225 Robin S. GER Thüga offene Klasse 938 571 - 00:23:30.9 996. 7480 Jonas Naumann GER MBRAUN offene Klasse 939 572 - 00:23:31.0 997. 37391 Bernhard Bieler GER Team Siemens AG Ü50 940 15 - 00:23:31.0 998. 40706 Martin Gatarski GER Stadtwerke München GmbH Ü30 941 151 - 00:23:31.1 999. 23013 Maximilian Doppelhamer GER FEV FeelEVolution offene Klasse 942 573 - 00:23:31.5 1000. 7887 Christian Le Hong GER MARTIN GmbH Ü45 943 29 - 00:23:31.5 « 15 16 17 18 19 20 21 22 23 24 » Legende: GPos = Geschlechter Position,
    KPos = Kategorie Position,
    TPos = Team Position,
    DNS = Did not start,
    DNF = Did not finish,
    DQ = Disqualifiziert Ergebnisse auf Facebook teilen Album B2Run Köln / 05.09.2019 Album B2Run München, B2Run / 16.07.2019 Aktuelle Anmeldungen Jetzt anmelden 12 B2Run Dortmund 16 Mattoni Karlovy Vary Running Festival - RunCzech Laufsport Anmeldung Ergebnisse Kalender Bilder & Videos STAY IN TOUCH! MaxFun auf Facebook MaxFun auf Youtube MaxFun auf Twitter MaxFun auf Instagram MaxFun Newsletter abonnieren Themen Vienna City Marathon Vienna Night Run Salzburg Marathon Graz Marathon Spartan Race Red Bull 400 Frauenlauf Business Run Strongmanrun B2Run Firmenlauf Österreichs größte Laufsport-Community und Laufsportplattform #1 Wir informieren und unterhalten Sportler, Sportinteressierte und Veranstalter. www.maxfunsports.com gibt es seit 1999 und
        ist die führende österreichische Laufsport Plattform. © MaxFun Sports GmbH   |   1999 - 2026 Mediendaten | Newsletter | Kontakt | Team | Jobs | Impressum"
