company,company_normalized
!! Überholen verboten !!,!! überholen verboten !!
# Kern Toranlagen,# kern toranlagen
# Kern Toranlagen & Parksysteme,# kern toranlagen parksysteme
# Team Nano,# team nano
# Team ZBI,# team zbi
#1premiumrunner,#1premiumrunner
#AFXläuft,#afxläuft
#BetterTogether,#bettertogether
#Bier läuft,#bier läuft
#CAMELOTfrontrunners,#camelotfrontrunners
#CBRE#DreamTeamGreen,#cbre#dreamteamgreen
#Dussmannschaft,#dussmannschaft
#GemeinsamAktiv,#gemeinsamaktiv
#Generali bewegt Deutschland,#generali bewegt
#ISEC7GROUP,#isec7group
#KuMläuft,#kumläuft
#LändlePower,#ländlepower
#NRINGRunner,#nringrunner
#ONETEAM @Capgemini,#oneteam @capgemini
#OneXylem,#onexylem
#PeopleOfLieberty,#peopleoflieberty
#RunningISSTunning,#runningisstunning
#SVAisRunning,#svaisrunning
#SchnellerAlsDerPuls,#schnelleralsderpuls
#Steadycoderuns,#steadycoderuns
#SteuerlichUnbedenklich,#steuerlichunbedenklich
#TEAM_DEISEN,#team_deisen
#Team112,#team112
#TeamAmalie,#teamamalie
#TeamAutobahn,#teamautobahn
#TeamDiederichs,#teamdiederichs
#TeamFeyElektronik,#teamfeyelektronik
#TeamGanter,#teamganter
#TeamGymondo,#teamgymondo
#TeamKerpen242,#teamkerpen242
#TeamLOHR,#teamlohr
#TeamLebenSchuetzen,#teamlebenschuetzen
#TeamLidl,#teamlidl
#TeamLocaboo,#teamlocaboo
#TeamMADSACK,#teammadsack
#TeamMaterna,#teammaterna
#TeamMaternaDüsseldorf,#teammaternadüsseldorf
#TeamPolytec,#teampolytec
#TeamZBI,#teamzbi
#Teamtrinks,#teamtrinks
#WasserIstLeben,#wasseristleben
#WeAreLutz,#wearelutz
#WeEmpower,#weempower
#WinAsOne,#winasone
#bestteam,#bestteam
#bettertogether - REDPATH DEILMANN,#bettertogether redpath deilmann
#burspedbewegt,#burspedbewegt
#comeoNMOveit,#comeonmoveit
#crossies,#crossies
#diemitdemkater,#diemitdemkater
#einTeamLidlMünchen,#einteamlidlmünchen
#gellteampower,#gellteampower
#gemeinsam,#gemeinsam
#kundenflüsterer,#kundenflüsterer
#roadrunners,#roadrunners
#runfearless,#runfearless
#teamETECTURE,#teametecture
#teamITV,#teamitv
#teamITV&BE,#teamitv be
#teamITV&BG,#teamitv bg
#teamWAGNER,#teamwagner
#teambarmbek,#teambarmbek
#teambraineffect,#teambraineffect
#teamcimt,#teamcimt
#teamcobos,#teamcobos
#teamcomlet,#teamcomlet
#teamerler,#teamerler
#teamlidl,#teamlidl
#teammedatixx,#teammedatixx
#teamproact,#teamproact
#teamssf,#teamssf
#teamwormser,#teamwormser
#teamzarinfar,#teamzarinfar
#trustyourenergy,#trustyourenergy
#weareone,#weareone
#wearetipico,#wearetipico
#wirhofmanns,#wirhofmanns
#zeitfürbewegung,#zeitfürbewegung
'Cell''s Angels','cell''s angels'
'Der EVT macht''s möglich!','der evt macht''s möglich!'
(Haleon GlaxoSmithKline Consumer Healthcare GmbH & Co. KG)and The Smile Train Stiftung,(haleon glaxosmithkline consumer healthcare co kg)and the smile train stiftung
(Privat),(privat)
(R)UNKRAUT,(r)unkraut
*DAS ENDRES LÄCHELN*,*das endres lächeln*
-,
--,
.,
007 CG München,007 cg münchen
00_Oraylis GmbH,00_oraylis
0711 Runners,0711 runners
08/16 PROJEKTMANAGEMENT GMBH,08/16 projektmanagement
082 to go,082 to go
1,1
1 Berlin x,1 berlin x
1 step ahead,1 step ahead
1&1,1 1
1&1 Versatel,1 1 versatel
1&1 Versatel Deutschland GmbH,1 1 versatel
1. FC Kaiserslautern,1 fc kaiserslautern
1. FC Köln,1 fc köln
1. FC Köln - Mitgliederteam,1 fc köln mitgliederteam
1. SC Goffingen Allstars,1 sc goffingen allstars
100 Jahre Autohaus Brandt,100 jahre autohaus brandt
100 Jahre Baugenossenschaft,100 jahre baugenossenschaft
1000 mal TRAINiert,1000 mal trainiert
1892HILFT,1892hilft
1KOMMA5°,1komma5°
1KOMMA5° München,1komma5° münchen
2,2
2 Brothers,2 brothers
2 Engel für Ferdi,2 engel für ferdi
2 Fast 2 PhyZio,2 fast 2 phyzio
21TORR,21torr
25hours Hotel The Circle Köln,25hours hotel the circle köln
2P Partners,2p partners
2W,2w
2W Gmbh & Co. KG,2w co kg
2k kreativkonzept,2k kreativkonzept
2pS,2ps
2s-ip Schramm Schneider Bertagnoll,2s ip schramm schneider bertagnoll
3 Plus Racers,3 plus racers
3 wings for wind,3 wings for wind
3. Med. Klinikum r. d. Isar TUM,3 med klinikum r d isar tum
"3. Medizinische Klinik, Universitätsklinikum Rechts der Isar TUM",3 medizinische klinik universitätsklinikum rechts der isar tum
310Klinik,310klinik
310Klinik GmbH,310klinik
360° Cardio Freiburg,360° cardio freiburg
365 Sherpas GmbH,365 sherpas
365 Sherpas-Gipfelstürmer:innen,365 sherpas gipfelstürmer:innen
3B,3b
"3B - Begleiten, Bilden, Begegnen",3b begleiten bilden begegnen
3DSE Management Consultants,3dse management consultants
3DSE Management Consultants GmbH,3dse management consultants
3Dmensionals,3dmensionals
3d-berlin,3d berlin
3kubik,3kubik
4,4
4 gewinnt,4 gewinnt
"4 gewinnt ,-)",4 gewinnt )
4.Ü70,4 ü70
404 Pace not found,404 pace not found
42,42
42DIGITAL GmbH,42digital
42kaiserslautern,42kaiserslautern
4FLOW,4flow
4L Impact Strategies,4l impact strategies
4Management,4management
4Soft GmbH,4soft
4TEEN4,4teen4
4Tree Capital,4tree capital
4flow AG,4flow
4flow SE,4flow
50 Jahre Laux,50 jahre laux
50%Dreamteam,50%dreamteam
569 USFPS,569 usfps
5Minds,5minds
5Minds IT Solutions,5minds it solutions
6 Fast 6 Furious,6 fast 6 furious
7,7
7 auf einen Streich,7 auf einen streich
721 Racers,721 racers
7Mind,7mind
7NXT Health Group,7nxt health
7mind,7mind
7reach,7reach
7up,7up
838 - Wir sind bunt,838 wir sind bunt
9,9
95.5 Charivari,95 5 charivari
:hager,:hager
A K D B,a k d b
A great place to run,a great place to run
A&J Holzzentrum,a j holzzentrum
A&J Holzzentrum GmbH & Co. KG,a j holzzentrum co kg
A&K Soccer Moms,a k soccer moms
A&M STABTEST,a m stabtest
A+ Videoclinic GmbH,a+ videoclinic
A+G connect GmbH,a+g connect
A-Team,a team
A-Team Munich,a team munich
A. Nattermann & Cie. GmbH,a nattermann cie
A. Neuendorf,a neuendorf
A.I.,a i
A.R.C. Laser,a r c laser
A1-Läufer,a1 läufer
A2MAC1 GmbH,a2mac1
A2MACRun,a2macrun
A4OneTeam,a4oneteam
AAA Auctor Actor Advisor,aaa auctor actor advisor
AAW e.V,aaw e v
ABB AG,abb
ABB Robotics,abb robotics
ABB vom Tegeler See,abb vom tegeler see
ABC-Team,abc team
ABG Partner,abg partner
ABN AMRO,abn amro
ABP,abp
ABRE Steuerberater,abre steuerberater
ABUS Kransysteme GmbH,abus kransysteme
ABZ-ZR Fit for Factoring,abz zr fit for factoring
AC Christes & Partner,ac christes partner
AC-Motoren,ac motoren
AC-Motoren GmbH,ac motoren
ACB Hamburg,acb hamburg
ACC - Die Batterieexperten aus KL,acc die batterieexperten aus kl
ACC Deutschland,acc
ACCORD - high flyer,accord high flyer
ACCRETECH,accretech
ACCUMULATA,accumulata
ACCUMULATA Real Estate Management GmbH,accumulata real estate management
ACE Running Crew,ace running crew
ACGF,acgf
ACHSE e.V.,achse e v
ACI Heroes,aci heroes
ACI WORLDWIDE,aci worldwide
ACKER AG,acker
ACO Guss,aco guss
ACONEXT Beteiligungs GmbH,aconext beteiligungs
ACRE,acre
ACS Group,acs
ACTANO GmbH,actano
ACTEGA DS GmbH,actega ds
ACTEMIUM,actemium
ACTIO Revision und Treuhand GmbH,actio revision und treuhand
ACV,acv
ADAC,adac
ADAC - Die gelben Engel,adac die gelben engel
ADAC Mittelrhein e.V.,adac mittelrhein e v
ADAC Südbaden,adac südbaden
ADAC Team Weser-Ems,adac team weser ems
ADAC Vertragsanwalt Gerd Müller Saar,adac vertragsanwalt gerd müller saar
ADAC e.V.,adac e v
ADAMA,adama
ADAN Runners Club,adan runners club
ADBAKER,adbaker
ADD,add
ADD Koblenz,add koblenz
ADD LaS,add las
ADELTA Finanz AG,adelta finanz
ADH,adh
ADITOR GmbH,aditor
ADJUVARIS,adjuvaris
ADKL,adkl
ADP - follow me to HR Serivces,adp follow me to hr serivces
ADP Bremen,adp bremen
ADP Employer Services GmbH,adp employer services
ADS,ads
ADS Runners,ads runners
ADS Runners 2025,ads runners 2025
ADS Steuerberatung München,ads steuerberatung münchen
ADTRAN GmbH,adtran
ADVANT Beiten,advant beiten
ADVICON AG,advicon
AEB SE,aeb
AECOM,aecom
AEMP Saar,aemp saar
AENEAS Group,aeneas
AENGEVELT Immobilien,aengevelt immobilien
AEROMARITIME,aeromaritime
AES GmbH,aes
AFAG Messen,afag messen
AFAG Messen GmbH,afag messen
AFI Solutions GmbH,afi solutions
AFK Rechtsanwälte,afk rechtsanwälte
AFRY,afry
AFRY Deutschland GmbH,afry
AFS Aviation Fuel Services GmbH,afs aviation fuel services
AFri,afri
AG,
AG Düsseldorf,düsseldorf
AG der Dillinger Hüttenwerke,der dillinger hüttenwerke
AG für Steinindustrie,für steinindustrie
AGA,aga
AGESA,agesa
AGILA Haustierversicherung AG,agila haustierversicherung
AGL,agl
AGRANO,agrano
AGRAVIS Raiffeisen AG,agravis raiffeisen
AGRAYA,agraya
AGS,ags
AGSOTEC,agsotec
AGV Stade,agv stade
AI Runners,ai runners
AICHINGER GmbH,aichinger
AIGrun4insurance,aigrun4insurance
AIM,aim
AIMS GEN,aims gen
AIOS Automotive,aios automotive
AIOS Tax AG,aios tax
AIS,ais
AIT GmbH & Co. KG,ait co kg
AIT Goehner GmbH,ait goehner
AIT Ottobrunn,ait ottobrunn
AJS NRW,ajs nrw
AKDB Runners,akdb runners
AKG Software Consulting GmbH,akg software consulting
AKJ,akj
AKK Altonaer Kinderkrankenhaus,akk altonaer kinderkrankenhaus
AKRO-PLASTIC,akro plastic
ALBA BERLIN,alba berlin
ALDI Ebersberg,aldi ebersberg
ALDI Eschweiler,aldi eschweiler
ALDI GmbH & Co. KG Herten,aldi co kg herten
ALDI Kirchheim SE & Co. KG,aldi kirchheim co kg
ALDI NORD,aldi nord
ALDI Nord,aldi nord
ALDI SE & Co. KG,aldi co kg
ALDI SE & Co. KG Butzbach,aldi co kg butzbach
ALDI SE & Co. KG Dormagen,aldi co kg dormagen
ALDI SE & Co. KG Langenselbold,aldi co kg langenselbold
ALDI SE & Co. KG Mörfelden,aldi co kg mörfelden
ALDI SÜD Rastatt,aldi süd rastatt
ALFILTRA,alfiltra
ALL IN,all in
ALL TERRAIN RUNNING by LOWA,all terrain running by lowa
ALLEX SQUAD,allex squad
ALLGEIER ENGINEERING FINISHER,allgeier engineering finisher
ALLSAT,allsat
ALPI Germany GmbH,alpi germany
ALR,alr
ALRV,alrv
ALSCO Berufskleidungs-Service GmbH,alsco berufskleidungs service
ALSO Team Innovation,also team innovation
ALT+Kollegen Steuerberatung GmbH,alt+kollegen steuerberatung
ALT+Kollegen Steuerberatungsgesellschaft mbH,alt+kollegen steuerberatungsgesellschaft mbh
ALTEN,alten
ALTEN GmbH,alten
ALTENBURG,altenburg
ALTRAD - Team Germany,altrad team germany
ALZURA AG,alzura
ALÍTUS & MOCEDI - Kompetenz vereint,alítus mocedi kompetenz vereint
AM GmbH,am
AMA-BK,ama bk
AMABK,amabk
AMADA WELD TECH GmbH,amada weld tech
AMARITA Hohen Neuendorf,amarita hohen neuendorf
AMBAZ,ambaz
AMBION,ambion
AMBOSS,amboss
AMCON Software GmbH,amcon software
AMD,amd
AMDS NL Bad Oldesloe,amds nl bad oldesloe
AMERICAN EXPRESS GLOBAL BUSINESS TRAVEL : GBT DEUTSCHLAND GMBH,american express global business travel : gbt
AMERON Hamburg Hotel Speicherstadt,ameron hamburg hotel speicherstadt
AMEX Global Business Travel,amex global business travel
AMG - Pesch,amg pesch
AMI PARTNERS Berlin Runners,ami partners berlin runners
AMI Steuerberatungsgesellschaft mbH,ami steuerberatungsgesellschaft mbh
AMICALE Running Berlin,amicale running berlin
AMIG GmbH,amig
AMOR FATI,amor fati
AMSilk,amsilk
AMTRA Mobilraum,amtra mobilraum
AMZL,amzl
ANAD e.V.,anad e v
ANAD und TheraTeam,anad und therateam
ANCHOR Diagnostics,anchor diagnostics
"ANDERER UND PARTNER mbB, WP/StB",anderer und partner mbb wp/stb
ANDRITZ,andritz
ANDRITZ Separation GmbH,andritz separation
ANGERMEIER INGENIEURE GmbH,angermeier ingenieure
ANK Sanitätshaus,ank sanitätshaus
ANKR,ankr
ANNAX,annax
ANNAX GmbH,annax
ANSON‘S,anson‘s
ANSON’S K-217,anson’s k 217
ANVL,anvl
ANVL Leasing- und Vermietungsgesellschaft mbH & Co. KG,anvl leasing und vermietungsgesellschaft mbh co kg
ANWR GARANT International GmbH,anwr garant international
AON,aon
APD,apd
APD Ambulante Pflegedienste GE,apd ambulante pflegedienste ge
APLEONA,apleona
APOLLON Hochschule,apollon hochschule
APOSAN Laufen und laufen lassen,aposan laufen und laufen lassen
APRIXON TEAM SQUAD,aprixon team squad
APV,apv
APW Running,apw running
ARAG Koblenz,arag koblenz
ARAG Krankenversicherung,arag krankenversicherung
ARAG SE,arag
ARAG-Krankenversicherungs AG,arag krankenversicherungs
ARAS Tiernahrung,aras tiernahrung
ARCADIS Domstürmer,arcadis domstürmer
ARCADIS Germany,arcadis germany
ARD ZDF Medienakademie,ard zdf medienakademie
ARDEX läuft,ardex läuft
AREAL,areal
ARENA2036 - always one step ahead,arena2036 always one step ahead
ARGE SPT,arge spt
ARGE U5W2,arge u5w2
ARGUS DATA,argus data
ARGUS DATA INSIGHTS,argus data insights
ARKADIA Management Consultants GmbH,arkadia management consultants
ARKTIS,arktis
ARKTIS IT solutions GmbH,arktis it solutions
ARKTIS Runners,arktis runners
ARKU Running Team,arku running team
ARNOLD RUESS,arnold ruess
ARQIS Rechtsanwälte Partnerschaftsgesellschaft mbB,arqis rechtsanwälte partnerschaftsgesellschaft mbb
ARRK,arrk
ARRK Engineering GmbH,arrk engineering
ARROW CENTRAL EUROPE GmbH,arrow central europe
ARS ATHLETICA - Wir sind die Zukunft,ars athletica wir sind die zukunft
ARS Computer und Consulting GmbH,ars computer und consulting
ARTIVA SPORTS,artiva sports
ARTOUI,artoui
ARTamLiMiT,artamlimit
AS Abrchnungsstelle AG,as abrchnungsstelle
AS365,as365
ASB Dortmund,asb dortmund
ASB Kaiserslautern,asb kaiserslautern
ASB Köln,asb köln
ASB Mont Cenis,asb mont cenis
ASB RV Berlin-Nordwest,asb rv berlin nordwest
ASB Regionalverband Berlin-Nordwest e.V.,asb regionalverband berlin nordwest e v
ASC Berlin,asc berlin
ASCAVO,ascavo
ASD GmbH,asd
ASEAG,aseag
ASECO,aseco
ASEWrunningteam,asewrunningteam
ASF,asf
ASG Dillingen,asg dillingen
ASIC Design,asic design
ASIC Design Peter Kaiser GmbH & Co KG,asic design peter kaiser co kg
ASICA,asica
ASICS,asics
ASKLEPIOS proresearch,asklepios proresearch
ASMPT,asmpt
ASMPT GmbH & Co.KG,asmpt co kg
ASP Rechtsanwälte PartG mbB,asp rechtsanwälte partg mbb
ASPHALTA,asphalta
ASRplus,asrplus
ASS,ass
ASS 3,ass 3
ASSA ABLOY,assa abloy
AST Perfect Flow,ast perfect flow
ASTELCO Systems,astelco systems
ASTELCO Systems GmbH,astelco systems
ASTEMO,astemo
ASTOC,astoc
ASTRUM IT GmbH,astrum it
ASV Bremen,asv bremen
ASV Köln,asv köln
ATALA Berlin,atala berlin
ATC,atc
ATG Allstars,atg allstars
ATG Showtime Runners,atg showtime runners
ATI Sadi Autoteile GmbH,ati sadi autoteile
ATIX - Linux & Open Source Company,atix linux open source company
ATIX AG,atix
ATLAS ELEKTRONIK GmbH,atlas elektronik
ATMOS MedizinTechnik,atmos medizintechnik
ATOS Kliniken München,atos kliniken münchen
ATOS Orthoparc Runners,atos orthoparc runners
ATOSS,atoss
ATOSS Running Ga(n)g,atoss running ga(n)g
ATOSS Software AG,atoss software
ATOZ,atoz
ATP Crew,atp crew
ATP Nürnberg Planungs GmbH,atp nürnberg planungs
ATR by LOWA,atr by lowa
ATRIA M,atria m
ATS - Abgefahrene Turbo Sprinter,ats abgefahrene turbo sprinter
ATS Industrial Automation,ats industrial automation
ATV,atv
ATV Technologie GmbH,atv technologie
ATW GmbH,atw
AUCOTEC AG,aucotec
AUDITTAX Prof. Raber GmbH,audittax prof raber
AUF DER BULT,auf der bult
AUG. PRIEN,aug prien
AUGEL GMBH - Die Durchdenker,augel die durchdenker
AUMA,auma
AUMA Riester GmbH & Co. KG,auma riester co kg
AUMA-Runaways,auma runaways
AUNOVIS,aunovis
AURELIUS Transformers,aurelius transformers
AUREN,auren
AUREPA Advisors AG,aurepa advisors
AURICON,auricon
AURICON-Runners,auricon runners
AUSY Technologies Germany AG,ausy technologies germany
AUTLOR,autlor
AUTODOC AG,autodoc
AV Consulting GmbH,av consulting
AVB Runners,avb runners
AVIA Team Franken,avia team franken
AVIAM Projektentwicklung,aviam projektentwicklung
AVIAM Projektentwicklung AG & Co. KGaA,aviam projektentwicklung co kgaa
AVIAREPS,aviareps
AVIENT,avient
AVL DITEST GmbH,avl ditest
AVNR,avnr
AVS Services GmbH,avs services
AVV,avv
AWA Hotel GmbH,awa hotel
AWB Abfallwirtschaftsbetriebe Köln,awb abfallwirtschaftsbetriebe köln
AWD Ingenieure,awd ingenieure
AWK Rechtsanwälte,awk rechtsanwälte
AWO,awo
AWO Baumholder The Running gag,awo baumholder the running gag
AWO Bezirksverband Baden e.V.,awo bezirksverband baden e v
AWO Bremen,awo bremen
AWO Durchstarter mit Herz,awo durchstarter mit herz
AWO Familie,awo familie
AWO Freiburg,awo freiburg
AWO Gelsenkirchen/Bottrop,awo gelsenkirchen/bottrop
AWO KV Fürstenwalde e.V.,awo kv fürstenwalde e v
AWO Klosterkuppe Merzig,awo klosterkuppe merzig
AWO Kreisverband München Land,awo kreisverband münchen land
AWO Landesverband Hamburg e.V.,awo landesverband hamburg e v
AWO Landesverband Saar,awo landesverband saar
AWO Saarland #teamherz,awo saarland #teamherz
AWO Saarlouis SZ Sonnenresidenz,awo saarlouis sz sonnenresidenz
AWO Saarlouis Seniorenzentrum Sonnenresidenz,awo saarlouis seniorenzentrum sonnenresidenz
AWO Westliches Westfalen,awo westliches westfalen
AXA,axa
AXA Agentur Krasniqi,axa agentur krasniqi
AXA Berlin,axa berlin
AXA Bewegt,axa bewegt
AXA Direktberatung,axa direktberatung
AXA KRASNIQI,axa krasniqi
AXA Service Center Bochum,axa service center bochum
AZB,azb
AZK Karlsruhe,azk karlsruhe
Aachener Grundvermögen,aachener grundvermögen
Aachener Siedlungs- und Wohn.,aachener siedlungs und wohn
Aachener Werkstätten & Service GmbH,aachener werkstätten service
Ab durch die Mitte,ab durch die mitte
Ab geht die Post!,ab geht die post!
Abbott Blackstone International GmbH,abbott blackstone international
Abbott Laboratories GmbH,abbott laboratories
Abdumalik Gulomjonov,abdumalik gulomjonov
Abeking & Rasmussen,abeking rasmussen
Abellio,abellio
Abfrage vergesse,abfrage vergesse
Abilon Immbobiliengruppe,abilon immbobiliengruppe
Abrechnungszentrum Emmendingen,abrechnungszentrum emmendingen
Absolut Run,absolut run
Absolut Werbung,absolut werbung
Absolute BEGinner,absolute beginner
Absolute BEGinners,absolute beginners
Absolute Run Bremen,absolute run bremen
Abteilung Jugendpastoral,abteilung jugendpastoral
Abwasserzweckverband Breisgauer Buch,abwasserzweckverband breisgauer buch
Accantec Köln,accantec köln
Accelera,accelera
Accelerate,accelerate
Accellence Technologies,accellence technologies
Accenture,accenture
Accenture Düsseldorf,accenture düsseldorf
Accenture GmbH,accenture
Acconsis GmbH,acconsis
Acconsis GmbH Steuerberatungsgesellschaft,acconsis steuerberatungsgesellschaft
Accor Hotels,accor hotels
AccorInvest - Mercure Hotel München City Center,accorinvest mercure hotel münchen city center
AccorInvest Germany GmbH,accorinvest germany
Accounting,accounting
Accretech (Europe) GmbH,accretech (europe)
Accso GmbH,accso
Accsonaut*innen,accsonaut*innen
Acheliten,acheliten
Achsenläufer,achsenläufer
Acrolinx,acrolinx
Actemeth,actemeth
Actemium,actemium
Actemium Energy Projects GmbH,actemium energy projects
Actief,actief
"Actineo, a Verisk business",actineo a verisk business
Actylis,actylis
AdSpendAndEndspurt,adspendandendspurt
Adam Riese,adam riese
Adastra,adastra
Adbaker GmbH,adbaker
Adcubum AG,adcubum
Adecco,adecco
Adecco Germany Holding SA & Co. KG,adecco germany sa co kg
Adecco Group Technology Center GmbH,adecco technology center
Adient,adient
Adient Aerospace,adient aerospace
Adient Ltd. & Co. KG,adient ltd co kg
Adient Saarlouis,adient saarlouis
Adieu Schweinehund,adieu schweinehund
Adina,adina
Adina Hotel Munich,adina hotel munich
AdjuCor,adjucor
AdjuCor GmbH,adjucor
Adlethes,adlethes
AdmiralDirekt,admiraldirekt
Adobe GmbH c/o griffity GmbH,adobe c/o griffity
Adval Tech (Germany) GmbH & Co. KG,adval tech (germany) co kg
Advant Beiten,advant beiten
Advantek GmbH,advantek
Advantest Europe GmbH,advantest europe
Adventure Runners,adventure runners
Advyce & Company,advyce company
Aebi-Schmidt,aebi schmidt
Aenova,aenova
Aenova Holding GmbH,aenova
Aeris,aeris
Aeris GmbH,aeris
Aero-Dienst,aero dienst
Aesthetic Team,aesthetic team
Aesthetics,aesthetics
AfB gemeinnützige GmbH,afb gemeinnützige
Affinidi Runners,affinidi runners
Aflexio,aflexio
Agentilo GmbH,agentilo
Agentur Plietsch,agentur plietsch
Agentur Rheinsport,agentur rheinsport
Agentur für Arbeit,agentur für arbeit
Agentur für Arbeit Köln,agentur für arbeit köln
Agentur für Arbeit Nürnberg,agentur für arbeit nürnberg
Agentur für Haushaltshilfe,agentur für haushaltshilfe
Agentur für wahre Kommunikation,agentur für wahre kommunikation
Agenturen für Arbeit/Jobcenter NRW,agenturen für arbeit/jobcenter nrw
Aggreko Deutschland GmbH,aggreko
Agi,agi
Agile Heroes,agile heroes
Agile Heroes GmbH,agile heroes
Agile Schnecken,agile schnecken
Agriv,agriv
Agsotec GmbH,agsotec
Ahlen,ahlen
Aioi Nissay Dowa,aioi nissay dowa
Aioi Nissay Dowa Insurance Company of Europe SE,aioi nissay dowa insurance company of europe
AirITSystems,airitsystems
Aircargo Services Hannover,aircargo services hannover
Airport Bremen GmbH,airport bremen
Airport Nürnberg,airport nürnberg
Aitonomi,aitonomi
Aiven,aiven
Aixemtec,aixemtec
Akademie Zahnärztliche Fortbildung,akademie zahnärztliche fortbildung
Akkon Hochschule,akkon hochschule
Akotherm,akotherm
Akqueasy Peasy mit DeepImmo,akqueasy peasy mit deepimmo
Aktenflitzer,aktenflitzer
Aktionsprogramm Jugendhilfe-Schule-Beruf,aktionsprogramm jugendhilfe schule beruf
Aktiv Assekuranz Makler,aktiv assekuranz makler
Aktiv Reha,aktiv reha
Aktiv auf dem Asterstein,aktiv auf dem asterstein
Aktive Ladies,aktive ladies
AkzoNobel,akzonobel
Alaiko GmbH,alaiko
Alamode Film,alamode film
Alascians,alascians
Albany,albany
Albert Einstein Gymnasium,albert einstein gymnasium
Albert Hutzenthaler,albert hutzenthaler
Albert-Ludwigs-Universität Freiburg,albert ludwigs universität freiburg
Albert-Schweitzer-Gymnasium Dillingen,albert schweitzer gymnasium dillingen
Albockis,albockis
Albrecht Girls,albrecht girls
Albrecht Jung GmbH & Co KG,albrecht jung co kg
Albrecht Optik,albrecht optik
Albtal Plus,albtal plus
Aldi,aldi
Aldi GmbH & Co. KG,aldi co kg
Aldi GmbH & Co. KG Bous,aldi co kg bous
Aldi SÜD Rastatt,aldi süd rastatt
Alena Töws,alena töws
Alessandri EMSR-Industrie-Montagen,alessandri emsr industrie montagen
Alessandro Giorgi GmbH Steuerberatungsgesellschaft,alessandro giorgi steuerberatungsgesellschaft
AleviDo,alevido
Alex,alex
Alexander,alexander
Alexander Barthel,alexander barthel
Alexander Bürkle,alexander bürkle
Alexander Hosp,alexander hosp
Alexander Thamm GmbH,alexander thamm
Alexandra,alexandra
Alexandra Lange,alexandra lange
Alexandros,alexandros
Alexianer-Region Aachen/ViaNobis,alexianer region aachen/vianobis
Alexion Pharma Germany GmbH,alexion pharma germany
Alfons Klasen,alfons klasen
Alfred-Müller-Armack Berufskollege,alfred müller armack berufskollege
Algeco,algeco
Algeco Nord - die Containerhelden,algeco nord die containerhelden
Algol Thunderbolts,algol thunderbolts
Alina,alina
All for One Group SE/ Filderstadt,all for one se/ filderstadt
All for One Group SE/ Hamburg,all for one se/ hamburg
All for One Group SE/ München,all for one se/ münchen
All for One Group SE/ Ratingen,all for one se/ ratingen
All4Golf,all4golf
AllDent,alldent
AllDent Holding,alldent
AllDent MUC Hbf,alldent muc hbf
AllDent MUC Ost,alldent muc ost
AllFair Trade GmbH,allfair trade
Allan,allan
Allane Mobility Group,allane mobility
Allane SE,allane
Allcolor Malerbedarf GmbH,allcolor malerbedarf
Alleima,alleima
Allein allein,allein allein
Alleingänger,alleingänger
Alles mit Bedacht,alles mit bedacht
AllesGeber,allesgeber
Allex Projects GmbH,allex projects
Allgeier Engineering GmbH,allgeier engineering
Allgeier Experts,allgeier experts
Allgeier Experts GmbH,allgeier experts
Allgeier Inovar GmbH,allgeier inovar
Allgeier Lauf-Experts,allgeier lauf experts
Allgeier Public,allgeier public
Allgeier inovar,allgeier inovar
Allgemeiner Hochschulsport,allgemeiner hochschulsport
Allguth GmbH,allguth
Allos Hof-Manufaktur GmbH,allos hof manufaktur
Allos Schwarzwald,allos schwarzwald
Allthings GmbH,allthings
Allvest,allvest
Allvest GmbH,allvest
Allweiler GmbH,allweiler
Almatis GmbH,almatis
Almato,almato
Almex,almex
Almikro GmbH & Co.KG,almikro co kg
Alois Dallmayr,alois dallmayr
Alpakafreunde,alpakafreunde
Alpenpark Neuss,alpenpark neuss
Alpha FMC,alpha fmc
Alpha IC Runners,alpha ic runners
Alpha Industrial,alpha industrial
Alpha-Engineering KG,alpha engineering kg
Alpine Metal Tech Germany GmbH,alpine metal tech germany
Alpla Werke Lehner GmbH & Co. KG,alpla werke lehner co kg
Alps Alpine Europe GmbH,alps alpine europe
Alps Alpine Runners,alps alpine runners
Alsterzahnärzte,alsterzahnärzte
Alt-Schmargendorf-Grundschule,alt schmargendorf grundschule
AltamarCAM,altamarcam
AltamarCAM Partners,altamarcam partners
Alten- und Pflegeheim St. Hildegard,alten und pflegeheim st hildegard
Alten- und Pflegeheim St.Sebastian Nunkirchen,alten und pflegeheim st sebastian nunkirchen
Alten-und Pflegeheim Kloster Marienau,alten und pflegeheim kloster marienau
Altenfeger,altenfeger
Altenheim Marienfried e.V.,altenheim marienfried e v
Altenheim Sankt Martin,altenheim sankt martin
Altenheim St. Martin,altenheim st martin
Alter Solutions Deutschland GmbH,alter solutions
Alter Verwalter,alter verwalter
Alter Wirt Grünwald,alter wirt grünwald
Alter braucht Leben,alter braucht leben
Althoff Hotels,althoff hotels
Altonaer Hochseeläufer,altonaer hochseeläufer
Altonaer Spar- und Bauverein eG,altonaer spar und bauverein eg
Altstadt Hotel Koblenz & Pano Mo,altstadt hotel koblenz pano mo
Altus renewables GmbH,altus renewables
AluTEAMium,aluteamium
Alves GmbH,alves
Alvotech Germany GmbH,alvotech germany
Alvotech Hannover,alvotech hannover
Alzura AG,alzura
AmKaRe,amkare
AmRest Deutschland,amrest
AmRest Germany,amrest germany
Amalya,amalya
Amand und die Wilde 13,amand und die wilde 13
Amanda Livingstone,amanda livingstone
Amapharm GmbH,amapharm
Amazilia Aerospace,amazilia aerospace
Amazilia Aerospace GmbH,amazilia aerospace
Amazon,amazon
Amazon Ads,amazon ads
Amazon Ads Team Hamburg,amazon ads team hamburg
Amazon Berlin,amazon berlin
Amazon Business,amazon business
Amazon Business 3P,amazon business 3p
Amazon DRP5,amazon drp5
Amazon Deutschland,amazon
Amazon Deutschland Services GmbH,amazon services
Amazon Deutschland Transport,amazon transport
Amazon Dev Center Germany GmbH,amazon dev center germany
Amazon EU SARL,amazon eu sarl
Amazon Eu SARL Niederlassung Deutschland,amazon eu sarl niederlassung
Amazon HAJ8,amazon haj8
Amazon Hamburg,amazon hamburg
Amazon Kaiserslautern,amazon kaiserslautern
Amazon Kaiserslautern GmbH,amazon kaiserslautern
Amazon Koblenz GmbH,amazon koblenz
Amazon Legal,amazon legal
Amazon Logistics,amazon logistics
Amazon Online Germany GmbH,amazon online germany
Amazpn Kaiserslauterin,amazpn kaiserslauterin
Amboss,amboss
Ambrian Energy,ambrian energy
Ambulantes Rehazentrum Koblenz,ambulantes rehazentrum koblenz
Amcor Berlin,amcor berlin
Amcor Teningen,amcor teningen
Amer Sports Deutschland,amer sports
Amer Sports Deutschland GmbH,amer sports
American Dental Systems GmbH,american dental systems
American Dream,american dream
Amgen GmbH,amgen
Amgen Research (Munich) GmbH,amgen research (munich)
Amigonianer,amigonianer
Amigonianer Soziale Werke e.V.,amigonianer soziale werke e v
Amir,amir
Amm GmbH & Co KG Spedition,amm co kg spedition
Amoria Bond,amoria bond
Ampere Avengers,ampere avengers
Amperläufer,amperläufer
Amphenol,amphenol
Amphenol-Air LB GmbH,amphenol air lb
Ampli RUNS,ampli runs
Amprion,amprion
Amt Seelow-Land,amt seelow land
Amt für Migration,amt für migration
Amt für Soziales,amt für soziales
Amt für Soziales Spandau,amt für soziales spandau
Amtsgericht Freiburg,amtsgericht freiburg
Amtsgericht München,amtsgericht münchen
Amtsgericht Wedding,amtsgericht wedding
Amundi Deutschland GmbH,amundi
AnTo,anto
Ana Das,ana das
Anaconda,anaconda
Analysys Mason,analysys mason
Anas,anas
Anastasia Bur,anastasia bur
Anca Michiu,anca michiu
Anchorpoint,anchorpoint
Andagonauten,andagonauten
Anders Consulting & Cie. GmbH,anders consulting cie
Andersen,andersen
AndraTec,andratec
Andre,andre
Andre Partner,andre partner
Andrea,andrea
Andrea Klöckner,andrea klöckner
Andreas,andreas
Andreas Oster Weinkellerei KG,andreas oster weinkellerei kg
Andreas Tully,andreas tully
Andrej,andrej
Andrej Novikov,andrej novikov
AndresPartner,andrespartner
Andresen & Jochimsen GmbH & Co. KG,andresen jochimsen co kg
Android - Team Launcher,android team launcher
André,andré
AneCom Runners,anecom runners
Anforderungsfabrik,anforderungsfabrik
Anfänger,anfänger
Angela,angela
Angela Große Kathöfer,angela große kathöfer
Angela Ludwig,angela ludwig
Angeler APM,angeler apm
Angelica,angelica
Angelica und Andreas,angelica und andreas
Angelika Adamczyk,angelika adamczyk
Angelika Bock,angelika bock
Angelo Giannico,angelo giannico
Anheuser - Busch Inbev,anheuser busch inbev
Anheuser-Busch InBev Germany Holding GmbH,anheuser busch inbev germany
Anika Schopf,anika schopf
Animod GmbH Hotels & Kurzreisen,animod hotels kurzreisen
Anja,anja
Ank-Kaiser Sanitätshaus GmbH,ank kaiser sanitätshaus
Anke Schmits-Düffort,anke schmits düffort
Ann+Pam,ann+pam
Anna,anna
Anna Bortot,anna bortot
Anna Haag Haus,anna haag haus
Anna Kreye,anna kreye
Anna-Katharina,anna katharina
Anna-Maria,anna maria
Annemarie,annemarie
Annika,annika
AntaresRunners,antaresrunners
Antech Leverkusen,antech leverkusen
Antenne Deutschland GmbH & Co. KG,antenne co kg
Antivirus,antivirus
Antje Krienke,antje krienke
Antje Schmidt,antje schmidt
Anton Hübner GmbH & Co. KG,anton hübner co kg
Anton Paar ProveTec am Start,anton paar provetec am start
AntonPaar OptoTec GmbH,antonpaar optotec
Antonia,antonia
Ants & Friends,ants friends
Anwälte für Ärzte,anwälte für ärzte
Aon Holding Deutschland GmbH,aon
Aon Stuttgart - Die Durchstarter!,aon stuttgart die durchstarter!
Aon-Freiburg,aon freiburg
Apaleo,apaleo
Apassionata World GmbH,apassionata world
Aperio Space,aperio space
Apleona,apleona
Apleona Südost,apleona südost
Apleona Südost GmbH,apleona südost
Apleona Wolfferts Team,apleona wolfferts team
Apo Asset Management GmbH,apo asset management
ApoProjekt GmbH,apoprojekt
Apollo Optik,apollo optik
Apollo Optik GmbH & Co.KG,apollo optik co kg
Apollo Tyres,apollo tyres
Apollo-Optik,apollo optik
Apollo-Optik Holding GmbH & Co. KG,apollo optik co kg
Apotheke Am Dobben,apotheke am dobben
Apotheke Lux 99,apotheke lux 99
Apotheke am Kirchplatz,apotheke am kirchplatz
Apotheke am Neumarkt,apotheke am neumarkt
AppSphere,appsphere
Appdafuer GmbH,appdafuer
Apple,apple
Applied Materials,applied materials
Appsfactory,appsfactory
Appsfactory GmbH,appsfactory
Aptar,aptar
Aptean,aptean
Aptiv - It's our move!,aptiv it's our move!
Aptiv Services Deutschland GmbH,aptiv services
Aquila Capital Holding GmbH,aquila capital
Arabella Hospitality SE,arabella hospitality
Aramark,aramark
Aramark Dortmund,aramark dortmund
Arbeiter Samariter Bunt ASB,arbeiter samariter bunt asb
Arbeiter-Samariter-Bunt,arbeiter samariter bunt
"Arbeiterwohlfahrt Landesverband Saarland e.V., AWO Familie",arbeiterwohlfahrt landesverband saarland e v awo familie
Arbeitsgericht Dortmund,arbeitsgericht dortmund
Arbeitsgericht Gelsenkirchen,arbeitsgericht gelsenkirchen
Arbeitsgericht München,arbeitsgericht münchen
Arcadis - Forza Franconia,arcadis forza franconia
Arcadis Germany GmbH,arcadis germany
Arcelor Mittal,arcelor mittal
ArcelorMittal,arcelormittal
ArcelorMittal Bremen GmbH,arcelormittal bremen
ArcelorMittal Hamburg GmbH,arcelormittal hamburg
Architekten BKSP Grabau Obermann Ronczka und Partner mbB,architekten bksp grabau obermann ronczka und partner mbb
Architekten Graf + Graf,architekten graf + graf
Architekten Naujack Rind Hof,architekten naujack rind hof
Architekturbüro Giebel,architekturbüro giebel
Architekturbüro Olejnik & Wern,architekturbüro olejnik wern
Architrav Architekten,architrav architekten
Architrav Architekten & AGP GmbH,architrav architekten agp
Archiv B,archiv b
Arconic Hannover,arconic hannover
Ardagh Glass GmbH,ardagh glass
Arden Sparks,arden sparks
Ardex,ardex
Arena,arena
Arena S.p.A. Zweiniederlassung Deutschland,arena s p a zweiniederlassung
Argenta,argenta
Argo GmbH,argo
Arla Foods,arla foods
Arla Foods Deutschland GmbH,arla foods
Army GBR,army gbr
Arndt GmbH & Co. KG,arndt co kg
Arno Ludwig,arno ludwig
Arnold Group,arnold
Aroundtown & GCP,aroundtown gcp
Ars Info Consulting GmbH,ars info consulting
Art of Events - Amazon,art of events amazon
Art-Invest,art invest
Art-Invest Real Estate,art invest real estate
Art-Invest Real Estate Management,art invest real estate management
Art-Invest Real Estate Management GmbH & Co. KG,art invest real estate management co kg
Artellium GmbH,artellium
Artem,artem
Arthen Kommunikation,arthen kommunikation
Arthrex GmbH,arthrex
Arthur D. Little,arthur d little
Artiminds Robotics GmbH,artiminds robotics
Artiva Sports,artiva sports
Artiva Sports GmbH,artiva sports
Arup Deutschland GmbH,arup
Arup Frankfurt,arup frankfurt
Arval Deutschland GmbH,arval
Arvato,arvato
Arvato Dorsten,arvato dorsten
Arvato SE Dorsten,arvato dorsten
Arvato Supply Chain Solutions SE,arvato supply chain solutions
Arvato Systems Digital GmbH,arvato systems digital
Arvato Systems Dortmund GmbH,arvato systems dortmund
Arvato Systems GmbH,arvato systems
Arvato2Run HH,arvato2run hh
Arvena Hotels,arvena hotels
Arvos GmbH/SCHMIDTSCHE SCHACK,arvos gmbh/schmidtsche schack
Arxada,arxada
Aryzta,aryzta
Aryzta Gipfelstürmer,aryzta gipfelstürmer
Arzu,arzu
Asahi Kasei Europe GmbH,asahi kasei europe
Ascended Majestic Runners,ascended majestic runners
Aschemann,aschemann
Ashland,ashland
Asklepios,asklepios
Asklepios Kliniken,asklepios kliniken
Asklepios Kliniken Hamburg GmbH,asklepios kliniken hamburg
Asklepios Klinken,asklepios klinken
Asklepios Klinkiekn,asklepios klinkiekn
Asmus Kamchen Koch Wermke GbR,asmus kamchen koch wermke gbr
Asmus Kamchen Koch Wermke PartG mbB,asmus kamchen koch wermke partg mbb
Aspect Consulting GmbH,aspect consulting
Aspria,aspria
Asse,asse
Asseco Solutions AG,asseco solutions
Asseco Solutions KA,asseco solutions ka
Assekuranz Schlindwein,assekuranz schlindwein
Assenagon Asset Management S.A.,assenagon asset management s a
AssetMetrix,assetmetrix
AssetMetrix GmbH,assetmetrix
Assmann Beraten + Planen,assmann beraten + planen
Assmann läuft,assmann läuft
Assure Consulting GmbH,assure consulting
Assyrische Sterne,assyrische sterne
Assyst,assyst
Assyyst,assyyst
Astellas,astellas
Astellas GmbH,astellas
Atares,atares
Atemlos,atemlos
Atermann König & Pavenstedt GmbH,atermann könig pavenstedt
Atesteo GmbH,atesteo
Athletic Factory,athletic factory
Athlon Germany GmbH,athlon germany
Atlas Air Service AG,atlas air service
Atlas Copco Energas GmbH,atlas copco energas
Atlas Copco Leybold,atlas copco leybold
Atlas Copco energas,atlas copco energas
Atlas Hamburg GmbH,atlas hamburg
Atlasrunners Schwabach,atlasrunners schwabach
Atomis-Runner,atomis runner
Atomis-Runner-Auswahl,atomis runner auswahl
Atoria - the people software GmbH,atoria the people software
Atos,atos
Atos GmbH,atos
Atradius,atradius
Attikon,attikon
Attila,attila
Attractive Runners,attractive runners
Aubade Paris,aubade paris
Aucoteam,aucoteam
Audi Business Innovation,audi business innovation
Audi Business Innovation GmbH,audi business innovation
Audi Zentrum Düsseldorf,audi zentrum düsseldorf
Audiotainment Südwest GmbH & Co. KG,audiotainment südwest co kg
Audittax,audittax
Auf einer Seite!,auf einer seite!
Aufgeben gibt’s nur bei der Post,aufgeben gibt’s nur bei der post
Aufgesang,aufgesang
Aufwind. Training & Erlebnis,aufwind training erlebnis
Aufzug-Runner,aufzug runner
Auge&Holtschneider GbR,auge holtschneider gbr
Augen auf!,augen auf!
Augenzentrum Bauer,augenzentrum bauer
Augenzentrum Dortmund,augenzentrum dortmund
Augenzentrum Westpfalz MVZ GmbH,augenzentrum westpfalz mvz
August Strecker GmbH & Co. KG,august strecker co kg
August Weckermann KG,august weckermann kg
Augustinum,augustinum
Aurantia,aurantia
Auren,auren
"Aurica, ein starkes Team",aurica ein starkes team
Ausdauer Ass(i),ausdauer ass(i)
Ausgleich-Runners,ausgleich runners
Ausgleich-Runners 2.0,ausgleich runners 2 0
Aut of Office,aut of office
Aut of Order,aut of order
Autec,autec
Autenrieb-Team,autenrieb team
Auto A Müller GmbH,auto a müller
AutoForm,autoform
Autobahn GmbH,autobahn
Autobahn GmbH - AS Heidelberg,autobahn as heidelberg
Autobahn GmbH Außenstelle Karlsruhe,autobahn außenstelle karlsruhe
Autobahn GmbH des Bundes,autobahn des bundes
"Autobahn GmbH, AS Hannover",autobahn gmbh as hannover
Autodesk,autodesk
Autodesk GmbH,autodesk
Autohaus Birkelbach,autohaus birkelbach
Autohaus Brandt läuft bei uns,autohaus brandt läuft bei uns
Autohaus Brenk GmbH,autohaus brenk
Autohaus Bruckner & Hasler GmbH,autohaus bruckner hasler
Autohaus Felix Kloz GmbH,autohaus felix kloz
Autohaus Friedrich Sütterlin GmbH,autohaus friedrich sütterlin
Autohaus Fröhlich GmbH & Co.KG,autohaus fröhlich co kg
Autohaus Klein & Kautenburger GmbH,autohaus klein kautenburger
Autohaus Kropf,autohaus kropf
Autohaus Michael Müller,autohaus michael müller
Autohaus Woltmann,autohaus woltmann
Autohaus Zolleis,autohaus zolleis
Autohäuser Petschallies,autohäuser petschallies
Automag GmbH,automag
Automation Runners,automation runners
Automation Services,automation services
Autorola,autorola
Autotechnik Gebel,autotechnik gebel
Autotechnik Gebel GmbH,autotechnik gebel
Autowelt Turbocharger,autowelt turbocharger
Außer Konkurrenz,außer konkurrenz
Av,av
Avaloq Sourcing (Europe) GmbH,avaloq sourcing (europe)
Avanade Deutschland GmbH,avanade
Avantgarde Talents GmbH,avantgarde talents
Avaus - Data x Algo x Action,avaus data x algo x action
Avedo Köln GmbH,avedo köln
Avenga Germany GmbH,avenga germany
Avengers S04,avengers s04
Averockets,averockets
AviAlliance,avialliance
Avionic Design,avionic design
Avision GmbH,avision
Avnet Embedded,avnet embedded
Avnet Embedded GmbH,avnet embedded
Awarewölfe,awarewölfe
Awin AG,awin
Awinia,awinia
Axalta in Aktion,axalta in aktion
Axel Kruse Jugend,axel kruse jugend
Axel Springer,axel springer
Axel Springer & DAK Gesundheit,axel springer dak gesundheit
Axolotl,axolotl
Ayotte,ayotte
AÖGW,aögw
AÖGW Berlin,aögw berlin
B & O we fix it and run,b o we fix it and run
B A D,b a d
B&B 2025,b b 2025
B&H Running Team 2025,b h running team 2025
B&L,b l
B&L Klimatechnik,b l klimatechnik
B&L MedienGesellschaft mbH,b l mediengesellschaft mbh
B&O #teamNRW,b o #teamnrw
B&O #teamNRWir,b o #teamnrwir
B&O Service AG,b o service
B&P Düsseldorf,b p düsseldorf
B&P IT,b p it
B&T Service,b t service
B&W Software,b w software
B&W Software GmbH,b w software
B&W Work and Fun Team,b w work and fun team
B+G Ingenieure,b+g ingenieure
B+G Ingenieure München,b+g ingenieure münchen
B-A-D Gesundheitsvorsorge,b a d gesundheitsvorsorge
B-A-D Gesundheitsvorsorge und Sicherheitstechnik GmbH,b a d gesundheitsvorsorge und sicherheitstechnik
B. Braun Melsung AG,b braun melsung
B. Braun Melsungen AG,b braun melsungen
B. Braun New Ventures & neuroloop,b braun new ventures neuroloop
B. Sope GmbH,b sope
B.A.D Gesundheitsvorsorge und Sicherheitstechnik GmbH,b a d gesundheitsvorsorge und sicherheitstechnik
B.Braun New Ventures GmbH,b braun new ventures
B.E.S.T. Veranstaltungsdienste,b e s t veranstaltungsdienste
B.I.G. Berlin.Industrial.Group.,b i g berlin industrial group
B.Kathmann Bauunternehmung GmbH u. C,b kathmann bauunternehmung u c
B.i.Team,b i team
B.i.Team Gesellschaft für Softwareberatung mbH,b i team gesellschaft für softwareberatung mbh
B.i.Team läuft,b i team läuft
B13,b13
B2-Run München - Dräger AG,b2 run münchen dräger
B23,b23
B2B Heroes,b2b heroes
B2BRun,b2brun
B2ReihenhausRunner,b2reihenhausrunner
B2Run,b2run
B2Run - Microsoft Cologne,b2run microsoft cologne
B2Run 2024,b2run 2024
B2Run Influencer-Team,b2run influencer team
B2Run TTE MUC,b2run tte muc
B4,b4
B4-PLAN Ingenieurgesellschaft mbH,b4 plan ingenieurgesellschaft mbh
B8 läuft,b8 läuft
BA IT-Systemhaus,ba it systemhaus
BA Spandau,ba spandau
BA-Service-Haus,ba service haus
BAAINBw,baainbw
BAB - Die Förderbank,bab die förderbank
BABOR BEAUTY GROUP,babor beauty
BAC pool systems,bac pool systems
BAD GmbH Koblenz,bad koblenz
BADER + MACK ARCHITEKTEN,bader + mack architekten
BADER + MACK ARCHITEKTEN GmbH,bader + mack architekten
BADESOFA,badesofa
BAL Bauplanungs und Steuerungs GmbH,bal bauplanungs und steuerungs
BAL-Team,bal team
BALOLO,balolo
BAMBUS,bambus
BAMF,bamf
BAMF - Immer laufend dabei!,bamf immer laufend dabei!
BAMF - Laufend dabei!,bamf laufend dabei!
BAMF Stuttgart,bamf stuttgart
BANSBACH,bansbach
BANSBACH GmbH,bansbach
BANTLEON,bantleon
BANTLEON Invest,bantleon invest
BARMER,barmer
BASSETTI Deutschland GmbH,bassetti
BASYS Brinova,basys brinova
BASt ... läuft,bast läuft
BAT-tery Low? Keep Going!,bat tery low? keep going!
BAUHAUS,bauhaus
BAUT Blumer-Lehmann,baut blumer lehmann
BAUWENS,bauwens
BAdW,badw
BBBank runners,bbbank runners
BBC Studios Germany GmbH,bbc studios germany
BBGS one team one mission,bbgs one team one mission
BBL Baumaschinen GmbH,bbl baumaschinen
BBN + MBG Niedersachsen GmbH,bbn + mbg niedersachsen
BBP Beratende Ingenieure,bbp beratende ingenieure
BBS 2 Kaiserslautern,bbs 2 kaiserslautern
BBS Lahnstein,bbs lahnstein
BBSW Koblenz,bbsw koblenz
BBT-Gruppe - Zentrale,bbt gruppe zentrale
BBT-Gruppe: Saffig und Lahnstein,bbt gruppe: saffig und lahnstein
BBV läuft,bbv läuft
BBZ St. Ingbert,bbz st ingbert
BBZ St.Ingbert,bbz st ingbert
BC Tempelhof,bc tempelhof
BCD Travel Germany,bcd travel germany
BCE-Rakete,bce rakete
BCN Runners Club,bcn runners club
BCS Mobile GmbH,bcs mobile
BCW Hotels & Resorts GmbH,bcw hotels resorts
BDA,bda
BDH Klinik Hessisch Oldendorf,bdh klinik hessisch oldendorf
BDH Vallendar,bdh vallendar
BDHD,bdhd
BDO,bdo
BDO AG,bdo
BDO Corporate Finance,bdo corporate finance
BDO München,bdo münchen
BDT-MVZ-Betriebs GmbH,bdt mvz betriebs
BDT-MVZ-Betriebs-GmbH,bdt mvz betriebs gmbh
BDZ Zoll- und Finanzgewerkschaft,bdz zoll und finanzgewerkschaft
BE:TWO,be:two
BEB's Energie,beb's energie
BECHTLE RUN FOR IT,bechtle run for it
BECK Pepper Stepper,beck pepper stepper
BEDIA Motorentechnik GmbH & Co. KG,bedia motorentechnik co kg
BEHA Group,beha
BEHALA,behala
BEHNCKE FAMILY,behncke family
BELFOR Deutschland GmbH,belfor
BELGRAVIA & CO. GmbH,belgravia co
BELTIOS,beltios
BEN BUCHELE Elektromotorenwerke GmbH,ben buchele elektromotorenwerke
BENTHO Bande,bentho bande
BEO,beo
BEONTRA,beontra
BERDI Architekten,berdi architekten
BERNARD Gruppe,bernard gruppe
BERthineers,berthineers
BEST-Sabel Bildungseinrichtungen,best sabel bildungseinrichtungen
BESTSECRET,bestsecret
BET,bet
BET Consulting,bet consulting
BET Consulting GmbH,bet consulting
BETTER DAY,better day
BETTERRun,betterrun
BEUKELMANN : MÜLLER : PARTNER Rechtsanwälte mbB,beukelmann : müller : partner rechtsanwälte mbb
BEUKELMANN:MÜLLER:PARTNER,beukelmann:müller:partner
BEyond Limits,beyond limits
BF.capital,bf capital
BFB BestMedia4Berlin GmbH,bfb bestmedia4berlin
BFF +1,bff +1
BFI läuft!,bfi läuft!
BFM Architekten,bfm architekten
BFS health finance GmbH,bfs health finance
BFW Dieter Ritter GmbH,bfw dieter ritter
BFW Koblenz,bfw koblenz
BG Ambulanz Bremen,bg ambulanz bremen
BG BAU,bg bau
BG Kliniken,bg kliniken
BG RCI,bg rci
BG-Phoenics GmbH,bg phoenics
BGF-Institut,bgf institut
BGHM,bghm
BGHM-Laufgruppe,bghm laufgruppe
BGHW,bghw
BGHW Berlin,bghw berlin
BGHW-Running Team 2025,bghw running team 2025
BGN München,bgn münchen
BGN Runners,bgn runners
BGT Germany,bgt germany
BGV Badische Versicherung,bgv badische versicherung
BGW,bgw
BGW BV Berlin,bgw bv berlin
BGW Laufteam,bgw laufteam
BGWir,bgwir
BHB Unternehmensgruppe,bhb unternehmensgruppe
BHG Broichcatering,bhg broichcatering
BHG. BROICHCATERING,bhg broichcatering
BIAS,bias
BIB Kutz,bib kutz
BIEDERT · BINDER · ERB,biedert · binder · erb
BIONTEX,biontex
BIOTRONIK,biotronik
BIOletics,bioletics
BIPS Healthy Runners,bips healthy runners
BIRCH COVE Digital GmbH,birch cove digital
BIRCO,birco
BIRCO GmbH,birco
BISSANTZ,bissantz
BIT,bit
BITKOM,bitkom
BITMARCK,bitmarck
BITMARCK Beratung GmbH,bitmarck beratung
BITS,bits
BITS GmbH,bits
BIU - Bündnis Innovativer Unternehmen,biu bündnis innovativer unternehmen
BImA,bima
BImA Freiburg,bima freiburg
BImA Kaiserslautern,bima kaiserslautern
BImA Karlsruhe,bima karlsruhe
BImA Stuttgart,bima stuttgart
BImA-Turboschnecken,bima turboschnecken
BK Baumeister & Kollegen,bk baumeister kollegen
BK Projekt Birgit Kaiser,bk projekt birgit kaiser
BKE Jens Fislage Büro- und Kommunik,bke jens fislage büro und kommunik
BKJ Eschweiler,bkj eschweiler
BKK Landesverband Mitte,bkk landesverband mitte
BKK PFAFF,bkk pfaff
BKK VBU,bkk vbu
BKK firmus,bkk firmus
BKM,bkm
BKS and Friends,bks and friends
BKaL,bkal
BL,bl
BLANDFORT BAU,blandfort bau
BLAUM,blaum
BLB,blb
BLD,bld
BLD Bach Langheid Dallmayr Rechtsanwälte Partnerschaftsgesellschaft mbB,bld bach langheid dallmayr rechtsanwälte partnerschaftsgesellschaft mbb
BLG,blg
BLG Köln,blg köln
BLG LOGISTICS,blg logistics
BLG LOGISTICS GROUP AG & Co. KG,blg logistics co kg
BLG Ludwigsfelde,blg ludwigsfelde
BLL,bll
BLS Bremer Logistic Service GmbH,bls bremer logistic service
BLS Energieplan,bls energieplan
BLSV,blsv
BLSV - Lebe deinen Sport,blsv lebe deinen sport
BLU Runners,blu runners
BLUE global relocation,blue global relocation
BLUME2000,blume2000
BLUMERS ARCHITEKTEN,blumers architekten
BMB,bmb
BMK & Partner mbB,bmk partner mbb
BMK Böhm Mohr Kleiner & Partner mbB,bmk böhm mohr kleiner partner mbb
BMP,bmp
BMP Baumanagement GmbH,bmp baumanagement
BMPrunners,bmprunners
BNP @ B2Run,bnp @ b2run
BNP Paribas Factor,bnp paribas factor
BNP Paribas Factor GmbH,bnp paribas factor
BNP Paribas Lease Group S.A.,bnp paribas lease s a
BNP Paribas PI Germany,bnp paribas pi germany
BNP Paribas Real Estate,bnp paribas real estate
BNP Paribas S.A.,bnp paribas s a
BNP Paribas S.A. Niederlassung Deutschland,bnp paribas s a niederlassung
BNP Stuttgart,bnp stuttgart
BNT,bnt
BOA,boa
BOCS Crew,bocs crew
BODE Planungsgesellschaft,bode planungsgesellschaft
BOEHMERT & BOEHMERT,boehmert boehmert
BOGESTRA AG,bogestra
BOHNZIRLEWAGEN,bohnzirlewagen
BOMAG,bomag
BONVENTURE,bonventure
BORAPA Running Team,borapa running team
BOREAS,boreas
BORNEMANN,bornemann
BORSIG,borsig
BORSIG Membrane Technology GmbH,borsig membrane technology
BOTOR TROJAN & PARTNERS StBG mbH,botor trojan partners stbg mbh
BP,bp
BP Europa SE,bp europa
BP Europe SE,bp europe
BPB GmbH,bpb
BPG,bpg
BPI - Wir wirken laufend,bpi wir wirken laufend
BPM&O -Team,bpm o team
BPR B+HH,bpr b+hh
BPR Berlin,bpr berlin
BPR Ingenieure GmbH & Co. KG,bpr ingenieure co kg
BPatG,bpatg
BP® Unterschiedmacher*in,bp® unterschiedmacher*in
BR,br
BR&T-E,br t e
BRAHMS GmbH,brahms
BRAIN GmbH,brain
BRAINS TRUST,brains trust
BRANDAD Development GmbH,brandad development
BRANDCODE GmbH,brandcode
BRANDI Rechtsanwälte Hannover,brandi rechtsanwälte hannover
BRANDUNG,brandung
BRANDitas & BRANDitos,branditas branditos
BRAnners,branners
BRC Solar,brc solar
BRE-Team,bre team
BREBAU GmbH,brebau
BREMER,bremer
BRESTADT,brestadt
BREUNINGER,breuninger
BREWELO,brewelo
BRICKMAKERS,brickmakers
BRK BV Ober-/Mittelfranken,brk bv ober /mittelfranken
BRKH,brkh
BROST CLA?EN Medienkanzlei,brost cla?en medienkanzlei
BRR,brr
BRUNATA-METRONA GmbH,brunata metrona
BRÜNING INTERIORS,brüning interiors
BS Profitpioniere,bs profitpioniere
BSB FR,bsb fr
BSG ABB & Hitachi Energy e.V.,bsg abb hitachi energy e v
BSG ABB Ratingen,bsg abb ratingen
BSG ABB Ratingen e.V.,bsg abb ratingen e v
BSG AGR Herten,bsg agr herten
BSG EDEKA,bsg edeka
BSG EG / LV,bsg eg / lv
BSG Energie Westnetz Blitzstarter,bsg energie westnetz blitzstarter
BSG Investitionsbank Berlin,bsg investitionsbank berlin
BSG KV RLP,bsg kv rlp
BSG Kirchliche Versorgungskassen,bsg kirchliche versorgungskassen
BSG Sparda-Bank München e.V.,bsg sparda bank münchen e v
BSG Sparkasse Gelsenkirchen,bsg sparkasse gelsenkirchen
BSG Sparkasse HGP,bsg sparkasse hgp
BSG StädteRegion Aachen,bsg städteregion aachen
BSG TeXins - Texas Instruments,bsg texins texas instruments
BSG Wüstenrot & Württembergische,bsg wüstenrot württembergische
BSG von Pro-Idee & Junghans Wolle,bsg von pro idee junghans wolle
BSG ÖRAG,bsg örag
BSH Hausgeräte GmbH,bsh hausgeräte
BSH Team Bretten,bsh team bretten
BSI GmbH,bsi
BSS OST Agile Runners ERP,bss ost agile runners erp
BST Lauftreff,bst lauftreff
BSV,bsv
BSV Juchem-Gruppe,bsv juchem gruppe
BSV VDM,bsv vdm
BSW,bsw
BTG Elektronik,btg elektronik
BTG Elektronik GmbH,btg elektronik
BTG INSTRUMENTS,btg instruments
BTH Business Travel Hamburg,bth business travel hamburg
BTL Düsseldorf,btl düsseldorf
BTP,btp
BTPar,btpar
BTS,bts
BTS Brune Timmer Schlüter PartG mbB,bts brune timmer schlüter partg mbb
BTU Simon,btu simon
BTU Simon GmbH,btu simon
BTV Bank für Tirol und Vorarlberg Aktiengesellschaft Zweigniederlassung Deutschland,btv bank für tirol und vorarlberg aktiengesellschaft zweigniederlassung
BTW-IT GmbH,btw it
BTW-IT GmbH - unsere IT läuft..,btw it unsere it läuft
BUDIN.rechtsanwälte GbR,budin rechtsanwälte gbr
BUG- FIVE,bug five
BUG-FIVE,bug five
BUG-Gruppe,bug gruppe
BUNG-PEB,bung peb
BUNTE-Seitenstecher,bunte seitenstecher
BURK AG,burk
BVA Smart Borders,bva smart borders
BVT,bvt
BVT Unternehmensgruppe,bvt unternehmensgruppe
BVVG Landläufer,bvvg landläufer
BVVG-Landläufer,bvvg landläufer
BW Bank,bw bank
BW Bekleidungsmanagement GmbH,bw bekleidungsmanagement
BW Converting,bw converting
BWI,bwi
BWI GmbH,bwi
BWI Nürnberg,bwi nürnberg
BWV,bwv
BWV Hannover,bwv hannover
BWV Rheinländer,bwv rheinländer
BX,bx
BYTE RUNNERS,byte runners
BZ-München,bz münchen
BZ.medien,bz medien
BZP,bzp
Baader Trading,baader trading
Babbel,babbel
Babbel GmbH,babbel
Bachmann electronic,bachmann electronic
Bachmann electronic GmbH,bachmann electronic
Back To The Future,back to the future
Backes Bau,backes bau
Backes Bauunternehmung AG & Co KG,backes bauunternehmung co kg
Background Runner,background runner
Badener,badener
Badenia,badenia
Badenova Konzept,badenova konzept
Badische Neueste Nachrichten,badische neueste nachrichten
Badischer Landesverein,badischer landesverein
Badisches Rotes Kreuz,badisches rotes kreuz
Baerlocher Runners,baerlocher runners
Bahlsen Berlin,bahlsen berlin
Bahlsen GmbH & Co. KG,bahlsen co kg
BahnbauGruppe läuft bei uns,bahnbaugruppe läuft bei uns
Bahnhof Nätverk,bahnhof nätverk
Bahnmigos,bahnmigos
Bahr Modultechnik GmbH,bahr modultechnik
Bahr u. Bahr Zahnärzte,bahr u bahr zahnärzte
Bahrenfelder Turnverein,bahrenfelder turnverein
Baker & Baker,baker baker
Baker Hughes Digital Solutions,baker hughes digital solutions
Baker Hughes Digital Solutions GmbH,baker hughes digital solutions
Baker McKenzie,baker mckenzie
Baker Tilly,baker tilly
Baker Tilly GmbH,baker tilly
Baker Tilly GmbH & Co. KG,baker tilly co kg
Baker Tilly GmbH & Co.KG,baker tilly co kg
Baker Tilly Holding GmbH Wirtschaftsprüfungsgesellschaft Steuerberatungsgesellschaft,baker tilly wirtschaftsprüfungsgesellschaft steuerberatungsgesellschaft
BakerHicks,bakerhicks
Bakic Group Runners,bakic runners
Bakic Packaging GmbH,bakic packaging
Balakumaran,balakumaran
Baldus Medizintechnik Gruppe,baldus medizintechnik gruppe
Ballon Design Berlin,ballon design berlin
Baloise,baloise
Banana ice cream,banana ice cream
Band- und Feinstahl Service GmbH,band und feinstahl service
Bandstahl Schulte & Co. GmbH,bandstahl schulte co
Bank für Kirche & Diakonie-kd Bank,bank für kirche diakonie kd bank
Bank-Media GmbH,bank media
Bank-Verlag,bank verlag
Bank-Verlag GmbH,bank verlag
Bankhaus DONNER & REUSCHEL,bankhaus donner reuschel
Bankhaus E. Mayer AG,bankhaus e mayer
Bar GmbH,bar
Barbarossa Bäckerei GmbH & Co. KG,barbarossa bäckerei co kg
Barco Runners,barco runners
Bardehle Pagenberg,bardehle pagenberg
Bardehle Pagenberg Partnerschaft mbB,bardehle pagenberg partnerschaft mbb
Barilla,barilla
BarmeniaGothaer,barmeniagothaer
Barthelme LED-Solutions,barthelme led solutions
Bartsch Rechtsanwälte PartG mbB,bartsch rechtsanwälte partg mbb
Bartz,bartz
Bartz-Werke GmbH,bartz werke
Basis Europe,basis europe
Bast … läuft,bast … läuft
Bastei Lübbe AG,bastei lübbe
Basycon,basycon
Batemo GmbH,batemo
Batten & Company,batten company
Battery Runner,battery runner
BatteryBusters,batterybusters
Bau & Liegenschaftsbetrieb NRW,bau liegenschaftsbetrieb nrw
Bau AG Kaiserslautern / k-tec GmbH,bau kaiserslautern / k tec
Bau Eins Architekten BDA,bau eins architekten bda
Bau- und Liegenschaftsbetrieb NRW,bau und liegenschaftsbetrieb nrw
Bau-Beine-Po,bau beine po
Bau-Software Unternehmen GmbH,bau software unternehmen
Bau-Speedys,bau speedys
BauBeCon,baubecon
BauBeCoon,baubecoon
BauDarlehen24,baudarlehen24
BauWerkPlan,bauwerkplan
Bauartisten München,bauartisten münchen
Baubetriebshof,baubetriebshof
Baubüro BiB,baubüro bib
Baubüro BiB GmbH,baubüro bib
Bauer Beton Nürnberg Niederlassung der bbL Beton GmbH,bauer beton nürnberg niederlassung der bbl beton
Bauer Engineering GmbH,bauer engineering
Bauer Engineering Team,bauer engineering team
Bauer und Trummer GmbH,bauer und trummer
Bauer+Kirch,bauer+kirch
Bauer+Kirch GmbH (Team Wadenkrampf),bauer+kirch (team wadenkrampf)
Baufi-Run,baufi run
Baufi24 Hannover,baufi24 hannover
Baugesellschaft München-Land GmbH,baugesellschaft münchen land
Baugrund Süd,baugrund süd
Baugrund Süd GmbH,baugrund süd
Bauhaus Dillingen,bauhaus dillingen
Bauhaus GmbH & Co. KG Südwest,bauhaus co kg südwest
Baulogistik Champions League,baulogistik champions league
Baum Unternehmensgruppe,baum unternehmensgruppe
Baumdienst Steffen Hübner,baumdienst steffen hübner
Baumgartner & Partner,baumgartner partner
Baumüller Gruppe,baumüller gruppe
Bausch + Lomb,bausch + lomb
Baustein,baustein
Baustein GmbH,baustein
Bauunternehmung Glöckle,bauunternehmung glöckle
Bauunternehmung Glöckle Holding GmbH,bauunternehmung glöckle
Bauwens GmbH & Co. KG,bauwens co kg
Bavaria Entertainment,bavaria entertainment
Bavaria Film GmbH,bavaria film
Bavaria Film Gruppe,bavaria film gruppe
Bavaria Schweisstechnik,bavaria schweisstechnik
Bavaria Schweisstechnik GmbH,bavaria schweisstechnik
Bavarian Nordic,bavarian nordic
Bavarian rennt,bavarian rennt
BayBG,baybg
BayLfSt,baylfst
BayLfSt - Referat 43,baylfst referat 43
BayWa r.e.,baywa r e
BayWa r.e. AG,baywa r e
BdE Nürnberg,bde nürnberg
"Be Shaping The Future- Performance, Transformation, Digital GmbH",be shaping the future performance transformation digital
Be Shaping the Future,be shaping the future
BeGlobal Holdings GmbH,beglobal holdings
BeMo Tunnelling,bemo tunnelling
BeOne Medicines,beone medicines
Beachcamps,beachcamps
BearingPoint,bearingpoint
BearingPoint DUS,bearingpoint dus
BearingPoint GmbH,bearingpoint
Beasts of Data Warehousing & Running,beasts of data warehousing running
Beauty in Motion,beauty in motion
Beautyful Hips - Praxis Dr. Völker,beautyful hips praxis dr völker
Becherer Möbelwerkstätten GmbH,becherer möbelwerkstätten
Bechtle,bechtle
Bechtle IT-Systemhaus Bremen,bechtle it systemhaus bremen
Bechtle PLM,bechtle plm
Bechtle Runners,bechtle runners
Bechtle-Lenovo-Team,bechtle lenovo team
Bechtleteam Franken,bechtleteam franken
Beck AG,beck
Becker + Partner,becker + partner
Becker Büttner Held,becker büttner held
Becker Büttner Held PartGmbB,becker büttner held partgmbb
"Becker, Zeiler & Partner StBG mbB",becker zeiler partner stbg mbb
Becker-Gruppe,becker gruppe
Beckerklinik Bad Krozingen,beckerklinik bad krozingen
Becomix,becomix
Behn Meyer Europe GmbH,behn meyer europe
Behncke GmbH,behncke
Bei insel läuft`s,bei insel läuft`s
BeiGene,beigene
BeiGene Germany GmbH,beigene germany
Beinert & Partner Rechtsanwälte,beinert partner rechtsanwälte
Beinlich Beregnung,beinlich beregnung
BelforSüd,belforsüd
Believe Digital GmbH,believe digital
Bellalashes,bellalashes
Bellinis,bellinis
Belo Horizonte,belo horizonte
Bencard Allergie,bencard allergie
Benjamin,benjamin
Benjamin Nelle,benjamin nelle
Benndorf und Hildebrand GmbH,benndorf und hildebrand
Benni & J.,benni j
Benzinger-Kuhl & Partner PartGmbB,benzinger kuhl partner partgmbb
Beratercentrum,beratercentrum
Beratung to Go,beratung to go
Bereich F,bereich f
Berenberg,berenberg
Berg Apotheke Hermersberg,berg apotheke hermersberg
Berg Apotheke Merchweiler,berg apotheke merchweiler
Berge & Meer Running-Team,berge meer running team
Bergemann Schönherr & Partner PartGmbB,bergemann schönherr partner partgmbb
Berger Balance Beasts,berger balance beasts
Bergische-RUN-Kugel,bergische run kugel
Berk + Partner,berk + partner
Berk + Partner Bauingenieure,berk + partner bauingenieure
Berkshire Cheetahs,berkshire cheetahs
Berlin British School,berlin british school
Berlin British School gGmbH,berlin british school ggmbh
Berlin Direkt,berlin direkt
Berlin Forum,berlin forum
Berlin Heros,berlin heros
Berlin Translators on the Run,berlin translators on the run
Berlin.Industrial.Group.,berlin industrial group
Berlin.Industrial.Group. (B.I.G.),berlin industrial group (b i g )
BerlinOnline,berlinonline
Berliner Originale,berliner originale
Berliner Team,berliner team
Berliner Volksbank eG,berliner volksbank eg
Berliner Wasserbetriebe,berliner wasserbetriebe
Berliner-Firmenlauf.de,berliner firmenlauf de
Berlinhaus,berlinhaus
Bernard,bernard
Bernardi,bernardi
Berner Fleck Wettich,berner fleck wettich
Berrang SE,berrang
Bertrandt,bertrandt
Bertrandt Ingenieurbüro GmbH,bertrandt ingenieurbüro
Bertrandt Köln,bertrandt köln
Bertsch Innovation GmbH,bertsch innovation
Berufliche Schule 4,berufliche schule 4
Berufsbildende Schule Bad Dürkheim,berufsbildende schule bad dürkheim
Berufsförderungswerk München,berufsförderungswerk münchen
Berufsgenossenschaft Holz und Metall,berufsgenossenschaft holz und metall
Berufskolleg an der Lindenstraße,berufskolleg an der lindenstraße
Berufsverband Notarkasse,berufsverband notarkasse
Berylls Group GmbH,berylls
Best Friends,best friends
Best Running TEEAm,best running teeam
Best Sisters,best sisters
Best Western Nürnberg City West,best western nürnberg city west
Best of Team CLAUS 2023,best of team claus 2023
Best4Tires,best4tires
Besten im Westen,besten im westen
Besties,besties
Bestseller,bestseller
Bethesda Runners,bethesda runners
Bethesda Runnerz,bethesda runnerz
Betonwerk Carl Plötner GmbH,betonwerk carl plötner
Betriebsrat Malzers & Scherpel Brot,betriebsrat malzers scherpel brot
Betten & Resch,betten resch
Betten & Resch Patent- und Rechtsanwälte PartGmbB,betten resch patent und rechtsanwälte partgmbb
Better Late Than Never,better late than never
Better Mobility,better mobility
Better-Team,better team
"BetterDoc, better run!",betterdoc better run!
Bettermile,bettermile
Bettina,bettina
Bettina Lehnert,bettina lehnert
Bettina von Arnim IGS Otterberg,bettina von arnim igs otterberg
Betül,betül
Beusch & Brugmann,beusch brugmann
Beusch und Brugman,beusch und brugman
Beutelsbacher Fruchtsaftkelterei,beutelsbacher fruchtsaftkelterei
Beutler Group,beutler
Beweglichmacher,beweglichmacher
Bewegung zum Ziel,bewegung zum ziel
Beying Renz Leicht,beying renz leicht
Beyond Presence,beyond presence
Beyondeye,beyondeye
Beys,beys
Bezirk Mittelfranken,bezirk mittelfranken
Bezirksamt Hamburg Mitte,bezirksamt hamburg mitte
Bezirksamt Hamburg-Mitte,bezirksamt hamburg mitte
Bezirksamt Spandau,bezirksamt spandau
Bezirksamt Tempelhof-Schöneberg,bezirksamt tempelhof schöneberg
Bezirksamt Tempelhof-Schöneberg von Berlin,bezirksamt tempelhof schöneberg von berlin
Bezirkskliniken Mittelfranken,bezirkskliniken mittelfranken
Bezirksregierung Köln,bezirksregierung köln
Bezirksverband Pfalz,bezirksverband pfalz
BezzRunners,bezzrunners
BfGA GmbH,bfga
BfM,bfm
Bianca,bianca
Bibby Financial Services,bibby financial services
Biedermann und Partner Architekten,biedermann und partner architekten
Biehl & Heigl Steuerberater,biehl heigl steuerberater
Bienenstich AG,bienenstich
Bierkapitäne,bierkapitäne
Biesalski & Company GmbH,biesalski company
Big,big
Big Bubbles,big bubbles
Bildungscampus Koblenz,bildungscampus koblenz
Bildungsverein Hannover,bildungsverein hannover
Bildungswerk ver.di,bildungswerk ver di
Bilel,bilel
Bilendi,bilendi
Bilendi GmbH,bilendi
Bio-Rad,bio rad
Bio-Rad Laboratories GmbH,bio rad laboratories
BioChem,biochem
BioCopy,biocopy
BioFluidix,biofluidix
BioM Running for Bavarian Biotech,biom running for bavarian biotech
BioNTech Neuried,biontech neuried
BioNTech SE,biontech
Biochemie II,biochemie ii
Bionorica SE,bionorica
Biovegan GmbH,biovegan
Birchies,birchies
Bird & Bird LLP,bird bird llp
Bird und Schulte,bird und schulte
Birgit,birgit
Birkenbach Running Team,birkenbach running team
Birkenmeier Stein + Design,birkenmeier stein + design
Birkenmeier Stein+Design,birkenmeier stein+design
Birkenstock,birkenstock
Birkenstock Europe GmbH,birkenstock europe
Birkenstock digital GmbH,birkenstock digital
Birki Runners,birki runners
Birkle,birkle
Bis die Beine Glühen,bis die beine glühen
Bison Deutschland GmbH,bison
Biss ins Ziel,biss ins ziel
Bissantz & Company GmbH,bissantz company
Bistum Trier,bistum trier
Bistum Trier - Saarland,bistum trier saarland
Bitech-Runners - Dressed for Success,bitech runners dressed for success
Bitgrip,bitgrip
Bitmarck,bitmarck
Bitmarck Beratung,bitmarck beratung
Bits & Miles,bits miles
Bitte hier den Teamnamen eingeben,bitte hier den teamnamen eingeben
Bitte mit SANA!,bitte mit sana!
BizLink,bizlink
BizLink Industry Germany GmbH,bizlink industry germany
Björn,björn
Björnsen Beratende Ingenieure GmbH,björnsen beratende ingenieure
Black Forest Medical-Team,black forest medical team
Black Forest Whitewater,black forest whitewater
Blackbird Robotersysteme GmbH,blackbird robotersysteme
Blackroll,blackroll
Blaes Runners,blaes runners
Blanc & Fischer SportAktiv,blanc fischer sportaktiv
Blau ist bunt,blau ist bunt
Blaue Rebellen,blaue rebellen
Blazejewski Medi-Tech GmbH,blazejewski medi tech
Blickfeld GmbH,blickfeld
Blind & Co KG,blind co kg
Blink Team,blink team
BlohWo,blohwo
Blondies on Tour,blondies on tour
Blue Cap AG,blue cap
Blue Tree Real Estate,blue tree real estate
BlueOak,blueoak
Blumer Lehmann GmbH,blumer lehmann
BlütenTraum,blütentraum
Bnp Paribas RE PM GmbH,bnp paribas re pm
Board,board
Board Deutschland GmbH,board
Boardinghaus Eching,boardinghaus eching
Bob,bob
BockSchmidtfisch,bockschmidtfisch
Boden in Bewegung,boden in bewegung
Boden-Flugtruppe,boden flugtruppe
Bodos Six,bodos six
Body Products,body products
"Boehme, Lange und Partner",boehme lange und partner
Boehmert & Boehmert,boehmert boehmert
Boeing Deutschland GmbH,boeing
Bogdan Levarda,bogdan levarda
Bohnen + Kollegen GmbH,bohnen + kollegen
Bohnenbande,bohnenbande
Boisserée,boisserée
Boisserée Rechtsanwälte,boisserée rechtsanwälte
Boley Geotechnik,boley geotechnik
Bombardier Berlin Running Team,bombardier berlin running team
Bona Lingua läuft,bona lingua läuft
Bonava Deutschland GmbH,bonava
Bonava NRW,bonava nrw
Boneß & Euteneuer Partnerschaft mbB,boneß euteneuer partnerschaft mbb
Bonnenberg & Drescher GmbH,bonnenberg drescher
Bonnier,bonnier
Bonpriex,bonpriex
Booking.com,booking com
Booking.com Deutschland GmbH,booking com
Bookwire,bookwire
Bookwire GmbH,bookwire
Booster Schwanewede,booster schwanewede
Bootshaus am Weserbogen,bootshaus am weserbogen
Bootsschule1,bootsschule1
Bora,bora
BorgWarner Systems Engineering GmbH,borgwarner systems engineering
BorgWarner Turbo Systems GmbH,borgwarner turbo systems
Borger Gruppe,borger gruppe
Bormann Elektrobau,bormann elektrobau
Born - Ermel München,born ermel münchen
Born : Ermel : Ingenieure,born : ermel : ingenieure
Born Am Ganter,born am ganter
Born2Run,born2run
Bosch Car Service,bosch car service
Bosch Jehle PA,bosch jehle pa
Bosch Rexroth AG,bosch rexroth
Bosch Runner´s,bosch runner´s
Bosch ST,bosch st
Bosch Sensortec,bosch sensortec
Bosch Sicherheitssysteme GmbH,bosch sicherheitssysteme
Bosch-Bremen,bosch bremen
Bossert Runners,bossert runners
Boston Scientific,boston scientific
Boston Server & Storage Solutions GmbH,boston server storage solutions
Bottler Consulting,bottler consulting
Bounty,bounty
Bounty Communication Group GmbH,bounty communication
BournIn Arrows,bournin arrows
Boutique Rillmann,boutique rillmann
Boysen & Jordan GmbH,boysen jordan
BplusD,bplusd
Brahms Nebel & Kollegen,brahms nebel kollegen
Brain Products,brain products
Brainlab AG,brainlab
Brains Trust,brains trust
Brama,brama
Brandlöscher,brandlöscher
Brandt Zwieback,brandt zwieback
Brauerei Im Füchschen,brauerei im füchschen
Brauerei Lemke Berlin,brauerei lemke berlin
Brauerei im Füchschen,brauerei im füchschen
Braun & Paul IT,braun paul it
Braun & Paul IT GmbH,braun paul it
Braun denkt Grün,braun denkt grün
Braunform,braunform
Breath Therapeutics,breath therapeutics
Breitenbach und Zimmermann StbgmbH,breitenbach und zimmermann stbgmbh
Breitling Runner Squad,breitling runner squad
Bremer Fensterbau GmbH,bremer fensterbau
Bremer Hände,bremer hände
Bremer Straßenbahn AG,bremer straßenbahn
Bremer-Debekaner,bremer debekaner
Bremische Bürgerschaft,bremische bürgerschaft
Bremische Volksbank,bremische volksbank
Bremsen-Schöbel GmbH & Co. KG,bremsen schöbel co kg
"Bremsen-Schöbel, Nürnberg",bremsen schöbel nürnberg
Bremsscheibe,bremsscheibe
Breu und Schneider GmbH,breu und schneider
Breuer GmbH & Co.KG,breuer co kg
Breuninger Flagship München,breuninger flagship münchen
Breuninger Flagship Store München,breuninger flagship store münchen
Breuninger Nürnberg,breuninger nürnberg
Breznteam,breznteam
Bricks & Brezn,bricks brezn
Brille Einmal,brille einmal
Brillengalerie Manfred Klein by Fabienne Mock,brillengalerie manfred klein by fabienne mock
Brillenschlagen & Ohrwürmer,brillenschlagen ohrwürmer
Brillenschlangen und Ohrwürmer,brillenschlangen und ohrwürmer
Brillux,brillux
Bringmeister GmbH,bringmeister
Bristol Myers Squibb GmbH & Co KGaA,bristol myers squibb co kgaa
Bristol-Myers Squibb GmbH & Co. KGaA,bristol myers squibb co kgaa
Britta Moravek,britta moravek
Brodos AG,brodos
Broki,broki
Bros,bros
Brown-Forman Deutschland GmbH,brown forman
Bruker,bruker
Brune & Company,brune company
Brunel,brunel
Bräunig & Co.,bräunig co
Brückner Architekten GmbH,brückner architekten
Brüggelmann Textilien,brüggelmann textilien
Brüning Groupies,brüning groupies
BuM Team,bum team
BuZ,buz
Bubble Trouble,bubble trouble
Bucher KG,bucher kg
Bucher Municipal,bucher municipal
Bucher Properties GmbH,bucher properties
Bucherer Time Racers,bucherer time racers
Buchführungshelfer Schuler,buchführungshelfer schuler
Buchtools,buchtools
Buckle Brigade,buckle brigade
Buckle Up,buckle up
Buddelnde Baggermäuse,buddelnde baggermäuse
Buddy Bash,buddy bash
BuddyStar GmbH,buddystar
Buffalo Das Steakhaus,buffalo das steakhaus
Building München,building münchen
Built by Köster,built by köster
Builtech Runners,builtech runners
Bulicek + ingenieure,bulicek + ingenieure
Bullerbü,bullerbü
Bumke,bumke
Bums,bums
Bundes-Runner,bundes runner
Bundesagentur für Arbeit,bundesagentur für arbeit
Bundesamt f. Logistik u. Mobilität,bundesamt f logistik u mobilität
Bundesamt für Logistik und Mobilität,bundesamt für logistik und mobilität
Bundesamt für Migration und Flüchtlinge,bundesamt für migration und flüchtlinge
Bundesamt für Strahlenschutz,bundesamt für strahlenschutz
Bundesanstalt für Gewässerkunde,bundesanstalt für gewässerkunde
Bundesanstalt für Immobilienaufgaben,bundesanstalt für immobilienaufgaben
Bundesanzeiger Verlag GmbH,bundesanzeiger verlag
Bundesarchiv,bundesarchiv
Bundesbank Dortmund,bundesbank dortmund
Bundesbau Baden-Württemberg - BL,bundesbau baden württemberg bl
Bundesdruckerei,bundesdruckerei
Bundesdruckerei GmbH,bundesdruckerei
Bundesfamilienministerium,bundesfamilienministerium
Bundesimmobilien,bundesimmobilien
Bundesliga Allstars,bundesliga allstars
Bundesministerium für Gesundheit,bundesministerium für gesundheit
Bundespatentgericht,bundespatentgericht
Bundespolizei,bundespolizei
Bundespolizei Kaiserslautern,bundespolizei kaiserslautern
Bundespolizeiinspektion Nürnberg,bundespolizeiinspektion nürnberg
Bundesrat,bundesrat
Bundessortenamt,bundessortenamt
Bundesverwaltungsamt,bundesverwaltungsamt
Bundeswehr,bundeswehr
Bundeswehr Nürnberg,bundeswehr nürnberg
Bundeswehrverwaltungsstelle in Frank,bundeswehrverwaltungsstelle in frank
Burckhardt Architektur,burckhardt architektur
BurdaForward GmbH,burdaforward
BurdaForward Köln,burdaforward köln
Burger Druck GmbH,burger druck
Burgmann GmbH,burgmann
Burkart Gerüstbau GmbH,burkart gerüstbau
Burnhardees,burnhardees
BuroHappold,burohappold
Burson,burson
Busch Vacuum Solutions,busch vacuum solutions
Busenfreundinnen,busenfreundinnen
Buskow Funteam,buskow funteam
Busse & Coll Steuerberatung GmbH,busse coll steuerberatung
Busse & Coll Steuerberatungs GmbH,busse coll steuerberatungs
Busse Balfanz & Partner mbB,busse balfanz partner mbb
Butz & Neumair Aufzugbau GmbH,butz neumair aufzugbau
Butz & Neumair GmbH,butz neumair
Buwog Sprinters,buwog sprinters
Buying Labs GmbH,buying labs
BwBM,bwbm
BwCon RunnersTeam,bwcon runnersteam
Byte Beschleuniger,byte beschleuniger
B·A·D,b·a·d
B·A·D GmbH,b·a·d
BÄKO,bäko
BÜSCH Technology GmbH,büsch technology
Bäcker Lay,bäcker lay
Bäckerei Bost,bäckerei bost
Bäckerei Josef Welling GmbH,bäckerei josef welling
Bäckerei Weymann,bäckerei weymann
Bäder Düsseldorf,bäder düsseldorf
Bär Kühhorn Architekten,bär kühhorn architekten
Bärbel & Renate,bärbel renate
Bärbel Vaak,bärbel vaak
Bärenfamilie Gelsenkirchen,bärenfamilie gelsenkirchen
Béla,béla
BöCon,böcon
Böckels Beste,böckels beste
Böhm Industriegraphik,böhm industriegraphik
Böhme,böhme
Böker & Paul AG,böker paul
Böllinghaus Steel,böllinghaus steel
Bühlers Runners,bühlers runners
Bündnis 90 Die Grünen KV München,bündnis 90 die grünen kv münchen
Bündnis Innovativer Unternehmen,bündnis innovativer unternehmen
Bürgermeister Reuter,bürgermeister reuter
Bürgschaftsbank NRW GmbH,bürgschaftsbank nrw
Bürkert Werke GmbH & Co. KG,bürkert werke co kg
Bürkert blue motion Team,bürkert blue motion team
Büro für Umweltfragen GmbH,büro für umweltfragen
Büronetzwerk Pumpstation,büronetzwerk pumpstation
Bürstlein Gusstechnik GmbH,bürstlein gusstechnik
Büsing Müffelmann & Theye,büsing müffelmann theye
Büttner Team KL,büttner team kl
Büttners Best Lauftrupp,büttners best lauftrupp
C&W (U.K) LLP German Branch,c w (u k) llp german branch
C. D. Büttner Sicherheitstechnik,c d büttner sicherheitstechnik
"C. Haushahn GmbH & Co. KG (Haushahn, Burger Orion)",c haushahn co kg (haushahn burger orion)
C. P. S. - Pharma GmbH,c p s pharma
C.Schippke Tief-und Straßenbau,c schippke tief und straßenbau
C21 Kirchenbauer Immobilien,c21 kirchenbauer immobilien
C3 Berlin,c3 berlin
CA Immo Deutschland GmbH,ca immo
CA Immo München,ca immo münchen
CA Strategy,ca strategy
CACEIS,caceis
"CACEIS Bank S.A., Germany Branch",caceis bank s a germany branch
CADFEM,cadfem
CADFEM Berlin,cadfem berlin
CADFEM Germany,cadfem germany
CADFEM GmbH,cadfem
CADFEM Stuttgart,cadfem stuttgart
CAF,caf
CAF Deutschland,caf
CAF Freibug,caf freibug
CAF GmbH,caf
CAG Nürnberg,cag nürnberg
CANEI,canei
CAPEGEMINI,capegemini
CAPTRON Electronic GmbH,captron electronic
CARESTONE,carestone
CARHARTT - WORK IN PROGRESS,carhartt work in progress
CARIAD SE,cariad
CARLSWERK Rechtsanwälte,carlswerk rechtsanwälte
CARLs,carls
CARNEADES,carneades
CARPENTER Foams - One team!,carpenter foams one team!
CASINO - KOBLENZ,casino koblenz
CBH Rechtsanwälte,cbh rechtsanwälte
CBH Rechtsanwälte - Metropol,cbh rechtsanwälte metropol
CBH Rechtsanwälte : Metropol,cbh rechtsanwälte : metropol
CBP,cbp
CBR Service GmbH,cbr service
CBRE,cbre
CBRE GmbH,cbre
CBRE GmbH - Düsseldorf,cbre düsseldorf
CBRE GmbH - Köln,cbre köln
CBRE GmbH - München,cbre münchen
CBRE GmbH - Stuttgart,cbre stuttgart
CBS International Business School,cbs international business school
CBS University of Applied Sciences,cbs university of applied sciences
CC Care-Central GmbH,cc care central
CC InterConsulta GmbH,cc interconsulta
CC-Group,cc group
CCC,ccc
CCC Com Credit Contor,ccc com credit contor
CCEP Deutschland GmbH,ccep
CCG_Runners,ccg_runners
CCIS,ccis
CCL Runners,ccl runners
CCLD,ccld
CCM-Sprinter,ccm sprinter
CCONE Team,ccone team
CCV GmbH,ccv
CDM Smith,cdm smith
CDM Smith Consult GmbH,cdm smith consult
CDU & Junge Union,cdu junge union
CDU Saar,cdu saar
CELLS Group,cells
CENTERSCAPE,centerscape
CER112,cer112
CERTIFER Deutschland GmbH,certifer
CEVA Logistics,ceva logistics
CEVALogistics CFS Eurohub Fulfilment,cevalogistics cfs eurohub fulfilment
CEWE,cewe
CF-MB,cf mb
CFGI Germany,cfgi germany
CFM Schiller GmbH,cfm schiller
CFP Brands,cfp brands
CFZ Paul Josef Nardini,cfz paul josef nardini
CG CHEMIKALIEN,cg chemikalien
CGI,cgi
CGI Bochum,cgi bochum
CGI Deutschland,cgi
CGI Deutschland B.V. & Co. KG,cgi b v co kg
CGM,cgm
CGM Berlin City Gang,cgm berlin city gang
CGM Lauer,cgm lauer
CGM Runners,cgm runners
CGM Runner´s,cgm runner´s
CGM Team Hannover,cgm team hannover
CHANNEL21,channel21
CHARLOTTE : bewegt,charlotte : bewegt
CHECK24,check24
CHECK24 Dortmund,check24 dortmund
CHECK24 GmbH,check24
CHECK24 Mobilfunk,check24 mobilfunk
CHECK24 Vergleichsportal,check24 vergleichsportal
CHEFS CULINAR Nord GmbH & Co. KG,chefs culinar nord co kg
CHEMEGRA,chemegra
CHEP BLUE RUNNERS,chep blue runners
CHG-MERIDIAN AG,chg meridian
CHI NUE Cargo Handling GmbH,chi nue cargo handling
CHRIST Juweliere und Uhrmacher,christ juweliere und uhrmacher
CHRSC,chrsc
CHRSC Kaiserslautern,chrsc kaiserslautern
CIC Berlin,cic berlin
CID GmbH,cid
CIDEON,cideon
CIDEON Software & Services GmbH & Co. KG,cideon software services co kg
CIDEON: Catch me if you CAD,cideon: catch me if you cad
CIMPA GmbH,cimpa
CIP RUN CLUB,cip run club
CISPA,cispa
CITO,cito
CJ,cj
CJD Berlin-Brandenburg,cjd berlin brandenburg
CJD Nürnberg,cjd nürnberg
CK-Akademie,ck akademie
CKI,cki
CKL,ckl
CKL-Team,ckl team
CLAG,clag
CLO-VERS,clo vers
CLR Green Team,clr green team
CLX Runners,clx runners
CMD Running Crew,cmd running crew
CML läuft!,cml läuft!
CMS,cms
CMS Berlin,cms berlin
CMS Hasche Sigle,cms hasche sigle
CMS München,cms münchen
CMS@Runners,cms@runners
CNC24,cnc24
COBA Wealth Management Köln,coba wealth management köln
COCOMIN,cocomin
CODEX Partners,codex partners
CODEX Partners GmbH,codex partners
COGITANDA Dataprotect AG,cogitanda dataprotect
COGNEX,cognex
COHAUSZ & FLORACK,cohausz florack
COMATCH a malt company,comatch a malt company
COMINDIS,comindis
COMMUNICO GmbH,communico
COMRAMO AG,comramo
COMSPOT,comspot
CON RUNNING CREW,con running crew
CON-iNG,con ing
CONCRETE Capital,concrete capital
CONCRETE Capital GmbH,concrete capital
CONET,conet
CONITAS GmbH,conitas
CONNEX,connex
CONSID Runners,consid runners
CONSILIO,consilio
CONSILIO Runners,consilio runners
CONTACT Software,contact software
CONTECS running,contecs running
CONVIS,convis
COPA-DATA Speedrunners,copa data speedrunners
COSMONAUTEN,cosmonauten
COVAGO,covago
COVIS,covis
COWI A/S,cowi a/s
CP BAP,cp bap
CP Consultingpartner AG,cp consultingpartner
CP Corporate Planning GmbH,cp corporate planning
CPC - Cologne Project Center,cpc cologne project center
CPM GmbH,cpm
CPM Köln,cpm köln
CQLT SaarGummi Deutschland GmbH,cqlt saargummi
CQSE GmbH,cqse
CR3 Coffee Group,cr3 coffee
CRA Running Team,cra running team
CRATOS GmbH,cratos
CRC Raketen,crc raketen
CRIF - Together to the next level!,crif together to the next level!
CRITEO,criteo
CRONIMET BSG,cronimet bsg
CROSSMEDIA GmbH,crossmedia
CROWN Gabelstapler GmbH & Co. KG,crown gabelstapler co kg
CSB-System SE,csb system
CSC JÄKLECHEMIE,csc jäklechemie
CSC JÄKLECHEMIE GmbH & Co. KG,csc jäklechemie co kg
CSD Ingenieure,csd ingenieure
CSE,cse
CSI MINGA,csi minga
CSS Rhein-Ruhr,css rhein ruhr
CSS Team Rhein-Ruhr,css team rhein ruhr
CSU,csu
CSW Neuwied,csw neuwied
CSZ Steuerberatung,csz steuerberatung
CSZ Steuerberatungsgesellschaft,csz steuerberatungsgesellschaft
CT Lloyd,ct lloyd
CT Real Estate Partners GmbH & Co. KG,ct real estate partners co kg
CTG Consulting,ctg consulting
CTM,ctm
CTP Health,ctp health
CTS Klinik Stöckenhöfe,cts klinik stöckenhöfe
CTT Alten- und Pflegeheim,ctt alten und pflegeheim
CUORE of Switzerland,cuore of switzerland
CUREosity,cureosity
CVBH,cvbh
CVS Ingenieurgesellschaft mbH,cvs ingenieurgesellschaft mbh
CVUA,cvua
CVUA Freiburg,cvua freiburg
CVUA-Karlsruhe,cvua karlsruhe
CWS Workwear,cws workwear
CWS Workwear Deutschland GmbH & Co. KG,cws workwear co kg
CWS Workwear International GmbH,cws workwear international
CWS Workwear München,cws workwear münchen
CWS Workwear Nürnberg,cws workwear nürnberg
CYTENA Running,cytena running
Cabinet Schranksysteme AG,cabinet schranksysteme
Cabka Group GmbH,cabka
Cadence,cadence
Cadence Design Systems,cadence design systems
Cadida Software Running Squad,cadida software running squad
Café Konditorei KRUMMEL,café konditorei krummel
Caldea Running Crew,caldea running crew
Calderys,calderys
Caldic Deutschland GmbH,caldic
Callisto Management GmbH,callisto management
Cambridge Associates GmbH,cambridge associates
Camerer,camerer
Camp Dörfl,camp dörfl
Campana & Schott Süd GmbH,campana schott süd
Camping Gülser Moselbogen,camping gülser moselbogen
Campus Christophorus Jugendwerk,campus christophorus jugendwerk
Campus Cruiser,campus cruiser
Campus M University,campus m university
Campus München,campus münchen
Campus Service & Co.,campus service co
Camtek FRT Metrology,camtek frt metrology
Can Do Design,can do design
Canada Life,canada life
Canada Life Assurance Europe plc,canada life assurance europe plc
Canadian Solar EMEA GmbH,canadian solar emea
Candis Run Club,candis run club
Canon,canon
Canon Deutschland GmbH,canon
Canopy Biosciences,canopy biosciences
Cantina Majolika,cantina majolika
Canyon,canyon
Canzler GmbH,canzler
CapTrader,captrader
Capgemini,capgemini
Capgemini Deutschland GmbH,capgemini
Capgemini Engineering,capgemini engineering
Capoyo GmbH,capoyo
Capri by Fraser Berlin,capri by fraser berlin
Capricorn Consulting,capricorn consulting
Captrain,captrain
Car on Sale,car on sale
CarUnion Runners,carunion runners
Carcoustics International GmbH,carcoustics international
CardioCliniC Köln,cardioclinic köln
Care Vision,care vision
Care runs for you,care runs for you
Carealytix,carealytix
Careforce _ Medperion Run Köln 2023,careforce _ medperion run köln 2023
Careforce _ Medperion Run Köln 2024,careforce _ medperion run köln 2024
Careforce _ Medperion Run Köln 2025,careforce _ medperion run köln 2025
Carglass,carglass
Carhartt WIP,carhartt wip
Carina,carina
Caritas,caritas
Caritas - CFZ St. Christophorus,caritas cfz st christophorus
Caritas Akademie Saar,caritas akademie saar
Caritas Altenhilfe & SSG,caritas altenhilfe ssg
Caritas Betriebs und Werkstaetten GmbH,caritas betriebs und werkstaetten
Caritas Betriebs- & Werkstätten GmbH,caritas betriebs werkstätten
Caritas Bildungszentrum Oer-Erkensch,caritas bildungszentrum oer erkensch
Caritas Bottrop,caritas bottrop
Caritas Bremen-Nord,caritas bremen nord
Caritas Dortmund,caritas dortmund
Caritas Freiwilligendienste,caritas freiwilligendienste
Caritas Förderzentren,caritas förderzentren
Caritas Köln,caritas köln
Caritas Lebenswelten GmbH,caritas lebenswelten
Caritas Running Team,caritas running team
Caritas und Erzdiözese,caritas und erzdiözese
Caritas und Erzdiözese Freiburg,caritas und erzdiözese freiburg
Caritas-Akademie,caritas akademie
Caritas-Akademie Köln-Hohenlind,caritas akademie köln hohenlind
Caritas-Werkstatt Oranienburg,caritas werkstatt oranienburg
Caritasverband,caritasverband
Caritasverband Breisgau-Hochschwarzwald,caritasverband breisgau hochschwarzwald
Caritasverband Düren-Jülich,caritasverband düren jülich
Caritasverband Gelsenkirchen,caritasverband gelsenkirchen
Caritasverband Koblenz e.V.,caritasverband koblenz e v
Caritasverband Limburg,caritasverband limburg
Caritasverband München und Freising,caritasverband münchen und freising
Caritasverband Nürnberg e.V.,caritasverband nürnberg e v
Caritasverband Saar-Hochwald e.V.,caritasverband saar hochwald e v
Caritasverband Westerwald-Rhein-Lahn,caritasverband westerwald rhein lahn
Caritasverband der Erzdiözese München und Freising e.V.,caritasverband der erzdiözese münchen und freising e v
Carl Jaspers,carl jaspers
Carl Picard Natursteinwerk GmbH,carl picard natursteinwerk
Carl Roth,carl roth
Carl Schröter GmbH & Co. KG,carl schröter co kg
Carl Spaeter GmbH,carl spaeter
Carl Spaeter Hamburg,carl spaeter hamburg
Carl Zeiss,carl zeiss
Carl-Korth-Institut Arbeits- und Gesundheitsschutz GmbH,carl korth institut arbeits und gesundheitsschutz
Carlsberg Deutschland,carlsberg
Carmen,carmen
Carmen Bassler,carmen bassler
Carneionautis,carneionautis
Carolin Hartmann,carolin hartmann
Carolus Thermen Team,carolus thermen team
Caros Supporter,caros supporter
Carrier Klimatechnik GmbH,carrier klimatechnik
Carsten Krämer,carsten krämer
Carsten Krämer CBP,carsten krämer cbp
Carus-Verlag,carus verlag
Caseware,caseware
Caseware Germany,caseware germany
Caspers Mock Anwälte,caspers mock anwälte
Cassini,cassini
Cassini Runner,cassini runner
Cassini Stuttgart,cassini stuttgart
Catch me if you can,catch me if you can
Catch us if you can,catch us if you can
Catch us if you can!,catch us if you can!
Catella,catella
Catella Real Estate AG,catella real estate
Caterpillar Financial Services GmbH,caterpillar financial services
Caverion,caverion
Caverion Deutschland GmbH,caverion
Cegeka Deutschland GmbH,cegeka
Cegeka IT Runners,cegeka it runners
Cegeka Runners,cegeka runners
Celenus Runner,celenus runner
Celina,celina
Celine,celine
Cellitinnen-Krankenhaus Heilig Geist,cellitinnen krankenhaus heilig geist
Cells Team,cells team
Celonis Deutschland GmbH,celonis
Celonis Gladiators,celonis gladiators
Cemex,cemex
Cemex Deutschland AG,cemex
Cencora,cencora
Cencora PharmaLex,cencora pharmalex
Center Parcs,center parcs
Centerscape,centerscape
Centerscape Deutschland GmbH & Co. KG,centerscape co kg
Centrum Power People,centrum power people
CeramTec,ceramtec
CeramTec GmbH,ceramtec
Cerdia #läuft,cerdia #läuft
Cerstin,cerstin
CevoRunners,cevorunners
Cevotec GmbH,cevotec
Chalet. Label,chalet label
Challengers,challengers
Chamaeleon AG,chamaeleon
Channel Pilot Runners,channel pilot runners
Chantelle Lingerie GmbH,chantelle lingerie
Chaos Software GmbH,chaos software
CharStars,charstars
ChargeBoosters,chargeboosters
ChargeX,chargex
Charite Ortho,charite ortho
Charles River,charles river
Charles River Associates,charles river associates
Charles River Laboratories,charles river laboratories
Charles River Runner,charles river runner
Charlott,charlott
Charlotte,charlotte
Charlotte-Pfeffer-Schule,charlotte pfeffer schule
Charlottes Engel,charlottes engel
CheMondis,chemondis
Check24,check24
CheckMyBus,checkmybus
CheckMyBus GmbH,checkmybus
Checkit@s,checkit@s
Checkout.com,checkout com
ChemInnovation,cheminnovation
Chepla Runners,chepla runners
Cheplas Runner,cheplas runner
Cherry,cherry
Chiaia,chiaia
Chiara Valentina Fischer,chiara valentina fischer
Chicken-Vinh,chicken vinh
ChillServices,chillservices
Chimera biotec,chimera biotec
Chips,chips
Choice AG,choice
Chorklang Pachten,chorklang pachten
Chosen Few DHL,chosen few dhl
Christian,christian
Christian DIOR GmbH,christian dior
Christian Dior Couture,christian dior couture
Christian Gaisboeck,christian gaisboeck
Christian Mazot,christian mazot
Christian Voges,christian voges
Christian Winkler GmbH & Co. KG,christian winkler co kg
Christian Wöllmann,christian wöllmann
Christie Digital Systems Germany,christie digital systems germany
Christina,christina
Christina Findeisen,christina findeisen
Christliche Arbeitsgemeinschaft e.V.,christliche arbeitsgemeinschaft e v
Christof Fischer GmbH,christof fischer
Christoph,christoph
Christoph Jäger,christoph jäger
Christoph Loh,christoph loh
Christopher,christopher
Christophorus-Gemeinschaft,christophorus gemeinschaft
Chromedia Dialogmarketing GmbH,chromedia dialogmarketing
ChromoTek GmbH,chromotek
Chromsystems,chromsystems
Chromsystems GmbH,chromsystems
Chrono24,chrono24
Chubbies,chubbies
Ci4Rail,ci4rail
Ci4Rail GmbH,ci4rail
CiK Solutions GmbH,cik solutions
Cilon,cilon
Cilon GmbH,cilon
Cimcorp,cimcorp
Cinemo GmbH,cinemo
Cinemo Gmbh,cinemo
Circle K Deutschland,circle k
Cisco Hamburg,cisco hamburg
Cisco Placetel,cisco placetel
City Küchen,city küchen
City Outlet Bad Münstereifel,city outlet bad münstereifel
City-Küchen GmbH,city küchen
CityHunters,cityhunters
CityHunters GmbH & Co. KG,cityhunters co kg
Citywire GmbH,citywire
Civey,civey
CivilEngirlneers,civilengirlneers
Claim Swifties,claim swifties
Claire,claire
Claneo,claneo
Clara,clara
Clarenbachwerk Köln,clarenbachwerk köln
Clarenbachwerk Köln gGmbH,clarenbachwerk köln ggmbh
Clariant,clariant
Clariant Produkte (Deutschland) GmbH,clariant produkte (deutschland)
Clarins,clarins
Clarins GmbH,clarins
Clarios Germany Holding GmbH,clarios germany
ClassPass,classpass
Classen Group,classen
Classic Behrendt,classic behrendt
Classic Shoes Staufen,classic shoes staufen
Claudia,claudia
Claus Michelfeit,claus michelfeit
Clausmeyer Team West,clausmeyer team west
Clauss Bedachungen,clauss bedachungen
Clayton-Runners,clayton runners
Cleary Gottlieb,cleary gottlieb
Clemens-Brentano-/ Overberg RS plus,clemens brentano / overberg rs plus
Clemens-Maria-Kinderheim,clemens maria kinderheim
CleverShuttle,clevershuttle
ClimateWagen Team,climatewagen team
Clinic Dr. Decker,clinic dr decker
Closelink,closelink
Cloth Kreativbureau,cloth kreativbureau
Cloud Monsters,cloud monsters
Cloud Runners,cloud runners
CloudSpot - Sprint as a Service,cloudspot sprint as a service
Cloudflighters,cloudflighters
Cloudflighters München,cloudflighters münchen
Cloudrunner 2024,cloudrunner 2024
Cloudrunner 2025,cloudrunner 2025
Club Aktiv e.V.,club aktiv e v
Clyde & Co,clyde co
Co-Power,co power
CoCo,coco
Coca-Cola,coca cola
Coca-Cola Deutschland,coca cola
Coca-Cola Europacific Partners,coca cola europacific partners
Coca-Cola Team Marco Klein,coca cola team marco klein
Cochlear Deutschland GmbH & co.KG,cochlear co kg
Code & Curry,code curry
Code Runners,code runners
Code. Coffee. Run. Repeat.,code coffee run repeat
CodeCamp:N,codecamp:n
CodeRunners Cegeka,coderunners cegeka
CodeWrights Laufteam,codewrights laufteam
Codepels GmbH,codepels
Codewerk GmbH,codewerk
Coding Super Sprinter,coding super sprinter
Cognex,cognex
Cognizant Mobility,cognizant mobility
Cognizant Mobility GmbH,cognizant mobility
Coherent,coherent
CoinTracking,cointracking
Colakation,colakation
Collaboration Factory,collaboration factory
Collegium Augustinum gGmbH,collegium augustinum ggmbh
Colliers,colliers
Cologne Intelligence,cologne intelligence
Colt Technology Services GmbH,colt technology services
Columbia Threadneedle Alternatives,columbia threadneedle alternatives
Comarch AG,comarch
Comarch Software und Beratung AG,comarch software und beratung
Comcave College,comcave college
Comet Running,comet running
Compact,compact
Comparus,comparus
Compass Lexecon,compass lexecon
Competo,competo
Competo Capital Partners GmbH,competo capital partners
Compin,compin
Compleet,compleet
Compleet GmbH,compleet
Compleo,compleo
Compleo Charging Solutions GmbH & Co. KG,compleo charging solutions co kg
Complori,complori
CompuGroup Medical,compugroup medical
CompuGroup Medical SE & Co. KGaA,compugroup medical co kgaa
CompuGroupMedical,compugroupmedical
CompuRAM,compuram
CompuSafe Runner,compusafe runner
Compusafe Data Systems AG,compusafe data systems
Computacenter,computacenter
Computacenter AG & Co oHG,computacenter co ohg
Comtesse-Lorenz-Kling,comtesse lorenz kling
Comtesse-Lorenz-Schmitt,comtesse lorenz schmitt
Comwrap Reply GmbH,comwrap reply
ConBotics,conbotics
ConSense GmbH,consense
ConSol Software GmbH,consol software
ConTeam,conteam
ConVista Consulting AG,convista consulting
Concept Bau GmbH,concept bau
Concept Bau Team,concept bau team
Conciso,conciso
Concordia,concordia
Condens,condens
Confineon GmbH,confineon
Congress-und Tourismus-Zentrale Nürnberg,congress und tourismus zentrale nürnberg
Conigon GmbH,conigon
Conigon ePower Team,conigon epower team
Connexity Europe GmbH,connexity europe
Connox,connox
Conradi + Kaiser GmbH,conradi + kaiser
Conscia,conscia
Consensus GmbH,consensus
Consentec,consentec
Consid Runners,consid runners
Consileon,consileon
Consilium Vermögensmanagement,consilium vermögensmanagement
Constantin-PR,constantin pr
Constellation Academy,constellation academy
Constructor University,constructor university
Constructure GmbH,constructure
Consulting +,consulting +
Consulting Team Vermögensverwaltung,consulting team vermögensverwaltung
Consulting-Team,consulting team
Consulting4IT GmbH,consulting4it
Consultix,consultix
Contargo,contargo
Contentsquare,contentsquare
Contentsquare GmbH,contentsquare
ContiTech,contitech
Contigo,contigo
Contractor Consulting,contractor consulting
Contractor Consulting GmbH,contractor consulting
Controllit AG,controllit
Controllit-Runners,controllit runners
Controlware GmbH,controlware
Contsult PIM Team,contsult pim team
Convensis GmbH,convensis
Converge Germany,converge germany
Convidera,convidera
Convidera & Speekly Runners,convidera speekly runners
Convista,convista
Convista Team,convista team
Convista/FaktorZehn,convista/faktorzehn
Convivo,convivo
Cool Runners Distrelec,cool runners distrelec
Cool Runnings,cool runnings
Cool down...,cool down
"Cool, cooler, Kreutzträger",cool cooler kreutzträger
Copa-Data GmbH,copa data
CorTec,cortec
Corall Ingenieure GmbH #ciexperts,corall ingenieure #ciexperts
Cordes & Graefe KG,cordes graefe kg
Cordova School District,cordova school district
Core-Backbone GmbH,core backbone
Corinna Schmidt,corinna schmidt
Coriolis Pharma Research GmbH,coriolis pharma research
Corius Deutschand GmbH,corius deutschand
Cornehls,cornehls
Corning GmbH,corning
Corporate Connect GmbH,corporate connect
Corteva Team,corteva team
CosH Consulting GmbH,cosh consulting
Cosmo Consult GmbH,cosmo consult
Cosmonauten,cosmonauten
Couch to 5k,couch to 5k
Coupa Business Spend Management,coupa business spend management
Coupa Deutschland,coupa
Couponing Sprinters,couponing sprinters
Courage Magazin,courage magazin
Courtehoute,courtehoute
Courtyard by Marriott Berlin City Ce,courtyard by marriott berlin city ce
Courtyard by Marriott Berlin Mitte,courtyard by marriott berlin mitte
Courtyard by Marriott Bremen,courtyard by marriott bremen
Courtyard by Marriott Hannover Maschsee,courtyard by marriott hannover maschsee
Covago Finanz Saarland GmbH,covago finanz saarland
Coworking0711,coworking0711
Cradle to Cramp-le,cradle to cramp le
CrashLoopBackRun,crashloopbackrun
CrashRepair,crashrepair
Crawford Sprint Squad,crawford sprint squad
Crayon Deutschland GmbH,crayon
Crayon Team,crayon team
Creative Wizards,creative wizards
Creavo Projekt GmbH,creavo projekt
Creditreform,creditreform
Creditreform München,creditreform münchen
"Creditreform München Ganzmüller, Groher & Kollegen KG",creditreform münchen ganzmüller groher kollegen kg
Creditreform Nürnberg,creditreform nürnberg
Creditreform Stuttgart,creditreform stuttgart
Crefo Factoring DN GmbH,crefo factoring dn
Crefo Runners,crefo runners
CrefoRunner,creforunner
CrefoRunners,creforunners
Crelux GmbH,crelux
Creonic,creonic
Crevel Europe GmbH,crevel europe
Cristina,cristina
Critical Path Crew,critical path crew
Crizzl3000,crizzl3000
Crockett & Tubbs,crockett tubbs
Cromwell Runners,cromwell runners
Crowdfox,crowdfox
Crowdfox GmbH,crowdfox
Crown Bevcan,crown bevcan
Crown Gabelstapler GmbH & Co.KG,crown gabelstapler co kg
CryoRunners,cryorunners
Crédit Agricole Leasing & Factoring,crédit agricole leasing factoring
Crédit Agricole Leasing & Factoring S.A.,crédit agricole leasing factoring s a
Csi Entwicklungstechnik GmbH,csi entwicklungstechnik
Cube Sports Team,cube sports team
Culture-Live,culture live
Cup of Fitness,cup of fitness
Curacon,curacon
Curacon GmbH,curacon
Curacrew,curacrew
Curalie,curalie
Curata Seniorenresidenz Dosseblick,curata seniorenresidenz dosseblick
Cursors,cursors
Cyber Sprinters,cyber sprinters
Céleste Himmlische Brautmoden,céleste himmlische brautmoden
D&B Fun Team,d b fun team
D+E GmbH,d+e
D+H Mechatronic AG,d+h mechatronic
D-Speedy,d speedy
D.LIVE GmbH & Co. KG,d live co kg
D.Med Consulting GmbH,d med consulting
D.O.M.,d o m
D.Runners,d runners
D51 : Operations & Prozessmanagement,d51 : operations prozessmanagement
DAA Nürnberg,daa nürnberg
"DAA, Deutsche Angestellten-Akademie",daa deutsche angestellten akademie
DACHSER Koblenz,dachser koblenz
DAEM,daem
DAF,daf
DAHERgeflogen,dahergeflogen
DAHERläufts,daherläufts
DAK,dak
DAK-Gesundheit,dak gesundheit
DAK2V,dak2v
DALUX,dalux
DASMASSIVHAUS,dasmassivhaus
DAT GmbH,dat
DAT Group,dat
DATA MODUL AG,data modul
DATAGROUP,datagroup
DATAMAP,datamap
DATATEAM,datateam
DATATREE AG,datatree
DATEV,datev
DATEV eG,datev eg
DB / VDES,db / vdes
DB Cargo AG,db cargo
DB Cargo FLS,db cargo fls
DB E&C BÜZ Südbaden,db e c büz südbaden
DB Energie - Betriebsbereich Mitte,db energie betriebsbereich mitte
DB Fernverkehr,db fernverkehr
DB InfraGO,db infrago
DB Regio AG S-Bahn München,db regio s bahn münchen
DB Regio Bus Mitte,db regio bus mitte
DB Regio Dortmund,db regio dortmund
DB Resterampe rockt!!!,db resterampe rockt!!!
DB Schenker Bremen,db schenker bremen
DB Schenker Südwest Air / Ocean,db schenker südwest air / ocean
DB/ VDES,db/ vdes
DB/VDES,db/vdes
DBO & Fire,dbo fire
DC Runners,dc runners
DCM,dcm
DCM Film,dcm film
DCON,dcon
DCS Runners,dcs runners
DD TAX,dd tax
DDB München,ddb münchen
DDD läuft,ddd läuft
DDP GRUPPE,ddp gruppe
DE SÜD,de süd
DECATHLON,decathlon
DECATHLON Deutschland SE & Co. KG,decathlon co kg
DECATHLON Dortmund,decathlon dortmund
DECATHLON Kaiserslautern,decathlon kaiserslautern
DECATHLON SAARLOUIS,decathlon saarlouis
DECATeam,decateam
DEDO Media GmbH,dedo media
DEEP.KBB,deep kbb
DEFINE MEDIA,define media
DEG,deg
DEG Alles für das Dach eG,deg alles für das dach eg
DEGEN GmbH & Co. KG,degen co kg
DEGENER // ars mundi // ARTES,degener // ars mundi // artes
DEGES - Fernstraßensprinter,deges fernstraßensprinter
DEICHMANN - Gebiet 14,deichmann gebiet 14
DEKRA - 100 Years,dekra 100 years
DEKRA - mit Sicherheit nachhaltig,dekra mit sicherheit nachhaltig
DEKRA Akademie,dekra akademie
DEKRA Akademie GmbH,dekra akademie
DEKRA Automobil GmbH,dekra automobil
DEKRA Certification GmbH,dekra certification
DEKRA Dynamics,dekra dynamics
DEMA Präzisionsteile GmbH,dema präzisionsteile
DEME,deme
DENIC eG,denic eg
DERAG Immobilien,derag immobilien
DERAG Immobilienservice,derag immobilienservice
DERNBACHER GRUPPE KATHARINA KASPER,dernbacher gruppe katharina kasper
DERZAHN,derzahn
DESMA,desma
DEUBA,deuba
DEUBA GmbH & Co. KG,deuba co kg
DEUTSCHE FINANCE GROUP,deutsche finance
DEVK,devk
DEVK Runners,devk runners
DEVK Runners RD Saarbrücken,devk runners rd saarbrücken
DEVK Sach- und HUK VV a.G.,devk sach und huk vv a g
DEVK Versicherungen,devk versicherungen
DEW21,dew21
DF-Laufhelden,df laufhelden
DFC-SYSTEMS GmbH,dfc systems
DFDS,dfds
DFE Pharma,dfe pharma
DFGE,dfge
DFH,dfh
DFH GRUPPE,dfh gruppe
DFKI,dfki
DFKI Darmstadt,dfki darmstadt
DFKI GmbH - RIC,dfki ric
DFL Deutsche Fußball Liga GmbH,dfl deutsche fußball liga
DFL Digital Sports GmbH,dfl digital sports
DFMG Berlin,dfmg berlin
DFMG Deutsche Funkturm,dfmg deutsche funkturm
DFS Deutsche Flugsicherung,dfs deutsche flugsicherung
DGBB & Friends,dgbb friends
DGBB & friends,dgbb friends
DGI Bauwerk und léonwohlhage,dgi bauwerk und léonwohlhage
DGL-Gruppe,dgl gruppe
DGTLS GmbH,dgtls
DGUV,dguv
DGUV Landesverband Nordwest,dguv landesverband nordwest
DGVS,dgvs
DHB,dhb
DHBW Karlsruhe,dhbw karlsruhe
DHL CRE Germany & Alps-Team München,dhl cre germany alps team münchen
DHL Express,dhl express
DHL Express Dortmund,dhl express dortmund
DHL Global Forwarding GmbH,dhl global forwarding
DHL Global Forwarding Ratingen,dhl global forwarding ratingen
DHL Supply Chain Hamburg,dhl supply chain hamburg
DHWB Karlsruhe,dhwb karlsruhe
DHYBRID Dynamites,dhybrid dynamites
DIAKO Bremen,diako bremen
DIAKO Runners,diako runners
DIALOG Public Relations,dialog public relations
DIANA,diana
DIARECT GmbH,diarect
DIBAG Industriebau AG,dibag industriebau
DIDImmo,didimmo
DIE GRÜNEN ENGEL,die grünen engel
DIE INVENDIANER,die invendianer
DIE KIEFERORTHOPÄDIE,die kieferorthopädie
DIE RADIOLOGIE,die radiologie
DIE SCHMITTIS LAUFEN,die schmittis laufen
DIEARBEITSRECHTLER.DE,diearbeitsrechtler de
DIETZ GROUP,dietz
DIGA - Ingenieur GmbH & Co. KG,diga ingenieur co kg
DIGA – Ingenieur GmbH & Co. KG,diga – ingenieur co kg
DIGA-Ingenieure,diga ingenieure
DIGITAS,digitas
DIGITRONIC,digitronic
DILEB,dileb
DINA Elektronik,dina elektronik
DIODES RUNNERS,diodes runners
DIODES ZETEX GMBH,diodes zetex
DIOR Frankfurt,dior frankfurt
DIOR Team Düsseldorf,dior team düsseldorf
DIS AG,dis
DISPLAY-RUNNER,display runner
DIaLOGIKa,dialogika
DIaLOGIKa Gesellschaft für angewandte Informatik mbH,dialogika gesellschaft für angewandte informatik mbh
DKA,dka
DKB,dkb
DKB Service GmbH,dkb service
DKB Team Stuttgart,dkb team stuttgart
DKD- Puls Pusher,dkd puls pusher
DKMS,dkms
DKMS gemeinnützige GmbH,dkms gemeinnützige
DLA Piper,dla piper
DLE Runners,dle runners
DLIVE,dlive
DLR GfR,dlr gfr
DLR GfR mbH,dlr gfr mbh
DLR Westpfalz,dlr westpfalz
DLR-SI,dlr si
DLRG,dlrg
DM,dm
DM Markt,dm markt
DMC Design for Media and Communication GmbH,dmc design for media and communication
DMC Europe,dmc europe
DMK Deutsches Milchkontor GmbH,dmk deutsches milchkontor
DMS2RUN,dms2run
DNZ2,dnz2
DO & CO Service GmbH,do co service
DOK SYSTEME,dok systeme
DOMS Rohrleitungsbau GmbH,doms rohrleitungsbau
DORNBACH GmbH,dornbach
DOSU AG WP,dosu wp
DOTS,dots
DOYMA GmbH & Co,doyma co
DPD Deutschland GmbH,dpd
DR Transporte,dr transporte
DR-WALTER GmbH,dr walter
DR. EMI ARPA SKIN GmbH,dr emi arpa skin
DR. KADE Health Care,dr kade health care
DR.SCHNELL,dr schnell
DR.ZAUFT BERLIN,dr zauft berlin
DRAGONS Hamburg,dragons hamburg
DRB Runner,drb runner
DREI V GmbH,drei v
DREISS Patentanwälte,dreiss patentanwälte
DRESO - MACHEN DÜRFEN,dreso machen dürfen
DRG - Running Team,drg running team
DRH,drh
DRIVE Consulting,drive consulting
DRK Berliner Rotes Kreuz,drk berliner rotes kreuz
DRK Blutspendedienst NSTOB,drk blutspendedienst nstob
DRK Clementinenhaus Hannover,drk clementinenhaus hannover
DRK KV Freiburg,drk kv freiburg
DRK KV Kaiserslautern-Land e.V.,drk kv kaiserslautern land e v
DRK KV Saarlouis,drk kv saarlouis
DRK Kliniken Berlin,drk kliniken berlin
DRK Krankenhaus GmbH,drk krankenhaus
DRK Krankenhaus GmbH Saarland,drk krankenhaus saarland
DRK Kreisverband Euskirchen e.V.,drk kreisverband euskirchen e v
DRK Landesverband,drk landesverband
DRK Landesverband Berlin,drk landesverband berlin
DRK Landesverband Düsseldorf,drk landesverband düsseldorf
DRK Landesverband Niedersachsen e.V.,drk landesverband niedersachsen e v
DRK Runner Merzig-Wadern,drk runner merzig wadern
DRK-Düsseldorf,drk düsseldorf
DRK-Kreisverband Freiburg e.V.,drk kreisverband freiburg e v
DRK-Kreisverband Karlsruhe e.V.,drk kreisverband karlsruhe e v
DRK-Landesverband Saarland e.V.,drk landesverband saarland e v
DRK-Region Hannover e.V.,drk region hannover e v
DRRP Rechtsanwälte,drrp rechtsanwälte
DRRP Rechtsanwälte PartmbB,drrp rechtsanwälte partmbb
DRS-AG Team,drs ag team
DRV Bund,drv bund
DRV Bund PB55,drv bund pb55
DRV BundPB55,drv bundpb55
DRV Rheinland-Pfalz,drv rheinland pfalz
DS Smith Packaging Deutschland,ds smith packaging
DS Smith Packaging Deutschland Stiftung & Co. KG,ds smith packaging stiftung co kg
DSC Software AG,dsc software
DSD HILGERS Stahlbau GmbH,dsd hilgers stahlbau
DSD Steel Runners,dsd steel runners
DSG,dsg
DSI Teilhabe? Läuft!,dsi teilhabe? läuft!
DSM Firmenich,dsm firmenich
DSTR Planungsgesellschaft für technische Gebäudeausstattung mbH,dstr planungsgesellschaft für technische gebäudeausstattung mbh
DSV,dsv
DSV Homburg,dsv homburg
DSV Road GmbH Homburg,dsv road homburg
DSV x Schenker,dsv x schenker
DSV-Gruppe,dsv gruppe
DSW GmbH,dsw
DSW-Runners,dsw runners
DTS Patent- und Rechtsanwälte,dts patent und rechtsanwälte
DTS Patent- und Rechtsanwälte Partmb,dts patent und rechtsanwälte partmb
DTS Patent- und Rechtsanwälte Schnekenbühl und Partner MBB,dts patent und rechtsanwälte schnekenbühl und partner mbb
DU,du
DU Diederichs & Partner GmbH,du diederichs partner
DUAL Deutschland GmbH,dual
DUBAG Group,dubag
DURABLE,durable
DURAG Group,durag
DURAG Holding AG,durag
DURNER,durner
DUSS Office Runners,duss office runners
DUSS-O Runners,duss o runners
DUplus Architekten,duplus architekten
DVAG Wendelstein,dvag wendelstein
DVH Brands Germany,dvh brands germany
DVS AG,dvs
DVS Kürnbach,dvs kürnbach
DVV Media Group,dvv media
DWR eco,dwr eco
DXC - Work is about character! :),dxc work is about character! :)
DYMATRIX,dymatrix
DYNA-MESS,dyna mess
DYNAMED,dynamed
DYNAVAX,dynavax
DZ BANK,dz bank
DZ BANK AG,dz bank
DZ Bank runners,dz bank runners
DZB BANK,dzb bank
DZNE,dzne
DZNE Standort München,dzne standort münchen
DZR GmbH,dzr
Da Sebastiano,da sebastiano
DachdeckerDeinBeruf,dachdeckerdeinberuf
Dachser,dachser
Dachser Karlsruhe,dachser karlsruhe
Dachser SE Bremen,dachser bremen
"Dachser SE, Logistikzentrum Saarland, Eurohub Überherrn",dachser se logistikzentrum saarland eurohub überherrn
Dagmar,dagmar
Daiichi Sankyo Europe GmbH,daiichi sankyo europe
Dalux,dalux
Daluxians,daluxians
Damovo Deutschland GmbH & Co. KG,damovo co kg
DaniRunner81,danirunner81
Danie+Mel,danie+mel
Daniel,daniel
Daniel Thomson,daniel thomson
Daniela Eißfeldt,daniela eißfeldt
Daniela Lehmann,daniela lehmann
Danish Crown & Friland,danish crown friland
Dannhorn & Paeschke,dannhorn paeschke
Daria,daria
Dart Runners,dart runners
Das A-Team,das a team
Das ESW,das esw
Das ESW - Evangelisches Siedlungswerk,das esw evangelisches siedlungswerk
Das Grüne Emissionshaus,das grüne emissionshaus
Das Hochhaus,das hochhaus
Das Kindl,das kindl
Das Kängu-Rudel,das kängu rudel
Das Labor,das labor
Das Laufen der Lämmer,das laufen der lämmer
Das PLUS der BEB+,das plus der beb+
Das Sauter Speedteam,das sauter speedteam
Das USU Laufteam,das usu laufteam
Das Ziel ist das Ziel,das ziel ist das ziel
Das beste Team sind wir!,das beste team sind wir!
Das bruggaa-Team,das bruggaa team
Das laufende WLAN,das laufende wlan
Das laufendes WLAN,das laufendes wlan
DasPlus,dasplus
Dassault Systemes,dassault systemes
Dastex Group GmbH,dastex
Data Modul,data modul
Data Ninjas,data ninjas
Data Runner,data runner
DataSEKure,datasekure
Dataciders GmbH,dataciders
Datacom Dynamos,datacom dynamos
Datagroup Operations GmbH,datagroup operations
Datalicious,datalicious
Datalytics,datalytics
DatamedIQ,datamediq
DatamedIQ GmbH,datamediq
DatamedIQ GmbH Pharmageddon,datamediq pharmageddon
Dataport,dataport
Dataportis,dataportis
Datatronic,datatronic
Datera Solutions,datera solutions
Dauphin HumanDesign Group,dauphin humandesign
David,david
David Lloyd Meridian Spa & Fitness,david lloyd meridian spa fitness
Davinci Engineering GmbH,davinci engineering
Dawonia,dawonia
Dawonia Speedies,dawonia speedies
Day 1,day 1
Day One,day one
De Lage Landen Leasing GmbH,de lage landen leasing
De-cix Group,de cix
DeTeAssekuranz,deteassekuranz
DeWAG Wohnen,dewag wohnen
Dealfront,dealfront
Debeka,debeka
Debeka Karlsruhe-Stadt,debeka karlsruhe stadt
Debeka Krankenversicherung VVaG,debeka krankenversicherung vvag
Debeka Krankenversicherungsverein,debeka krankenversicherungsverein
Debeka Landesgeschäftsstelle Köln,debeka landesgeschäftsstelle köln
Debeka Saarlouis,debeka saarlouis
Decadis AG,decadis
Decathlon,decathlon
Decathlon Bremen Waterfront,decathlon bremen waterfront
Decathlon Bremen-Brinkum,decathlon bremen brinkum
Decathlon Deutschland SE & Co. KG,decathlon co kg
Decathlon Karlsruhe,decathlon karlsruhe
Decathlon Neunkirchen,decathlon neunkirchen
Decathlon Saarlouis,decathlon saarlouis
Dechert LLP,dechert llp
Dedalus Labor,dedalus labor
Dedalus Labor GmbH,dedalus labor
DeeN,deen
Deep Media,deep media
Deep Sea Runners,deep sea runners
DeepSkill Striders,deepskill striders
Define Runners,define runners
Dehmer & Partner,dehmer partner
Dehmer-Vertriebs GmbH,dehmer vertriebs
DeichStube,deichstube
Deichmann SE,deichmann
Deinzermetall GmbH,deinzermetall
Deka All Star Runners,deka all star runners
Deka Immobilien GmbH,deka immobilien
Deka Immobilien Investment GmbH,deka immobilien investment
DekaBank Sport e.V.,dekabank sport e v
Dekra Automobil GmbH,dekra automobil
Dekra München,dekra münchen
Delheid Soiron Hammer Rechtsanwälte,delheid soiron hammer rechtsanwälte
Delme Klinikum,delme klinikum
Deloitte,deloitte
Deloitte GmbH,deloitte
Deloitte GmbH Nürnberg,deloitte nürnberg
Delta Energy Systems (Germany) GmbH,delta energy systems (germany)
Delta Immobilien Gruppe,delta immobilien gruppe
Delta Light,delta light
Delvag,delvag
Demando : K-net : iT-Campus,demando : k net : it campus
Denise,denise
Denise Fricke,denise fricke
Deniz,deniz
Dennemeyer & Co. GmbH,dennemeyer co
Dennig & Kollegen Rechtsanwälte,dennig kollegen rechtsanwälte
Dennis,dennis
Dennis Ralf Üzüm,dennis ralf üzüm
Dennis Winter,dennis winter
DennnnA,dennnna
Denodo Technologies GmbH,denodo technologies
Dental21 GmbH,dental21
Dentallabor Tzigiannis,dentallabor tzigiannis
Dentitias :)),dentitias :))
Dentons,dentons
Dentons Europe (Germany) GmbH Co. KG,dentons europe (germany) co kg
Dentsply Sirona Systems GmbH,dentsply sirona systems
Dentsu - Run for Good,dentsu run for good
Dentsu Germany,dentsu germany
Denys Kondratenko,denys kondratenko
Depenbrock,depenbrock
Depot-Runners,depot runners
Der Audio Verlag,der audio verlag
Der Beck GmbH,der beck
Der Grüne Punkt,der grüne punkt
Der Klügere gibt Gas,der klügere gibt gas
Der MeKo Lauftreff,der meko lauftreff
Der Pälzer,der pälzer
Der Schöne und die Biester,der schöne und die biester
Der Uhrmacher,der uhrmacher
Der Zug hat keine Bremse,der zug hat keine bremse
Derag Livinghotels AG + Co. KG,derag livinghotels + co kg
Derichebourg,derichebourg
Dermagnostix,dermagnostix
Dermalogica,dermalogica
Dermatologie Huver,dermatologie huver
Dess+Falk GmbH,dess+falk
Deutsche AVIA Mineralöl-GmbH,deutsche avia mineralöl gmbh
Deutsche Angestellten-Akademie,deutsche angestellten akademie
Deutsche Apotheker- und Ärztebank eG,deutsche apotheker und ärztebank eg
Deutsche Asset One GmbH,deutsche asset one
Deutsche Bahn,deutsche bahn
Deutsche Benkert GmbH,deutsche benkert
Deutsche Bundesbank,deutsche bundesbank
Deutsche Factoring Bank,deutsche factoring bank
Deutsche Finance Group,deutsche finance
Deutsche Finance Holding AG,deutsche finance
Deutsche Funkturm - DFMG,deutsche funkturm dfmg
Deutsche Funkturm GmbH,deutsche funkturm
Deutsche Glasfaser,deutsche glasfaser
Deutsche Glasfaser Borken,deutsche glasfaser borken
Deutsche Glasfaser Holding,deutsche glasfaser
Deutsche Investment,deutsche investment
Deutsche Private Equity,deutsche private equity
Deutsche Reihenhaus,deutsche reihenhaus
Deutsche Reihenhaus AG,deutsche reihenhaus
Deutsche Rentenversicherung BYS,deutsche rentenversicherung bys
Deutsche Rentenversicherung Nord,deutsche rentenversicherung nord
Deutsche Rentenversicheurng Nord,deutsche rentenversicheurng nord
Deutsche Sporthochschule Köln,deutsche sporthochschule köln
Deutsche Transalpine Oelleitung GmbH,deutsche transalpine oelleitung
Deutsche Triathlon Union e.V.,deutsche triathlon union e v
Deutsche Versicherungsakademie,deutsche versicherungsakademie
Deutsche Windtechnik,deutsche windtechnik
Deutscher Alpenverein e.V.,deutscher alpenverein e v
Deutscher Chorverband,deutscher chorverband
Deutscher Landwirtschaftsverlag,deutscher landwirtschaftsverlag
Deutscher Skiverband,deutscher skiverband
Deutscher Skiverband e.V.,deutscher skiverband e v
Deutscher Turner-Bund,deutscher turner bund
Deutscher Wetterdienst,deutscher wetterdienst
Deutscher Ärzteverlag GmbH,deutscher ärzteverlag
Deutsches Diabetes-Zentrum,deutsches diabetes zentrum
Deutsches Krankenhausinstitut,deutsches krankenhausinstitut
Deutsches Patent- und Markenamt,deutsches patent und markenamt
Deutsches Patent- und Markenamt München,deutsches patent und markenamt münchen
"Deutsches Rotes Kreuz, KV Peine e.V.",deutsches rotes kreuz kv peine e v
Deutsches Taubblindenwerk,deutsches taubblindenwerk
Deutschlandradio,deutschlandradio
Deutschmann & Ehret,deutschmann ehret
Dev Specialists GmbH,dev specialists
DevelopX CodeRunner,developx coderunner
Device Insight GmbH,device insight
Devil,devil
Dhaval Bendale,dhaval bendale
DhochN,dhochn
DiCV Köln: Wir laufen gemeinsam!,dicv köln: wir laufen gemeinsam!
DiG+,dig+
DiaLogis,dialogis
Diabetes-Team Dortmund,diabetes team dortmund
Diabetologie Dachau,diabetologie dachau
Diagnosehelden,diagnosehelden
Diagramm Halbach,diagramm halbach
Diakoneo,diakoneo
Diakonie Düsseldorf Runners,diakonie düsseldorf runners
"Diakonie Erlangen Pflege gGmbH, Hospiz am Ohmplatz",diakonie erlangen pflege ggmbh hospiz am ohmplatz
Diakonie Nürnberg,diakonie nürnberg
Diakonie Runners,diakonie runners
Diakonie Saar,diakonie saar
Diakonie bewegt,diakonie bewegt
Diakoniewerk Martha-Maria,diakoniewerk martha maria
Diakonisches Werk,diakonisches werk
Diakonisches Werk an der Saar gGmbH,diakonisches werk an der saar ggmbh
Diakonisches-Werk.de,diakonisches werk de
Diakovere gGmbH,diakovere ggmbh
Dialego,dialego
Dialog-Mensch-Tier,dialog mensch tier
Dialyse am Ev. Stift Koblenz,dialyse am ev stift koblenz
Dialyse-Hannover.de,dialyse hannover de
Diana,diana
Diana Hauser,diana hauser
Diana Kühne,diana kühne
Diana Merkush,diana merkush
"Diana Stachowitz , MdL",diana stachowitz mdl
Diasorin Deutschland GmbH,diasorin
Die 3 lustigen 7,die 3 lustigen 7
Die 5 glorreichen 7,die 5 glorreichen 7
Die Activets,die activets
Die Alltagsbegleiter,die alltagsbegleiter
Die Ampelmännchen,die ampelmännchen
Die Anker,die anker
Die Auserwählten,die auserwählten
Die Ausgeschlafenen,die ausgeschlafenen
Die Autobahn,die autobahn
Die Autobahn GmbH,die autobahn
Die Autobahn GmbH des Bundes,die autobahn des bundes
Die Autobahn GmbH des Bundes - Niederlassung West - Außenstelle Neunkirchen,die autobahn des bundes niederlassung west außenstelle neunkirchen
Die B.Ä.U.M.E,die b ä u m e
Die Barbos,die barbos
Die Bloomies,die bloomies
Die Bringmeister,die bringmeister
Die Burgläufer,die burgläufer
Die CO-LO Runners,die co lo runners
Die Chillkröten,die chillkröten
Die Chipmonks,die chipmonks
Die Cleaner,die cleaner
Die Clinotellis,die clinotellis
Die ConSohlen,die consohlen
Die Cony´s,die cony´s
Die Creluxe,die creluxe
Die Crocodile Dundees,die crocodile dundees
Die Datenhasen,die datenhasen
Die Draum-Körber,die draum körber
Die Dreso's Berlin,die dreso's berlin
Die Durchstarter,die durchstarter
Die Egloffs,die egloffs
Die Eichhörnchen,die eichhörnchen
Die Envis,die envis
Die Extraterrestrischen,die extraterrestrischen
Die Fantastischen 11,die fantastischen 11
Die Fantastischen Fünf,die fantastischen fünf
Die Faultiere,die faultiere
Die Faulwürfe,die faulwürfe
Die Fitties,die fitties
Die Fliesenflitzer,die fliesenflitzer
Die Flitzer,die flitzer
Die Flotten von Clotten,die flotten von clotten
Die Fruchtagenten,die fruchtagenten
Die Funtastischen,die funtastischen
Die GO!LIATHS,die go!liaths
Die Gastgeber,die gastgeber
Die Gastgeber Personalsupport GmbH,die gastgeber personalsupport
Die Gastronauten,die gastronauten
Die Genossenschaftsflitzer,die genossenschaftsflitzer
Die Gleisgeher,die gleisgeher
Die Gleisgeher - Team West,die gleisgeher team west
Die Glorreichen,die glorreichen
Die Gutachter,die gutachter
Die Heilsarmee Sozialwerk Nürnberg gGmbH,die heilsarmee sozialwerk nürnberg ggmbh
Die Heissmangel Kirchhorst,die heissmangel kirchhorst
Die Henritzi's und Co GmbH,die henritzi's und co
Die Holzwürmer,die holzwürmer
Die Horzies,die horzies
Die Hölzis,die hölzis
Die Idanasen,die idanasen
Die Immoma´s,die immoma´s
Die KFO,die kfo
Die KINO Runners,die kino runners
Die KaLi-brierung läuft,die kali brierung läuft
Die Kanalhelden,die kanalhelden
Die Kegelrobben,die kegelrobben
Die Kellner,die kellner
Die Klimaschützer:innen,die klimaschützer:innen
Die Krieger des Lichts GmbH,die krieger des lichts
Die Köln Macher,die köln macher
Die Könige,die könige
Die Königskinder,die königskinder
Die Küppers,die küppers
Die Labormäuse,die labormäuse
Die Ladepausenläufer,die ladepausenläufer
Die Laufenden RettungsGötter,die laufenden rettungsgötter
Die Laufenden Umfragen,die laufenden umfragen
Die Leichtsinnigen,die leichtsinnigen
Die Letzten an der Bar,die letzten an der bar
Die Logistiker,die logistiker
Die Luftpumpen,die luftpumpen
Die Läufer,die läufer
Die Marienkäfer,die marienkäfer
Die Marktläufer,die marktläufer
Die Mauris,die mauris
Die Mitterfelder,die mitterfelder
Die Nervensägen,die nervensägen
Die Nucleaner,die nucleaner
Die OSCARs,die oscars
Die Patientenanwälte Mahr &Hannen,die patientenanwälte mahr hannen
Die Peg´ler,die peg´ler
Die Pflege-Athleten :-),die pflege athleten : )
Die Pflege-Raketen,die pflege raketen
Die Project Werbung GmbH,die project werbung
Die Radiologie,die radiologie
Die Rays,die rays
Die Rennschnecken,die rennschnecken
Die Rennsemmeln,die rennsemmeln
Die Rheinpiraten,die rheinpiraten
Die Rocker,die rocker
Die RonzTigers,die ronztigers
Die Roth-Runners,die roth runners
Die Running Gags,die running gags
Die SAHLBERG-Macher,die sahlberg macher
Die SEBler,die sebler
Die STAUDIs,die staudis
Die Schilderstürmer,die schilderstürmer
Die Schnellkriecher,die schnellkriecher
Die Schnittchen,die schnittchen
Die Schreiberläufer,die schreiberläufer
Die Schumis,die schumis
Die Schwerentflammbaren,die schwerentflammbaren
Die Schülerhilfe,die schülerhilfe
Die Seitenstecher,die seitenstecher
Die Selbstläufer,die selbstläufer
Die Selbstläufer-Unsponsored & lame,die selbstläufer unsponsored lame
Die Sensor-Runners,die sensor runners
Die Service-Software-Sprinter,die service software sprinter
Die Shooting Squirrels,die shooting squirrels
Die Shutter Speeds,die shutter speeds
Die Spa(ß)-Läufer,die spa(ß) läufer
Die Sparkasse Bremen AG,die sparkasse bremen
Die Sportskanonen,die sportskanonen
Die Sportskanülen der RegenLab GmbH,die sportskanülen der regenlab
Die Stahlharten,die stahlharten
Die Steuer Flitzer,die steuer flitzer
Die Steuer-Raketen,die steuer raketen
Die Stiere,die stiere
Die Stromschnellen,die stromschnellen
Die Techniker,die techniker
Die Titanen,die titanen
Die Tschappinnen,die tschappinnen
Die Unaufhaltsamen,die unaufhaltsamen
Die Unbesiegbaren,die unbesiegbaren
Die Unfassbaren,die unfassbaren
Die Unsterblichen,die unsterblichen
Die Unternehmensverbände Bremen,die unternehmensverbände bremen
Die VG-Turmfalken,die vg turmfalken
Die W. Bauers,die w bauers
Die Waldfeen,die waldfeen
Die Weichensteller,die weichensteller
Die Werkies,die werkies
Die Wind Multiplikatoren,die wind multiplikatoren
Die WolfGang,die wolfgang
Die Wäsche Finisher,die wäsche finisher
Die Wölfe,die wölfe
Die Zahnis,die zahnis
Die Zeidlers,die zeidlers
Die Zukunft ist elektrisch,die zukunft ist elektrisch
Die besten Pferde im Stall,die besten pferde im stall
Die blauen Raketen,die blauen raketen
Die digitalen Planer und Berater,die digitalen planer und berater
Die drei K's,die drei k's
Die eHexen,die ehexen
Die fantastischen 3,die fantastischen 3
Die fantastischen Vier,die fantastischen vier
Die fertigen,die fertigen
Die flinken Feudel,die flinken feudel
Die flotten Füße von SmartStep,die flotten füße von smartstep
Die flotten Igel,die flotten igel
Die flotten Sohlen,die flotten sohlen
Die glorreichen ZWEI,die glorreichen zwei
Die goldenen 20er,die goldenen 20er
Die grünen Dashboards,die grünen dashboards
Die keuchende Kavallerie,die keuchende kavallerie
Die kreativen Holzwürmer,die kreativen holzwürmer
Die lachenden Läufer,die lachenden läufer
Die laufende Baustelle,die laufende baustelle
Die laufenden Lachse,die laufenden lachse
Die laufenden Zinsen,die laufenden zinsen
Die normale Kartoffel,die normale kartoffel
Die orangenen Raketen,die orangenen raketen
Die rasenden Aktenvernichter,die rasenden aktenvernichter
Die schnellen Libellen,die schnellen libellen
Die schnellen SCHUFA Runners,die schnellen schufa runners
Die schnellen Schnittchen,die schnellen schnittchen
Die schnellen Zitronen,die schnellen zitronen
Die schnellste CRO von Köln,die schnellste cro von köln
Die wilde 13,die wilde 13
Die „kranken Pfleger“,die „kranken pfleger“
Die#Seitenstecher#Dalhoff,die#seitenstecher#dalhoff
DieProduktMacher,dieproduktmacher
DieProduktmacher GmbH,dieproduktmacher
Diederichs,diederichs
Diederichs Projektmanagement,diederichs projektmanagement
Diederichs Projektmanagement AG & Co. KG,diederichs projektmanagement co kg
Diedrich Sandersfeld GmbH & Co. KG,diedrich sandersfeld co kg
Diehl Defence,diehl defence
Diehl Defence GmbH,diehl defence
Diehl Stiftung & Co. KG,diehl stiftung co kg
Diete + Siepmann,diete + siepmann
Dietrich Untertrifaller Architekten GmbH,dietrich untertrifaller architekten
Digi-Key Electronics,digi key electronics
DigiKey Electronics,digikey electronics
DigiPara GmbH,digipara
DigiQon,digiqon
Digital Charging Solutions GmbH,digital charging solutions
Digital Frontrunners,digital frontrunners
Digital Result,digital result
Digital Runners,digital runners
Digital Turbine,digital turbine
Digital Workout GmbH,digital workout
Digital Workout Run,digital workout run
DigitalNativeAlliance,digitalnativealliance
Digitas Cologne,digitas cologne
Digitas Pixelpark,digitas pixelpark
Dilger run,dilger run
Diligent Boardbooks GmbH,diligent boardbooks
Dina Elektronik GmbH,dina elektronik
Diokles GmbH,diokles
Diorling,diorling
Dirk,dirk
Dirk Rossmann GmbH,dirk rossmann
Discourse,discourse
Distinguierte Schnecken,distinguierte schnecken
Dm Drogerie-Markt,dm drogerie markt
Dmitri,dmitri
Dmitrii Prisiazhniuk,dmitrii prisiazhniuk
DoRUNier,dorunier
Dobelke,dobelke
DocCheck,doccheck
DocCheck AG,doccheck
Doctari GmbH,doctari
Doctolib,doctolib
Doctolib GmbH,doctolib
DocuWare,docuware
Dodenhof,dodenhof
Doerner Team,doerner team
Dohrn & Timm - Die Ziellinienzischer,dohrn timm die ziellinienzischer
Doktor Cargo GmbH,doktor cargo
Dokuschmiede,dokuschmiede
Domenic,domenic
Domenik Skomro,domenik skomro
Domeyer,domeyer
Domicil Real Estate AG,domicil real estate
Domicil Real Estate Group,domicil real estate
Dominik Fischer,dominik fischer
Dominik Lange,dominik lange
Dominika,dominika
Dorfbums,dorfbums
Dorfrunners,dorfrunners
Dorint #Hotelhelden,dorint #hotelhelden
Dorint Hotel an der Messe Köln GmbH,dorint hotel an der messe köln
Dorint Kurfürstendamm,dorint kurfürstendamm
Doristas,doristas
Dornier Group,dornier
Dorstner Drahtwerke,dorstner drahtwerke
Dortmunder Eisenbahn,dortmunder eisenbahn
DoubleDigit Group,doubledigit
Dr Wieselhuber & Partner GmbH,dr wieselhuber partner
Dr. Ausbüttel & Co. GmbH,dr ausbüttel co
Dr. Bachem Rechtsanwälte,dr bachem rechtsanwälte
Dr. Beck & Partner GbR,dr beck partner gbr
Dr. Becker,dr becker
Dr. C. Soldan,dr c soldan
Dr. Editha Helm- Bachmann,dr editha helm bachmann
Dr. Ellwanger & Kramm,dr ellwanger kramm
Dr. Endress & Partner GbR,dr endress partner gbr
Dr. Erler Kliniken GmbH,dr erler kliniken
Dr. Falk Pharma GmbH,dr falk pharma
Dr. Folz Gleitlagertechnik GmbH,dr folz gleitlagertechnik
Dr. Gemmeke GmbH,dr gemmeke
Dr. Graband & Partner GmbH,dr graband partner
Dr. Güldener Gruppe,dr güldener gruppe
Dr. Hartard Physio-Vibbing,dr hartard physio vibbing
Dr. Hasan,dr hasan
Dr. Heimeier Executive Search GmbH,dr heimeier executive search
"Dr. Helmreich GmbH Rechtsanwaltsgesellschaft, Steuerberatungsgesellschaft",dr helmreich rechtsanwaltsgesellschaft steuerberatungsgesellschaft
Dr. Hönle AG,dr hönle
Dr. Ing. Folz Gleitlagertechnik GmbH,dr ing folz gleitlagertechnik
Dr. Kleeberg & Partner GmbH WPG StBG,dr kleeberg partner wpg stbg
Dr. Klein Bremen,dr klein bremen
Dr. Kübler GmbH,dr kübler
Dr. Lange,dr lange
Dr. Markus Spörl & Kollegen,dr markus spörl kollegen
Dr. Michel Kujawski,dr michel kujawski
Dr. Morath & Dr. Schöll,dr morath dr schöll
Dr. Pecher AG,dr pecher
Dr. Sasse Facility Management GmbH,dr sasse facility management
Dr. Schenk GmbH,dr schenk
"Dr. Schenk GmbH, Industriemesstechnik",dr schenk gmbh industriemesstechnik
Dr. Schippke + Partner,dr schippke + partner
Dr. Schmidt und Partner,dr schmidt und partner
Dr. Schmidt-Pich & Kollegen MVZ GmbH,dr schmidt pich kollegen mvz
Dr. Schmitt & Kollegen PartGmbB,dr schmitt kollegen partgmbb
Dr. Schönheit + Partner,dr schönheit + partner
Dr. Stallmeyer GmbH,dr stallmeyer
Dr. Starck & Co. GmbH,dr starck co
Dr. Theobald & Kollegen,dr theobald kollegen
Dr. Wieselhuber & Partner GmbH,dr wieselhuber partner
Dr. Wieselhuber & Partner Unternehmensberatung,dr wieselhuber partner unternehmensberatung
Dr. Willmar Schwabe GmbH & Co. KG,dr willmar schwabe co kg
Dr.-Ing. Fabian Meyer,dr ing fabian meyer
Dr.Güldener Gruppe,dr güldener gruppe
Draheim Ingenieure,draheim ingenieure
Drahtwaren Driller,drahtwaren driller
Dream Chip Runners,dream chip runners
Dreambirds,dreambirds
Dreamteam,dreamteam
Drees & Sommer,drees sommer
Drees & Sommer SE,drees sommer
Drei Damen auf Speed,drei damen auf speed
Drei Masken Verlag GmbH,drei masken verlag
Dreisam - Pflegebetriebe gGmbH,dreisam pflegebetriebe ggmbh
Dreisam - sozialmed. Pflegebetriebe,dreisam sozialmed pflegebetriebe
Dres. Baresel,dres baresel
Dreso,dreso
Dress & Sommer,dress sommer
Dreßler Bau : Niederlassung KA,dreßler bau : niederlassung ka
Dreßler Bau Niederlassung KA,dreßler bau niederlassung ka
Drift + Noise,drift + noise
Driven Solution GmbH,driven solution
Drogenhilfe Köln,drogenhilfe köln
Druckhaus Andreas Abraham GmbH & Co. KG,druckhaus andreas abraham co kg
Druckluft Könitzer GmbH & Co. KG,druckluft könitzer co kg
Dräger Renngas,dräger renngas
Dräger Safety AG & Co. KGaA,dräger safety co kgaa
Du läufst hinter - Willenbrock,du läufst hinter willenbrock
DuITNoW,duitnow
DuMont Buchverlag,dumont buchverlag
Duitnow,duitnow
Dumont + Partner GmbH,dumont + partner
Dunja,dunja
Dunkermotoren GmbH,dunkermotoren
Dunkermotoren GmbH / Ametek,dunkermotoren / ametek
Duran GmbH & Co. KG,duran co kg
Duran's,duran's
Duravit Runners,duravit runners
Durchstartergruppe,durchstartergruppe
Durst Deutschland GmbH,durst
Dussmann ZE/Inter,dussmann ze/inter
Dussmannschaft,dussmannschaft
DyeMannschaft,dyemannschaft
Dynamisches Duo,dynamisches duo
Dynamos,dynamos
Dyson GmbH,dyson
Dz Bank Runners,dz bank runners
DÄLKEN,dälken
DÜSING,düsing
Dähne Verlag GmbH,dähne verlag
Dälken Architektur + Generalplanung,dälken architektur + generalplanung
Dölle & Frank,dölle frank
Düchting Pumpen,düchting pumpen
Dücker conveyor systems GMbH,dücker conveyor systems
Dümpelmann & Kollegen,dümpelmann kollegen
Dümpelmann & Kollegen GmbH,dümpelmann kollegen
Dünnes Knäcke,dünnes knäcke
Dürr Assembly Products,dürr assembly products
Dürr Assembly Products GmbH,dürr assembly products
Düsseldorfer Arbeitgeberverbände,düsseldorfer arbeitgeberverbände
Düsseldorfer Doodle Club,düsseldorfer doodle club
Düsterwald - Schneider,düsterwald schneider
E&K Versicherungsmakler,e k versicherungsmakler
E&P Pensionsmanagement GmbH,e p pensionsmanagement
E&P Reisen,e p reisen
E&P Stadtplanung,e p stadtplanung
E&W,e w
E&Z,e z
E+B Stahlhandel GmbH & Co.KG,e+b stahlhandel co kg
E-Plan,e plan
E-Plan GmbH,e plan
E.,e
E.Breuninger GmbH & Co.,e breuninger co
E.Breuninger GmbH&Co.,e breuninger gmbh co
E.VITA,e vita
E/E Systemgestaltung,e/e systemgestaltung
E/E-Systemgestaltung,e/e systemgestaltung
E1 EMG,e1 emg
E113,e113
E2open AG,e2open
E2open GmbH,e2open
EA-SPORTS,ea sports
EAP Assist,eap assist
EASA,easa
EASports,easports
EBA - Ast. Hamburg/Schwerin,eba ast hamburg/schwerin
EBE sensors + motion,ebe sensors + motion
EBERO FAB,ebero fab
EBERO FAB Nord,ebero fab nord
EBERO FAB West,ebero fab west
EBF-EDV Beratung Föllmer GmbH,ebf edv beratung föllmer
EBI - Runners 4 Fun,ebi runners 4 fun
EBRC GmbH,ebrc
EBRC running mates,ebrc running mates
EBSCO,ebsco
EBV-Express,ebv express
EC Running,ec running
ECG,ecg
ECG - Hannover,ecg hannover
ECG und EDT Berlin,ecg und edt berlin
ECKERT Rechtsanwälte,eckert rechtsanwälte
ECKPFEILER,eckpfeiler
ECKPFEILER Immobilien Gruppe GmbH,eckpfeiler immobilien gruppe
ECKPFEILER Immobilien Nürnberg GmbH,eckpfeiler immobilien nürnberg
ECO STOR,eco stor
ECOMAL Europe GmbH,ecomal europe
ECOVIS Nürnberg,ecovis nürnberg
ECOVIS RTS StBG,ecovis rts stbg
ECOVIS RTS Steuerberatungsgesellscha,ecovis rts steuerberatungsgesellscha
ECOVIS Wirtschaftstreuhand GmbH Wirtschaftsprüfungsgesellschaft,ecovis wirtschaftstreuhand wirtschaftsprüfungsgesellschaft
ECS Region Süd,ecs region süd
ECS-Orange-Runners,ecs orange runners
ED-Haus,ed haus
EDAG,edag
EDAG Dortmund,edag dortmund
EDAG Engineering GmbH,edag engineering
EDAG Engineering GmbH Berlin,edag engineering berlin
EDD - digitale Planer und Berater,edd digitale planer und berater
EDEKA,edeka
EDEKA BARWIG,edeka barwig
EDEKA Foodservice Unternehmensgruppe,edeka foodservice unternehmensgruppe
EDEKA Fun,edeka fun
EDEKA Minden-Hannover x B2Run,edeka minden hannover x b2run
EDEKA Mittenwalde,edeka mittenwalde
EDEKA Wucherpfennig GmbH,edeka wucherpfennig
EDF Deutschland GmbH,edf
EDF Power Solutions,edf power solutions
EDF Renewables Deutschland,edf renewables
EDG Entsorgung Dortmund GmbH,edg entsorgung dortmund
EDZARD,edzard
EEBA Blitzschutz,eeba blitzschutz
EEF,eef
EEP Energieconsulting GMbH,eep energieconsulting
EEW Saarbrücken Gmbh,eew saarbrücken
EF / CCAP,ef / ccap
EF Education First,ef education first
EFEN GmbH,efen
EFESO,efeso
EFG,efg
EFG Schwemann & Heuser KG,efg schwemann heuser kg
EFG Specht,efg specht
EFK,efk
EGH-RUNNERS,egh runners
EGN Entsorgungsgesellschaft Niederrhein mbH,egn entsorgungsgesellschaft niederrhein mbh
EGU,egu
EGYM Wellpass,egym wellpass
EGYM Wellpass GmbH,egym wellpass
EH Freiburg,eh freiburg
EHG Hartmann,ehg hartmann
EHI,ehi
EHL AG,ehl
EHWA,ehwa
EINHUNDERT Energie,einhundert energie
EIS GC Cares,eis gc cares
EIZO GmbH,eizo
EJ Deutschland GmbH,ej
EJS,ejs
EK Runners Connection,ek runners connection
EKB Container Logistik,ekb container logistik
EKD Systems,ekd systems
EKG LEBACH/SCHMELZ,ekg lebach/schmelz
EKS Lebach,eks lebach
ELAFLEX,elaflex
ELEMENTS,elements
ELFIN Consulting,elfin consulting
ELFIN Group GmbH,elfin
ELFIN Technology GmbH,elfin technology
ELIN GmbH,elin
ELLA,ella
ELO Digital Office GmbH,elo digital office
ELOrunners,elorunners
ELTRO,eltro
EM Spedition,em spedition
EMERSON,emerson
EMIS,emis
EMM,emm
EMONS,emons
EMPOWERING by INDUS,empowering by indus
EMS Experts Managed Services GmbH,ems experts managed services
EMUGE-FRANKEN,emuge franken
EMUGE-Werk Richard Glimpel GmbH & Co. KG,emuge werk richard glimpel co kg
ENDA,enda
ENERGY Bremen,energy bremen
ENERGY4U,energy4u
ENERKO,enerko
ENERTRAG HAMBURG,enertrag hamburg
ENGIE Deutschland GmbH,engie
ENGIE Energy Access,engie energy access
ENGIE Köln,engie köln
ENGIE Laufteam,engie laufteam
ENITAS,enitas
ENOIXT,enoixt
ENOMETRIK GmbH,enometrik
ENTRAK,entrak
EOS,eos
EOS GmbH Electro Optical Systems,eos electro optical systems
EOS Group,eos
EOS.UPTRADE Running Team,eos uptrade running team
EP Electronic Print GmbH,ep electronic print
EP Energie Deutschland GmbH,ep energie
EP Running Team,ep running team
EPAM Systems,epam systems
EPG,epg
EPG - Ehrhardt Partner Group,epg ehrhardt partner
EPH Ingenieure,eph ingenieure
EPI Run,epi run
EPI-USE GmbH,epi use
EPIC - European Photonics Industry,epic european photonics industry
EPIE,epie
EPLAN,eplan
EPLAN GmbH & Co. KG,eplan co kg
EPO,epo
EPSON Europe Electronics GmbH,epson europe electronics
EQS,eqs
EQS Group AG,eqs
ERA Group München,era münchen
ERC - Team Köln,erc team köln
ERDINGER Active TEAM,erdinger active team
ERGO,ergo
ERGO Group AG,ergo
ERGO sports München,ergo sports münchen
ERHARDT BÜROWELT,erhardt bürowelt
ERHARDT GRUPPE,erhardt gruppe
ERIKS,eriks
ERNI,erni
ERNI (Deutschland) GmbH,erni (deutschland)
ERNST² Architekten AG,ernst² architekten
ERP Flow Runners,erp flow runners
ERS electronic GmbH,ers electronic
ES FOR IN,es for in
ESCAPE,escape
ESCHENBACH RUNNERS,eschenbach runners
ESG Elektroniksystem- &Logistik-GmbH,esg elektroniksystem logistik gmbh
ESG Elektroniksystem- und Logistik-GmbH,esg elektroniksystem und logistik gmbh
ESG Koblenz,esg koblenz
ESM Automatisierung,esm automatisierung
ETAGE 4,etage 4
ETAS,etas
ETB Electronic Team,etb electronic team
ETC Deutschland,etc
ETERNO,eterno
ETES GmbH,etes
ETL AG,etl
ETL Gruppe Berlin,etl gruppe berlin
ETL Hecken & Salz,etl hecken salz
"ETL Otto, Derr & Kollegen GmbH",etl otto derr kollegen
ETL Treuhand,etl treuhand
ETL concept GmbH,etl concept
ETL-Gruppe,etl gruppe
ETO SENSORIC GmbH,eto sensoric
EU:FH Campus Köln,eu:fh campus köln
EURAjobs,eurajobs
EURO-LOG AG,euro log
EUROBAUSTOFF,eurobaustoff
EUROKONGRESS,eurokongress
EUROLOG,eurolog
EUROPART,europart
EUTOP Administration GmbH,eutop administration
EVK Gelsenkirchen,evk gelsenkirchen
EVN,evn
EVOMOTIV,evomotiv
EVOMOTIV GmbH,evomotiv
EVS,evs
EW Nutrition,ew nutrition
EWS,ews
EWV Energie- und Wasser-Versorgung,ewv energie und wasser versorgung
EXAMION,examion
EXEC IT Solutions,exec it solutions
EY,ey
EY Hannover,ey hannover
"EY, wenn´s läuft, dann läufts´s!",ey wenn´s läuft dann läufts´s!
Eagle Eyes,eagle eyes
Easy Peasy,easy peasy
EasyApotheke Dillingen,easyapotheke dillingen
EasyApotheke Dillingen/Saar,easyapotheke dillingen/saar
EasyBird Runners,easybird runners
EasyPark Runners,easypark runners
Eat Sleep HRCB Repeat,eat sleep hrcb repeat
Eaton FHF,eaton fhf
Eaton Powering Business Worldwide,eaton powering business worldwide
Eaton Technologies GmbH,eaton technologies
Ebbelwoi-Express,ebbelwoi express
Ebert Berlin Fun-Runners,ebert berlin fun runners
Ecclesia,ecclesia
Ecclesia Credit,ecclesia credit
Ecclesia Gruppe,ecclesia gruppe
Ecclesia Versicherungsdienst GmbH,ecclesia versicherungsdienst
Ecclesia x SCHUNCK,ecclesia x schunck
Ecker + Ecker GmbH,ecker + ecker
Eckerle,eckerle
Eckert Schulen München,eckert schulen münchen
Eckerts Wacholder Brennerei GmbH,eckerts wacholder brennerei
EcoG GmbH,ecog
EcoRunner,ecorunner
Ecolab und Nalco Deutschland,ecolab und nalco
Ecovis Hannover,ecovis hannover
Ed. Züblin AG,ed züblin
Ed. Züblin AG Projekt 134 INVEST,ed züblin projekt 134 invest
Edeka-Runners,edeka runners
Edelman,edelman
Edenred Deutschland GmbH,edenred
Edgar Weibert,edgar weibert
Edler&Stiegler,edler stiegler
Edwards Lifesciences Services GmbH,edwards lifesciences services
Effizienzläufer,effizienzläufer
Egerter,egerter
Eggeling & Partner,eggeling partner
Eggers & Franke,eggers franke
Egon Zehnder,egon zehnder
Egon Zehnder Köln,egon zehnder köln
Egon läuft,egon läuft
Eheim GmbH & Co. KG,eheim co kg
Ehm & Eitel GmbH,ehm eitel
Ehrig,ehrig
Ei Electronics,ei electronics
Eich & Arman StB PartG mbB,eich arman stb partg mbb
Eichendorff-Express,eichendorff express
Eight Advisory,eight advisory
Eight Advisory Germany,eight advisory germany
Eileen.hnrv,eileen hnrv
Ein Formelist kommt selten allein,ein formelist kommt selten allein
Ein Team ein Ziel,ein team ein ziel
Einstein,einstein
Einstieg,einstieg
Eintracht on Fire,eintracht on fire
Einzelstarter,einzelstarter
Einzelstarter Mareike Hans,einzelstarter mareike hans
Einzelstarter Mateusz,einzelstarter mateusz
Einzelstarter Sascha Schwehm,einzelstarter sascha schwehm
Einzelstarterin,einzelstarterin
Eisbär-Apotheke,eisbär apotheke
Eisenbahn Bundesamt,eisenbahn bundesamt
Eisenbahn-Bundesamt,eisenbahn bundesamt
Eisenbahner-Baugenossenschaft-München-Hauptbahnhof eG,eisenbahner baugenossenschaft münchen hauptbahnhof eg
Eisenführ Speiser,eisenführ speiser
Eisenführ Speiser Patentanwälte Rechtsanwälte PartGmbB,eisenführ speiser patentanwälte rechtsanwälte partgmbb
Eiskalte Händchen,eiskalte händchen
Eismann,eismann
Ekstend,ekstend
Ela krawczyk,ela krawczyk
Electrolux Hausgeräte GmbH,electrolux hausgeräte
Elektro Bartruff,elektro bartruff
Elektro Bartruff GmbH,elektro bartruff
Elektro Günther,elektro günther
Elektro Hornetz GmbH,elektro hornetz
Elektro Künster,elektro künster
Elektro Marc Jung,elektro marc jung
Elektro Meyer,elektro meyer
Elektrobit Automotive,elektrobit automotive
Elektroblitz,elektroblitz
Elektrohaus Bernard Günter,elektrohaus bernard günter
Elektrotechnik Gaul,elektrotechnik gaul
Element,element
Elementis Runners,elementis runners
Elements,elements
Elena Erdmann,elena erdmann
Eli-Klinik,eli klinik
Elias,elias
Elis HH,elis hh
Elisabeth + Vinzenz,elisabeth + vinzenz
Elisabeth Wagner-Weig,elisabeth wagner weig
Elite Techniker,elite techniker
Elke,elke
Ellen Moran,ellen moran
Ellerhold Witten GmbH,ellerhold witten
Elli - VW Group Charging,elli vw charging
Elly & Stoffl,elly stoffl
Elmer Bottrop,elmer bottrop
Elmer Köln,elmer köln
Elsevier GmbH,elsevier
Elsholz Beratung GmbH,elsholz beratung
Eltec,eltec
Elvermann,elvermann
Elvermann GmbH,elvermann
Emerson Automation Solutions,emerson automation solutions
Emigholz,emigholz
Emil Kiessling GmbH,emil kiessling
Emmanuel Onyedikachi,emmanuel onyedikachi
Emmerich-Smola-Musikschule,emmerich smola musikschule
Emonianer,emonianer
Emons,emons
Emons Spedition GmbH,emons spedition
Emuge Franken,emuge franken
EnBeSaar Energieberatung,enbesaar energieberatung
Enbekon Rennsemmeln,enbekon rennsemmeln
Encavis,encavis
Encavis Asset Management AG,encavis asset management
Encore,encore
Encory,encory
Encory GmbH,encory
Enddarmpraxis,enddarmpraxis
Endogirls vom GKH,endogirls vom gkh
Endotoxin Service - Microcoat,endotoxin service microcoat
Endress+Hauser,endress+hauser
Endress+Hauser SICK GmbH+Co.KG,endress+hauser sick gmbh+co kg
Energie,energie
Energie aus Neukölln,energie aus neukölln
Energie-Pensions-Management GmbH,energie pensions management
Energieagentur Rheinland-Pfalz,energieagentur rheinland pfalz
Energiehelden,energiehelden
Energiekontor,energiekontor
Energiekontor Running Team,energiekontor running team
Energiequelle,energiequelle
Energy-Team,energy team
Enertrag Hamburg,enertrag hamburg
"Engel & Andreas Apotheke, Firma Bast",engel andreas apotheke firma bast
Engel & Völkers,engel völkers
Engel & Völkers - Region West,engel völkers region west
Engel & Völkers Commercial,engel völkers commercial
Engel & Völkers Nürnberg,engel völkers nürnberg
Engel & Zimmermann AG,engel zimmermann
Engel RENT + SERVICE GmbH,engel rent + service
Engel&Völkers,engel völkers
Engels Ingenieure GmbH,engels ingenieure
Engineering,engineering
Eni Deutschland,eni
Eni Deutschland GmbH,eni
Enno Roggemann GmbH & Co. KG,enno roggemann co kg
Enno Roggemann GmbH & Co.KG,enno roggemann co kg
Enovis,enovis
Enprom,enprom
Enreach Runners,enreach runners
Enscape a Part of Chaos,enscape a part of chaos
Entelios,entelios
Enterprise Communications & Services GmbH,enterprise communications services
Entrix,entrix
Entrix GmbH,entrix
Entsorgungsverband Saar,entsorgungsverband saar
Enua Pharma GmbH,enua pharma
Envi Con Engineering GmbH,envi con engineering
EnviroFALK,envirofalk
Epista,epista
Epoxy Runners,epoxy runners
Epson Deutschland GmbH,epson
Epson Europe Electronics GmbH,epson europe electronics
Eraneos,eraneos
Eraneos Germany GmbH,eraneos germany
Erben-Ermittlung Emrich,erben ermittlung emrich
Erdbaulaboratorium Saar,erdbaulaboratorium saar
Erdinger,erdinger
Erdinger Active Team,erdinger active team
Erdinger Alkoholfrei,erdinger alkoholfrei
Ergo,ergo
Ergotherapie Dillingen & Rissenthal,ergotherapie dillingen rissenthal
Ergotherapie Kaul & Purper,ergotherapie kaul purper
Ergotherapie Praxis Anna Skala,ergotherapie praxis anna skala
Ergotherapie Wolf-Gang Scheid,ergotherapie wolf gang scheid
Ergotopia,ergotopia
Eric Zerb,eric zerb
Erich Rottmann Technik GmbH,erich rottmann technik
Ericsson GmbH,ericsson
Erik,erik
Erika,erika
ErikaPetraHelga,erikapetrahelga
Eriks,eriks
Erismann Tapeten,erismann tapeten
Erlanger Treuhand GmbH,erlanger treuhand
Erlanger Treuhand GmbH Wirtschaftsprüfungsgesellschaft,erlanger treuhand wirtschaftsprüfungsgesellschaft
Erlenbach GmbH,erlenbach
Ernst & Young,ernst young
Ernst & Young GmbH,ernst young
Ernst & Young GmbH Wirtschaftsprüfungsgesellschaft,ernst young wirtschaftsprüfungsgesellschaft
Ernst & Young Kölle,ernst young kölle
Ernst Braun Mineralöle GmbH,ernst braun mineralöle
Ernst Klett Verlag,ernst klett verlag
Ernst² Architekten Nürnberg,ernst² architekten nürnberg
Erpeka,erpeka
Ersatzteam,ersatzteam
Erzbistum Berlin,erzbistum berlin
Erzdiözese München und Freising,erzdiözese münchen und freising
Es Wasser läuft,es wasser läuft
Es eskaliert eh wieder!,es eskaliert eh wieder!
Esri Deutschland GmbH,esri
EssenceMediacom Germany GmbH,essencemediacom germany
EssenceMediacom Hamburg,essencemediacom hamburg
Essendi - Places that thrive,essendi places that thrive
Essential by Dorint Hotel,essential by dorint hotel
Essity,essity
Essity GmbH,essity
Estate Sprinters,estate sprinters
Esterline - LRE Medical GmbH,esterline lre medical
Esteve Pharmaceuticals GmbH,esteve pharmaceuticals
Esteve Runners & Friends,esteve runners friends
Estrel Berlin,estrel berlin
Estrela da Via,estrela da via
Et hätt noch emmer joot jejange,et hätt noch emmer joot jejange
Etengo AG,etengo
Ethns,ethns
Ethris GmbH,ethris
Etkon GmbH,etkon
Etkon GmbH Sonja Greher,etkon sonja greher
Etteplan Germany GmbH,etteplan germany
EuWe das Team,euwe das team
Eufomex,eufomex
Eugen,eugen
EurAnners,euranners
Eurest Deutschland GmbH,eurest
Euro Training,euro training
Eurofins Umwelt,eurofins umwelt
Eurofit,eurofit
Euromobil GmbH,euromobil
Euromobil Gmbh,euromobil
Euronet,euronet
Europäische Bewegung Deutschland,europäische bewegung
Europäische Fachhochschule,europäische fachhochschule
Europäisches Feuerfest-Zentrum,europäisches feuerfest zentrum
Euroquarz GmbH,euroquarz
Eurovia Bau,eurovia bau
Eurowind Energy,eurowind energy
Eurowings,eurowings
Eurowings Aviation GmbH,eurowings aviation
Eurowings Digital,eurowings digital
Ev. Kinder und Jugendhaus,ev kinder und jugendhaus
Ev. Kirche - DW Freiburg,ev kirche dw freiburg
Ev. Kirche - Diakonisches W Freiburg,ev kirche diakonisches w freiburg
Ev. Kitaverband Mitte-West,ev kitaverband mitte west
Eva Breitsprecher,eva breitsprecher
Evang. Kitas Köndringen,evang kitas köndringen
Evang. Luth. Landeskirchenamt München,evang luth landeskirchenamt münchen
Evang.-Luth. Kirchengemeindeamt München,evang luth kirchengemeindeamt münchen
Evangelisch in Nürnberg,evangelisch in nürnberg
Evangelisches Krankenhaus Dierdorf,evangelisches krankenhaus dierdorf
Evelina,evelina
Evenord-Bank eG-KG,evenord bank eg kg
Event Hotels,event hotels
Eventpower GmbH,eventpower
Eventteam,eventteam
Evergy Engineering,evergy engineering
Evergy Engineering GmbH,evergy engineering
Evernine GmbH,evernine
Evernine Group Running Team,evernine running team
Eversheds Sutherland,eversheds sutherland
Eversheds Sutherland (Services) GmbH,eversheds sutherland (services)
Eversheds Sutherland Düsseldorf,eversheds sutherland düsseldorf
Eviden,eviden
Evidia Team Franken,evidia team franken
Evolute,evolute
EvolutionNOW,evolutionnow
Evosoft,evosoft
Evum Runners,evum runners
Evum-Motors GmbH,evum motors
Examion,examion
Excella,excella
Excella GmbH & Co. KG,excella co kg
Excellent Network GmbH & Co. KG,excellent network co kg
Exclusive - Med. Fitnesstraining,exclusive med fitnesstraining
Exclusive med. Fitness Enkenbach,exclusive med fitness enkenbach
Exclusive- Med. Fitnesstraining,exclusive med fitnesstraining
Exeltis,exeltis
Exeltis Germany GmbH,exeltis germany
Exner Process Equipment GmbH,exner process equipment
Exotec CE,exotec ce
Exotec Deutschland GmbH,exotec
Expanite GmbH,expanite
Expedia Group,expedia
Expedia.com GmbH,expedia com
ExperTeach. Du lernst. IT läuft!,experteach du lernst it läuft!
Expert Communication Systems GmbH,expert communication systems
Experteer GmbH,experteer
Experts in Motion,experts in motion
Expleo,expleo
Expleo Technology Germany GmbH,expleo technology germany
Export GmBH,export
Exyte,exyte
Exyte Central Europe GmbH,exyte central europe
Exyte Management GmbH,exyte management
EyeOn Planning,eyeon planning
Eyecatcher Cologne,eyecatcher cologne
F&M,f m
F&M Retail,f m retail
F&P Team,f p team
F. X. MEILLER Fahrzeug- und Maschinenfabrik - GmbH & Co KG,f x meiller fahrzeug und maschinenfabrik co kg
F. X. MEILLER GmbH & Co KG,f x meiller co kg
F.L.Michaelis GmbH,f l michaelis
F.W. Neukirch,f w neukirch
F.X. Rauch,f x rauch
F.X. Rauch GmbH & Co. KG,f x rauch co kg
FA Hilden,fa hilden
FA Verden (Aller),fa verden (aller)
FABER KL,faber kl
FACKELMANN GmbH + Co. KG,fackelmann + co kg
FAI Aviation Group,fai aviation
FALC Immobilien Dortmund,falc immobilien dortmund
FALKE,falke
FALKianer,falkianer
FANS VON NELIO,fans von nelio
FAS - Freude Am Sport,fas freude am sport
FAST LTA,fast lta
FAST LTA GmbH,fast lta
FAU Erlangen-Nürnberg,fau erlangen nürnberg
FAUN ENGINIUS,faun enginius
FAZ Aachen,faz aachen
FBA,fba
FBD Rakete,fbd rakete
FC Gelsenkirchen-Schalke 04 e.V.,fc gelsenkirchen schalke 04 e v
FC Postbank,fc postbank
FC Postbank München e. V.,fc postbank münchen e v
FC Schalke 04 e.V,fc schalke 04 e v
FC Schöler,fc schöler
FC gelsenkirchen-Schalke 04 e.V.,fc gelsenkirchen schalke 04 e v
FC-Gruppe,fc gruppe
FC-Planung Freiburg,fc planung freiburg
FCF,fcf
FCF Fox Corporate Finance GmbH,fcf fox corporate finance
FCK NZS,fck nzs
FCS,fcs
FDH,fdh
FEBB,febb
FEGA & Schmitt,fega schmitt
FEGA & Schmitt Elektrogroßhandel GmbH,fega schmitt elektrogroßhandel
FEGIME Deutschland GmbH & Co. KG,fegime co kg
FEIERDEIWEL,feierdeiwel
FERCHAU Automotive GmbH,ferchau automotive
FERCHAU Automotive GmbH München,ferchau automotive münchen
FERCHAU GmbH,ferchau
FERCHAU RENNT,ferchau rennt
FERCHAUNextLevelRunners,ferchaunextlevelrunners
FERRARI Nadine,ferrari nadine
FERTAN,fertan
FES Frankfurter Entsorgungs- und Service GmbH,fes frankfurter entsorgungs und service
FETTWEIS Rechtsanwälte,fettweis rechtsanwälte
FEV Consulting,fev consulting
FEV Consulting GmbH,fev consulting
FEV EVA GmbH,fev eva
FEV FeelEVolution,fev feelevolution
FEV Vehicle,fev vehicle
FEV etamax GmbH,fev etamax
FEV.io GmbH,fev io
FF AG läuft,ff läuft
FF Werderau,ff werderau
FFT Group,fft
FFW Mengen,ffw mengen
FGH,fgh
FGK,fgk
FGK Clinical Research GmbH,fgk clinical research
FGS Global,fgs global
FH-Dortmund - Team 42,fh dortmund team 42
FIDAIX²,fidaix²
FIDALGO TAPAS,fidalgo tapas
FIDES Treuhand GmbH & Co. KG,fides treuhand co kg
FIDES-Runners,fides runners
FIEGE,fiege
FIFTY2,fifty2
FINCKE-Hygiene,fincke hygiene
FIPA GmbH,fipa
FIS Operations,fis operations
FIS Runners,fis runners
FISCHER Bike,fischer bike
FISCHER TEAMPLAN,fischer teamplan
FISHLABS,fishlabs
FIT STAR Holding GmbH & Co. KG,fit star co kg
FIXemer wie schnell,fixemer wie schnell
FIZ Karlsruhe,fiz karlsruhe
FJORD,fjord
FL Technics,fl technics
FLEET HAMBURG,fleet hamburg
FLEXiCODE,flexicode
FLOYT Mobility GmbH,floyt mobility
FLUKE Deutschland GmbH,fluke
FMAC,fmac
FMI,fmi
FMOS on fire,fmos on fire
FMS - Nürnberg,fms nürnberg
FNZ Bank SE,fnz bank
FOCONIS AG,foconis
FOHRER&PANNO,fohrer panno
FOKUS Sprachen & Seminare GmbH,fokus sprachen seminare
FOL,fol
FOM Hochschule,fom hochschule
FOM Hochschule - Team Hamburg,fom hochschule team hamburg
FOM Hochschule Dortmund,fom hochschule dortmund
FOM Hochschule Hamburg,fom hochschule hamburg
FOM Hochschule München,fom hochschule münchen
FOM Hochschule für Oekonomie & Management gemeinnützige GmbH,fom hochschule für oekonomie management gemeinnützige
FOM Köln,fom köln
FOM München,fom münchen
FORVIA,forvia
FPS,fps
FPS Fritze Wicke Seelig,fps fritze wicke seelig
FPS München,fps münchen
FPS Partnerschaft von Rechtsanwälten mbB,fps partnerschaft von rechtsanwälten mbb
"FRACHT AG , Nürnberg",fracht nürnberg
FRACHT GROUP,fracht
FRACHT GROUP DÜSSELDORF,fracht düsseldorf
FRAKO,frako
FRANKUS,frankus
FREICON GmbH & Co. KG,freicon co kg
FREICON Gruppe,freicon gruppe
FRESCO,fresco
FREY Rechtsanwälte,frey rechtsanwälte
FREY Rechtsanwälte Partnerschaft mbB,frey rechtsanwälte partnerschaft mbb
FREYLER,freyler
FREYLER Menschen bauen für Menschen,freyler menschen bauen für menschen
FRIEDR. ISCHEBECK GmbH,friedr ischebeck
FRIZ,friz
FRMT GmbH,frmt
FRÖBEL Bildung und Erziehung gGmbH,fröbel bildung und erziehung ggmbh
FSC Deutschland,fsc
FSK16,fsk16
FSM & fragFINN,fsm fragfinn
FSM AG,fsm
FSS CONSULTING GMBH,fss consulting
FTAPI,ftapi
FTAPI Software GmbH,ftapi software
FTI Touristik GmbH,fti touristik
FTSP-Steuerläufer,ftsp steuerläufer
FUEL & more Consult,fuel more consult
FUJIFILM Europe GmbH,fujifilm europe
FUJITSU,fujitsu
FUJITSU Technology Solutions GmbH,fujitsu technology solutions
FUN 25,fun 25
FUNK Gruppe GmbH,funk gruppe
FUNKE,funke
FUNKE Medien Berlin GmbH,funke medien berlin
FUNKE Runners,funke runners
FUNKE WORKS,funke works
FUNKE Works GmbH,funke works
FUNKE Zeitschriften / FUNKE Medien,funke zeitschriften / funke medien
FUTRUE,futrue
FV Münchweiler,fv münchweiler
FVA Baden-Württemberg,fva baden württemberg
FW-FERNWÄRME-TECHNIK GmbH,fw fernwärme technik
FWN Runners,fwn runners
FWT Aachen,fwt aachen
FWT München,fwt münchen
FZI Forschungszentrum Informatik,fzi forschungszentrum informatik
Fa. MarTechSaar UG,fa martechsaar ug
Fa. Schmid GmbH,fa schmid
Fabasoft Xpublishers,fabasoft xpublishers
Faber-Castell AG,faber castell
Fabian,fabian
Fabio Tallarico,fabio tallarico
Fachhochschule Dortmund,fachhochschule dortmund
Fachpraxis am Frauenplatz,fachpraxis am frauenplatz
Fachverband GFF,fachverband gff
Fackelmann GmbH + Co. KG,fackelmann + co kg
Factum,factum
Fadi Rifai,fadi rifai
Fagus GreCon Greten GmbH&Co KG,fagus grecon greten gmbh co kg
Fahrschule die 3 GmbH,fahrschule die 3
Fahrzeughaus Konrad,fahrzeughaus konrad
FairCap,faircap
Fairlaufen,fairlaufen
Fairplay Towage Group,fairplay towage
Faktor Zehn GmbH,faktor zehn
Falk&Ross Group Europe GmbH,falk ross europe
Falkenbande,falkenbande
Faller Packaging,faller packaging
Fallert & Schmidt GmbH & Co. KG - Bauunternehmung,fallert schmidt co kg bauunternehmung
Fallot Versicherungsmakler GmbH,fallot versicherungsmakler
Familie Heinrich,familie heinrich
Familie Prange,familie prange
Familie Rosa,familie rosa
Familienhilfe Maria im Tann,familienhilfe maria im tann
Familienkasse Direktion,familienkasse direktion
Farb-Flitzer,farb flitzer
Fast & Faster,fast faster
Fast & PHOENIX,fast phoenix
Fast & Photonius,fast photonius
Fast Forward Future,fast forward future
Fast and ImFused,fast and imfused
Fast but not so furious,fast but not so furious
Faster Harder FRIES,faster harder fries
Faster than the law,faster than the law
Fastfields,fastfields
Fatemeh,fatemeh
Fatih Özcakir,fatih özcakir
Faurecia Autositze GmbH,faurecia autositze
Feco,feco
Federal Mogul Nürnberg GmbH,federal mogul nürnberg
Fedrigoni Deutschland GmbH,fedrigoni
FeedRun,feedrun
Feedfighters,feedfighters
Feigen Graf Rechtsanwälte,feigen graf rechtsanwälte
Felix,felix
Felix Böttcher,felix böttcher
Felix Böttcher GmbH,felix böttcher
Felix Böttcher GmbH & Co. KG,felix böttcher co kg
Felix Wirth,felix wirth
Felix+Jonas Architekten,felix+jonas architekten
Fellows Munich,fellows munich
Felsner,felsner
Felss Flash,felss flash
Fenne Baugesellschaft mbH,fenne baugesellschaft mbh
Fenster Gerhard Welsch,fenster gerhard welsch
Fensterflitzer,fensterflitzer
Ferchau Automotive GmbH,ferchau automotive
Ferdis Schiffscrew,ferdis schiffscrew
Fernsehwerft Runnerz,fernsehwerft runnerz
Ferrostaal Air Technology - DIAG TGA,ferrostaal air technology diag tga
Feser-Graf Gruppe,feser graf gruppe
Festo SE & Co. KG,festo co kg
Festo Vertrieb GmbH & Co. KG,festo vertrieb co kg
Fette Compacting Running,fette compacting running
Feuerläufer,feuerläufer
Feuersozietät Berlin Brandenburg,feuersozietät berlin brandenburg
Feuersozität Berlin Brandenburg,feuersozität berlin brandenburg
Feuerwache Moabit,feuerwache moabit
Fiagonis,fiagonis
Fiber Flash,fiber flash
FiberBridge Photonics,fiberbridge photonics
Fiberhome,fiberhome
Fichtner,fichtner
Fichtner Water & Transportation,fichtner water transportation
Fichtner Water & Transportation GmbH,fichtner water transportation
Fidelity Information Services GmbH,fidelity information services
Fiebig Power,fiebig power
Fiege Customs Services,fiege customs services
Fiege Logistik Stiftung & Co. KG,fiege logistik stiftung co kg
Fieldfisher,fieldfisher
Fieldfisher Runners,fieldfisher runners
Fiery,fiery
Fightclub,fightclub
Figuya GmbH,figuya
Filser-Buam,filser buam
Filserbuam e.V.,filserbuam e v
FinanceAthlete,financeathlete
Financial Software Architects GmbH,financial software architects
Finanz Informatik,finanz informatik
Finanzaemter Aachen,finanzaemter aachen
Finanzamt Brühl,finanzamt brühl
Finanzamt Freiburg-Stadt Runners,finanzamt freiburg stadt runners
Finanzamt Gelsenkirchen,finanzamt gelsenkirchen
Finanzamt Hilden,finanzamt hilden
Finanzamt KL,finanzamt kl
Finanzamt Kaiserslautern,finanzamt kaiserslautern
Finanzamt Köln-Altstadt,finanzamt köln altstadt
Finanzamt Köln-Süd,finanzamt köln süd
Finanzamt Köln-West,finanzamt köln west
Finanzchef24,finanzchef24
Finanzchef24 GmbH,finanzchef24
Finanzflitzer,finanzflitzer
Finanzverwaltung NRW,finanzverwaltung nrw
Finanzverwaltung RLP,finanzverwaltung rlp
Finanzverwaltung Rheinland-Pfalz,finanzverwaltung rheinland pfalz
Finaplus,finaplus
Finbridge,finbridge
Finbridge GmbH & Co. KG,finbridge co kg
Fincite GmbH,fincite
Finck Billen Ingenieurgesellschaft,finck billen ingenieurgesellschaft
Fine Art Europe GmbH,fine art europe
Finetech,finetech
Finian,finian
Finish Line,finish line
FinishLine Run & More,finishline run more
Finmas,finmas
Finnegan Inventive Steps,finnegan inventive steps
Finzelberg GmbH & Co. KG,finzelberg co kg
Fiona,fiona
Fipa GmbH,fipa
Fire Protection Solutions,fire protection solutions
Firmengruppe Dr. Hanns Maier,firmengruppe dr hanns maier
Firmengruppe Harsch,firmengruppe harsch
Firmengruppe Hauptstein,firmengruppe hauptstein
Firmenverbund HORN,firmenverbund horn
First Climate,first climate
First Climate AG,first climate
First Sensor AG,first sensor
Fisalis AG,fisalis
Fischbach Gruppe,fischbach gruppe
Fischer Optik,fischer optik
Fischers Man Friend,fischers man friend
Fisher Investments GmbH,fisher investments
Fit For[ce] Fun,fit for[ce] fun
Fit It,fit it
Fit Reisen Group,fit reisen
Fit im Körper. Clean im Code.,fit im körper clean im code
FitX,fitx
FitX Verwaltung GmbH,fitx verwaltung
Fitness First Kaiserslautern,fitness first kaiserslautern
Fitness Gym freiburg,fitness gym freiburg
Five Star Global Logistics,five star global logistics
Flachbäcker,flachbäcker
Flaconi,flaconi
Flaconi GmbH,flaconi
Flagbit,flagbit
Flash,flash
Flashpoint,flashpoint
Flatpay,flatpay
Fleetis,fleetis
Fleischhauer Unternehmensgruppe,fleischhauer unternehmensgruppe
Fleischmann Mietwäsche GmbH,fleischmann mietwäsche
Fleurop,fleurop
Flexflow,flexflow
FlexiTel,flexitel
Flexoplast,flexoplast
Flexx Fitness GmbH,flexx fitness
Flick Gocke Schaumburg,flick gocke schaumburg
Fliegende Federn,fliegende federn
Fliesenfachgeschäft Hupperich,fliesenfachgeschäft hupperich
Flinke Fische,flinke fische
Flinke Früchtchen,flinke früchtchen
Flinke Füchtchen,flinke füchtchen
Flitzefüße,flitzefüße
Flitzpeople,flitzpeople
Flix SE,flix
Florence the machines,florence the machines
Florian,florian
Florian Klauk,florian klauk
Florian Lemke,florian lemke
Flotte Bienen,flotte bienen
Flotter Schuh,flotter schuh
Flour-Power,flour power
FlowRunners,flowrunners
Flowserve Dortmund,flowserve dortmund
Fluence Energy GmbH,fluence energy
Flughafen Hannover-Langenhagen,flughafen hannover langenhagen
Flughafen Köln/Bonn GmbH,flughafen köln/bonn
Flughafen Stuttgart GmbH,flughafen stuttgart
Flying Hirsch,flying hirsch
Flying Photons,flying photons
Focke-Museum,focke museum
Foconis Analytics,foconis analytics
Foconis Runner,foconis runner
Foconis for Finance,foconis for finance
"Focus, Speed and Team Spirit",focus speed and team spirit
Focuslight Team 2025,focuslight team 2025
Forbo Siegling GmbH,forbo siegling
Forensik Merzig,forensik merzig
Forever Friends,forever friends
Forever Living Products,forever living products
Forever Living Products Germany GmbH,forever living products germany
Forever young 2024,forever young 2024
Forklift Flitzer,forklift flitzer
Form-Solutions GmbH,form solutions
Form.In,form in
Formrausch GmbH,formrausch
Formtechnik,formtechnik
Formycon AG,formycon
Forschungsinstitut Betriebliche Bildung gGmbH,forschungsinstitut betriebliche bildung ggmbh
Forschungsinstitut für Wärmeschutz,forschungsinstitut für wärmeschutz
Forschungsinstitut für Wärmeschutz e.V. München,forschungsinstitut für wärmeschutz e v münchen
FortiRunners,fortirunners
Fortinet Runners,fortinet runners
Fortuna,fortuna
Forvis Mazars,forvis mazars
Forvis Mazars GmbH & Co. KG,forvis mazars co kg
Forvis Mazars Nürnberg,forvis mazars nürnberg
Forwardis,forwardis
Forza Tecta,forza tecta
Fotografiska x BHG,fotografiska x bhg
Foullong,foullong
Foundation Medicine GmbH,foundation medicine
FoxInsights,foxinsights
Fr. Fassmer GmbH & Co. KG,fr fassmer co kg
Fr. Meyer's Sohn,fr meyer's sohn
Fracht FWO AG - Kelsterbach,fracht fwo kelsterbach
Framatome,framatome
Framatome GmbH,framatome
Frank,frank
Frank Bescherer,frank bescherer
Frank Dunsbach,frank dunsbach
Frank Maier,frank maier
Frank läuft Wright,frank läuft wright
Franke Ingenieure für Brandschutz,franke ingenieure für brandschutz
Franken Gut,franken gut
Frankenrabbits,frankenrabbits
Frankfurt School,frankfurt school
Franz Morat Group,franz morat
Franze,franze
Franziska,franziska
Franziska Bially,franziska bially
Franziskanerbrüder v. Hl. Kreuz e.V.,franziskanerbrüder v hl kreuz e v
FraudAverse GmbH,fraudaverse
Frauen Laufen Schwaig,frauen laufen schwaig
Fraunhofer AISEC,fraunhofer aisec
Fraunhofer AISEC Berlin,fraunhofer aisec berlin
Fraunhofer CML,fraunhofer cml
Fraunhofer EMI,fraunhofer emi
Fraunhofer IAF,fraunhofer iaf
Fraunhofer IAO CeRRI,fraunhofer iao cerri
Fraunhofer IESE,fraunhofer iese
Fraunhofer IIS,fraunhofer iis
Fraunhofer IKS,fraunhofer iks
Fraunhofer IML,fraunhofer iml
Fraunhofer ITMP-IIP,fraunhofer itmp iip
Fraunhofer ITWM,fraunhofer itwm
Fraunhofer IWES,fraunhofer iwes
Fraunhofer-Institut für Integrierte Schaltungen IIS,fraunhofer institut für integrierte schaltungen iis
Freddy Mellmann,freddy mellmann
Frederik Ruppert,frederik ruppert
Freelancer 4 ever,freelancer 4 ever
FreerunninG,freerunning
Frehe + Watzl Therapie,frehe + watzl therapie
Freiberger Lebensmittel GmbH,freiberger lebensmittel
Freiburger Freelancer,freiburger freelancer
Freiburger Stadtbau Verbund,freiburger stadtbau verbund
Freie Hansestadt Bremen,freie hansestadt bremen
Frequentis Orthogon GmbH,frequentis orthogon
Freshfields,freshfields
Freshfields Bruckhaus Deringer,freshfields bruckhaus deringer
Freshfields Bruckhaus Deringer PartG,freshfields bruckhaus deringer partg
Freshfields Bruckhaus Deringer PartG mbB,freshfields bruckhaus deringer partg mbb
Freshfields on the Run,freshfields on the run
Freudenberg,freudenberg
Freudenberg Fuel Cell e-Power Systems GmbH,freudenberg fuel cell e power systems
Freudenberg Medical Europe GmbH,freudenberg medical europe
Freunde des Amtsgerichts Düsseldorf,freunde des amtsgerichts düsseldorf
Freundlieb Bauunternehmung,freundlieb bauunternehmung
Frieden,frieden
Friedenauer Gemeinschaftsschule,friedenauer gemeinschaftsschule
Friedhelm Göron,friedhelm göron
Friedrich Feldmann,friedrich feldmann
Friedrich Feldmann GmbH,friedrich feldmann
Friedrich Feldmann GmbH & Co. KG,friedrich feldmann co kg
Friedrich Graf von Westphalen,friedrich graf von westphalen
Friedrich Hofmann Betriebsgesellschaft mbH,friedrich hofmann betriebsgesellschaft mbh
Friedrich Lütze GmbH,friedrich lütze
Friedrich-Alexander-Universität Erlangen-Nürnberg,friedrich alexander universität erlangen nürnberg
Friedrich-Husemann-Klinik,friedrich husemann klinik
Friendsurance,friendsurance
Friendventure,friendventure
FrieslandCampina Germany GmbH,frieslandcampina germany
Friess Technik,friess technik
"Friess Technik, Friess GmbH",friess technik friess
Frimatec Automotive GmbH,frimatec automotive
Frimatec Running Team,frimatec running team
Frimatec Running Team 2023,frimatec running team 2023
Frischlinge,frischlinge
Friseur Iris Zumbach,friseur iris zumbach
Friseur SENSES,friseur senses
Friseursalon Vogue,friseursalon vogue
FristabLAUF!,fristablauf!
Fritsch GmbH,fritsch
Frittenwerk,frittenwerk
Fritz-Walter-Schule,fritz walter schule
Fritzi2Run,fritzi2run
Frohne Gruppe,frohne gruppe
Fruchthansa,fruchthansa
Fruchthansa GmbH,fruchthansa
Fröbel Bildung und Erziehung gGmbH,fröbel bildung und erziehung ggmbh
Frühauf Genuss läuft...,frühauf genuss läuft
Fuchs,fuchs
Fuchs Lubricants Germany,fuchs lubricants germany
Fuhrmann,fuhrmann
Fujikura Team CSC Stuttgart,fujikura team csc stuttgart
Fujitsu,fujitsu
Fujitsu & Friends,fujitsu friends
Fun,fun
Fun2RunSolo,fun2runsolo
FunIT,funit
FunRun,funrun
FunRunners Volksbank Freiburg eG,funrunners volksbank freiburg eg
Fundamenta Group Deutschland AG,fundamenta
Fundamental Läufer,fundamental läufer
Funk Gruppe GmbH,funk gruppe
Funkhaus Nürnberg Studiobetriebs-Gmb,funkhaus nürnberg studiobetriebs gmb
Funkhaus Nürnberg Studiobetriebs-GmbH,funkhaus nürnberg studiobetriebs gmbh
Futrue GmbH,futrue
Future Electronics,future electronics
Future Electronics Deutschland GmbH,future electronics
Futuremaker,futuremaker
FÄHRHAUS Koblenz x Café Laibgenuss,fährhaus koblenz x café laibgenuss
FÜR SIE Handelsgenossenschaft eG,für sie handelsgenossenschaft eg
Förderverein Kinder- und Jugendhospiz Regenbogenland e.V.,förderverein kinder und jugendhospiz regenbogenland e v
Für Gute Unterhaltung,für gute unterhaltung
Für Natur,für natur
Fürst und Partner GmbH,fürst und partner
G-Unit,g unit
G. Stehnke Bauunternehmung,g stehnke bauunternehmung
G.D,g d
G3-Service GmbH,g3 service
GA-tec Gebäude- und Anlagentechnik G,ga tec gebäude und anlagentechnik g
GA-tec Köln,ga tec köln
GAFFEL LAUFFREUNDE,gaffel lauffreunde
GAFFEL LAUFFREUNDIN,gaffel lauffreundin
GAFFEL LEUFFREUND,gaffel leuffreund
GAG Immobilien AG,gag immobilien
GANT Dach GmbH,gant dach
GAP,gap
GARANT Immobilien,garant immobilien
GARBE,garbe
GATX - Railcar Leasing - Made Easier,gatx railcar leasing made easier
GAUFF Engineering,gauff engineering
GAUFF GmbH & Co. Engineering KG,gauff co engineering kg
GAULY,gauly
GAULY Advisors,gauly advisors
GB-Fit,gb fit
GBA Pharma LABS,gba pharma labs
GBH,gbh
GBI,gbi
GBI Holding AG,gbi
GBI-Genios Deutsche Wirtschaftsdaten,gbi genios deutsche wirtschaftsdaten
GBI-Genios Deutsche Wirtschaftsdatenbank GmbH,gbi genios deutsche wirtschaftsdatenbank
GBS Arbeitsschutz GmbH,gbs arbeitsschutz
GBT Deutschland,gbt
GBT Deutschland GmbH,gbt
GCH Runners,gch runners
GCP-Service is running,gcp service is running
GD,gd
GD Xperience GmbH,gd xperience
GDE,gde
GE HealthCare,ge healthcare
GE MA laufen!,ge ma laufen!
GE Medical System IT GmbH,ge medical system it
GEBIT,gebit
GEBR. WAASNER ELEKTROTECHNISCHE FABRIK GmbH,gebr waasner elektrotechnische fabrik
GEBRÜDER PETERS,gebrüder peters
GEBRÜDER PETERS Gebäudetechnik AG,gebrüder peters gebäudetechnik
GECHEM,gechem
GEERS,geers
GEFA Processtechnik GmbH,gefa processtechnik
GELSENDIENSTE,gelsendienste
GELSENWASSER AG,gelsenwasser
GEM,gem
GEM Graber Elektro Montage GmbH,gem graber elektro montage
GEMA,gema
GEMA Gebäudemanagement GmbH & Co. KG,gema gebäudemanagement co kg
GEMBA-Walk,gemba walk
GEMEINSAM SIND WIR WEITER,gemeinsam sind wir weiter
GEMEINSAM WIR SIND WEITER,gemeinsam wir sind weiter
GEO-NET,geo net
GERL.,gerl
GERL. Dental,gerl dental
GERRIETS,gerriets
GERRIETS-wir mache jedes Theater mit,gerriets wir mache jedes theater mit
GES eG,ges eg
GETEC : GRUPPE,getec : gruppe
GETEC ENERGIE GmbH,getec energie
GEWOFAG Holding GmbH,gewofag
GEmeinsam Laufen,gemeinsam laufen
GFA - Dat löppt!,gfa dat löppt!
GFA Top Run 25,gfa top run 25
GFAD Gruppe,gfad gruppe
GFK Ingenieure,gfk ingenieure
GGS Hauptstraße,ggs hauptstraße
GGSD-Runners,ggsd runners
GGSNK,ggsnk
"GHC Gerling, Holz & Co. Handels GmbH",ghc gerling holz co handels
GHG,ghg
GIEAG Immobilien AG,gieag immobilien
GIGATEC,gigatec
GIM-me Power,gim me power
GJL+ Freie Architekten,gjl+ freie architekten
GJW NOS,gjw nos
GK Software SE,gk software
GK Speedsters,gk speedsters
GKBP Köln,gkbp köln
GKK,gkk
GKK PARTNERS PartG mbB,gkk partners partg mbb
GKM,gkm
GLADE MICHEL WIRTZ,glade michel wirtz
GLADTOBE,gladtobe
GLAMAtronic Schweiß-u-Anlagentechnik,glamatronic schweiß u anlagentechnik
GLITZERFLITZER,glitzerflitzer
GLNS Rechtsanwälte Steuerberater Partnerschaft mbB,glns rechtsanwälte steuerberater partnerschaft mbb
GLOBAL Gruppe,global gruppe
GLOBALG.A.P.,globalg a p
GLOBUS,globus
GLP - German Light Products,glp german light products
GMN Paul Müller,gmn paul müller
GMN Paul Müller Industrie GmbH & Co. KG,gmn paul müller industrie co kg
GMP,gmp
GMP Makowka & Partner,gmp makowka partner
GMV,gmv
GMV Innovating Solutions S.L.,gmv innovating solutions s l
GNA Architekten,gna architekten
GNUSE-IB für Krankenhaustechnik,gnuse ib für krankenhaustechnik
GNW Team Berlin,gnw team berlin
GO IN GmbH,go in
GO! Express & Logistics GmbH,go! express logistics
GO! Express & Logistics Hamburg AG,go! express logistics hamburg
GOF Runners,gof runners
GOFORE Fast & Furious,gofore fast furious
GOLDBECK,goldbeck
GOLDBECK Bochum und Duisburg,goldbeck bochum und duisburg
GOLDBECK Nord GmbH,goldbeck nord
GOLDBECK Nordost GmbH,goldbeck nordost
GOLDBECK Süd,goldbeck süd
GOLDBECK Team Karlsruhe,goldbeck team karlsruhe
GOLDBECK West,goldbeck west
GOLDBECK West GmbH NL Dortmund,goldbeck west nl dortmund
GOODWILLRUN,goodwillrun
GORE,gore
GOURMET : Franken Catering,gourmet : franken catering
"GP Dres Allgeier, Schmitz und Trippe",gp dres allgeier schmitz und trippe
GP JOULE,gp joule
GP Papenburg Baugesellschaft mbH,gp papenburg baugesellschaft mbh
GPB Allstars,gpb allstars
GPB+BBQ,gpb+bbq
GPI,gpi
GPInfra,gpinfra
GPP,gpp
GQS,gqs
GQS Runs with great people!,gqs runs with great people!
GQS runs with great People,gqs runs with great people
GRABAND,graband
GRAF (t)raining Group,graf (t)raining
GRBV Berlin,grbv berlin
GRBV Ingenieure im Bauwesen,grbv ingenieure im bauwesen
GREA GmbH,grea
GREENBOX,greenbox
GREENCARRIER,greencarrier
GREENFORCE,greenforce
GREENFORCE FUTURE FOOD AG,greenforce future food
GREIFFlaufprobleme,greifflaufprobleme
GREY,grey
GRM - Gelbe Renn Mäuse,grm gelbe renn mäuse
GROOMEREI Tierfriseur Weilerbach,groomerei tierfriseur weilerbach
GROUP SEVEN networks,seven networks
GRS,grs
GRUB BRUGGER,grub brugger
GRUMA Nutzfahrzeuge GmbH,gruma nutzfahrzeuge
GRUNDIG Business Systems,grundig business systems
GRUNWALD GmbH & Co.KG,grunwald co kg
GRÜNschaffen,grünschaffen
GS Berg am Laim,gs berg am laim
GS Berlin,gs berlin
GS Vallendar,gs vallendar
GSG Waldkirch,gsg waldkirch
GSK Sprinter,gsk sprinter
GSK Stockmann,gsk stockmann
GSKH Patent-und Rechtsanwälte,gskh patent und rechtsanwälte
GSM,gsm
GSP - Great Sport Partner,gsp great sport partner
GSP Architekten,gsp architekten
GSR Strahlentherapie Hannover,gsr strahlentherapie hannover
GST,gst
GSZ,gsz
GTAI Runners,gtai runners
GTK,gtk
GTK & Partner mbB,gtk partner mbb
GTS All Stars,gts all stars
GTS Systems and Consulting GmbH,gts systems and consulting
GTU,gtu
GTU Gruppe - www.gtu-gruppe.de,gtu gruppe www gtu gruppe de
GTU Ingenieurgesellschaft mbH,gtu ingenieurgesellschaft mbh
GTU Mobility,gtu mobility
GTU Mobility - Gemeinsam Stark,gtu mobility gemeinsam stark
GU BKS SERVICE GmbH,gu bks service
GUBSE AG,gubse
GULP,gulp
GULP Information Services GmbH,gulp information services
GUS Group,gus
GUTJAHRARCHITEKT,gutjahrarchitekt
GVG,gvg
GVLadiators,gvladiators
GVV Denzlingen,gvv denzlingen
"GVV Denzlingen, Vörstette u. Reute",gvv denzlingen vörstette u reute
"GVV Denzlingen, Vörstetten u. Reute",gvv denzlingen vörstetten u reute
GVV Direkt Rhein Runners,gvv direkt rhein runners
GVWE Runners,gvwe runners
GWE,gwe
GWG München,gwg münchen
GWP Saarland,gwp saarland
GWQ ServicePlus AG,gwq serviceplus
GWU network,gwu network
GXO,gxo
GZO,gzo
GabiLara,gabilara
Gabriella Semrau,gabriella semrau
Gaertner Klinik,gaertner klinik
Gaffel Becker & Co oHG,gaffel becker co ohg
Gaffel Becker & Co. oHG,gaffel becker co ohg
Gaffel Lauffreunde,gaffel lauffreunde
Gaffga-Buhl - Immer weiter!,gaffga buhl immer weiter!
Gaffga-Buhl gUG,gaffga buhl gug
Galahad,galahad
Galeria Karlsruhe,galeria karlsruhe
Galopprennstall Werning,galopprennstall werning
Game Squad 2025,game squad 2025
GameDuell,gameduell
Gameforge AG,gameforge
Gamma Placetel GmbH,gamma placetel
Gammi,gammi
Ganteführer Runners,ganteführer runners
Garbe & Flügge,garbe flügge
Gartenbau Seyfferth,gartenbau seyfferth
Gartencenter Augsburg GmbH & Co. KG,gartencenter augsburg co kg
Gartenstadt Karlsruhe,gartenstadt karlsruhe
Gartenstadt Karlsruhe eG,gartenstadt karlsruhe eg
Gartenstadt Neuenhagen,gartenstadt neuenhagen
Gartner Magic Squad Run,gartner magic squad run
Garzer Erdjuwelen,garzer erdjuwelen
Gasper,gasper
Gast- & Tafernwirtschaft zum Haderecker GmbH,gast tafernwirtschaft zum haderecker
Gastroenterologie Bogenhausen,gastroenterologie bogenhausen
Gasunie,gasunie
Gates GmbH,gates
Gatter 3,gatter 3
GeLaMed,gelamed
Gebr. Heinemann SE & Co. KG,gebr heinemann co kg
Gebr. Heymann GmbH,gebr heymann
Gebr. Meier GmbH,gebr meier
Gebrüder MEISER GmbH,gebrüder meiser
Gebrüder Peters München GmbH,gebrüder peters münchen
Gebäudereinigung Ledda,gebäudereinigung ledda
Gegen Vergessen - Für Demokratie,gegen vergessen für demokratie
GehBD,gehbd
Gehe Pharma Handel,gehe pharma handel
Gehen ist mein Hobby,gehen ist mein hobby
GehirnJogging,gehirnjogging
Gehrke Econ,gehrke econ
Geiger,geiger
Geiger Gruppe,geiger gruppe
Geipel & Kollmannsberger,geipel kollmannsberger
Geisel Privathotels,geisel privathotels
Gelbe Engel,gelbe engel
Geldmacher + Schöning Ingenieure,geldmacher + schöning ingenieure
Gelenkklinik 2023,gelenkklinik 2023
Gelenkklinik 2024,gelenkklinik 2024
Gelsenkirchener Entwicklungsgesellsc,gelsenkirchener entwicklungsgesellsc
Gelsensport,gelsensport
Geländer-design.de,geländer design de
GemS Theley,gems theley
Gematik,gematik
Gemeinde Auggen,gemeinde auggen
Gemeinde Beckingen,gemeinde beckingen
Gemeinde Durmersheim,gemeinde durmersheim
Gemeinde Ehrenkirchen,gemeinde ehrenkirchen
Gemeinde Eisenbach (Hochschwarzwald),gemeinde eisenbach (hochschwarzwald)
Gemeinde Ensdorf,gemeinde ensdorf
Gemeinde Gundelfingen,gemeinde gundelfingen
Gemeinde Hohenkammer,gemeinde hohenkammer
Gemeinde Isernhagen,gemeinde isernhagen
Gemeinde Kirkel,gemeinde kirkel
Gemeinde Königsbach-Stein,gemeinde königsbach stein
Gemeinde Losheim,gemeinde losheim
Gemeinde Losheim am See,gemeinde losheim am see
Gemeinde Mettlach,gemeinde mettlach
Gemeinde Nalbach,gemeinde nalbach
Gemeinde Neuried,gemeinde neuried
Gemeinde Nohfelden,gemeinde nohfelden
Gemeinde Nörvenich,gemeinde nörvenich
Gemeinde Perl,gemeinde perl
Gemeinde Pullach,gemeinde pullach
Gemeinde Pullach i. Isartal,gemeinde pullach i isartal
Gemeinde Putzbrunn,gemeinde putzbrunn
Gemeinde Rehlingen-Siersburg,gemeinde rehlingen siersburg
Gemeinde Schmelz,gemeinde schmelz
Gemeinde Schmelz Heidebad,gemeinde schmelz heidebad
Gemeinde Schwalbach,gemeinde schwalbach
Gemeinde Stuhr,gemeinde stuhr
Gemeinde Teningen,gemeinde teningen
Gemeinde Tholey,gemeinde tholey
Gemeinde Umkirch,gemeinde umkirch
Gemeinde Überherrn,gemeinde überherrn
GemeindeStrom Wadgassen GmbH,gemeindestrom wadgassen
Gemeinsam gewinnen.,gemeinsam gewinnen
Gemeinsame Prüfungseinrichtungen BW,gemeinsame prüfungseinrichtungen bw
Gemeinschaftsklinikum Mittelrhein,gemeinschaftsklinikum mittelrhein
Gemeinschaftspraxis Adolph & Mißler,gemeinschaftspraxis adolph mißler
Gemeinschaftspraxis Apollonia,gemeinschaftspraxis apollonia
Gemeinschaftspraxis Bellmann und Godel,gemeinschaftspraxis bellmann und godel
Gemeinschaftswerk,gemeinschaftswerk
Gemüsekiste Hartmann & Rönicke OHG,gemüsekiste hartmann rönicke ohg
Gen Re,gen re
Gene Joggers,gene joggers
General Dynamics,general dynamics
General Dynamics Kaiserslautern,general dynamics kaiserslautern
General Logistics Systems Germany GmbH & Co. OHG,general logistics systems germany co ohg
Generali,generali
Generali Deutschland AG,generali
Generali Lions,generali lions
Generali Stuttgart Runners,generali stuttgart runners
GeneraliLions,generalilions
Generalstaatsanwaltschaft Koblenz,generalstaatsanwaltschaft koblenz
Genius Group,genius
Genius United GmbH,genius united
Genoverband,genoverband
Genoverband e. V.,genoverband e v
Genoveva & Friends,genoveva friends
Genpact Deutschland,genpact
Genpact Deutschland GmbH,genpact
Gensler,gensler
Gensler Berlin,gensler berlin
Gentele & Kollegen Runners,gentele kollegen runners
Gentele & Kollegen Versicherungsmakler,gentele kollegen versicherungsmakler
Gentner Lauf-Team,gentner lauf team
Genua,genua
Geo Group,geo
GeoExperts,geoexperts
Geometry Global GmbH,geometry global
Georg,georg
Georg Roth Stiftung & Co. Lebensmittelfilialbetrieb KG,georg roth stiftung co lebensmittelfilialbetrieb kg
Georgi & Henning,georgi henning
Geovision,geovision
Geovision GmbH & Co. KG,geovision co kg
Gerber Architekten GmbH,gerber architekten
Gerber Bau,gerber bau
Gerd Reingen GmbH & Co. KG,gerd reingen co kg
Gerhard,gerhard
Gerhard Steuerberater Partnerschaft,gerhard steuerberater partnerschaft
Gerhard Welsch Fenster und Türen,gerhard welsch fenster und türen
Gerhardt Braun Running Team,gerhardt braun running team
German Entrepreneurship GmbH,german entrepreneurship
German Rail Engineering,german rail engineering
German Rail Engineering GmbH,german rail engineering
Germerott,germerott
Germán Amado,germán amado
Gerst : Hils,gerst : hils
Gesamtkirchengemeinde Karlsruhe,gesamtkirchengemeinde karlsruhe
Gesamtschule Berger Feld,gesamtschule berger feld
Gesamtschule Bergerfeld,gesamtschule bergerfeld
Gesamtschule Wanne-Eickel,gesamtschule wanne eickel
Geschwister de Haye'sche Stiftung,geschwister de haye'sche stiftung
Geschwisterteam,geschwisterteam
Gestra AG,gestra
Gesund im Verbund,gesund im verbund
Gesundarium GmbH,gesundarium
Gesundheitspraxis Köln Nippes,gesundheitspraxis köln nippes
Gesundheitssprinter,gesundheitssprinter
Gesundheitswelt Siershahn,gesundheitswelt siershahn
Gesundheitszentrum Merdingen,gesundheitszentrum merdingen
Gesundheitszentrum Wolfstein,gesundheitszentrum wolfstein
GetYourGuide Deutschland GmbH,getyourguide
GetYourGuide Team,getyourguide team
Getinge,getinge
Getinge - Pulsion Medical Systems SE,getinge pulsion medical systems
Getriebebau NORD GmbH & Co. KG,getriebebau nord co kg
Getränke-Koch GmbH,getränke koch
GewitterStopper,gewitterstopper
Gewobag,gewobag
GfE Gesellschaft für Elektrometallurgie mbH,gfe gesellschaft für elektrometallurgie mbh
GfE Running Team,gfe running team
GfK,gfk
GfL-äuft,gfl äuft
Giacomo,giacomo
Gianni,gianni
Giant Store Saarbrücken,giant store saarbrücken
Gib Gummi,gib gummi
Gib Gummi!!!!,gib gummi!!!!
Gienger Logistik KG,gienger logistik kg
Giesecke+Devrient sportclub e.V.,giesecke+devrient sportclub e v
Giesinger Reha-Sport,giesinger reha sport
Giessler Team,giessler team
Gigahertz Optik GmbH,gigahertz optik
Gigahertz-Optik,gigahertz optik
Gigi,gigi
Gilde Brauerei,gilde brauerei
Gimv's Puls Pusher,gimv's puls pusher
Gina Baethke,gina baethke
Girls Power,girls power
Girls for Girls,girls for girls
Girsberger,girsberger
Gissel Zalavarría,gissel zalavarría
Glamox GmbH,glamox
Glas Leuchtle,glas leuchtle
Glas-Centrum Rhein-Mosel,glas centrum rhein mosel
Glaser,glaser
Glaserei Budack,glaserei budack
Glasfaserläufer,glasfaserläufer
Glasshoppers,glasshoppers
Glatt,glatt
Glauerdt,glauerdt
GlaxoSmithKline GmbH & Co. KG,glaxosmithkline co kg
GlazedDonut,glazeddonut
Gleeds Deutschland GmbH,gleeds
Gleiss Lutz,gleiss lutz
Gleistein GmbH,gleistein
Global Assekuranz,global assekuranz
Global Logistics Support GmbH,global logistics support
GlobeRunner,globerunner
Globetrotter,globetrotter
Globetrotter Hannover,globetrotter hannover
Globus,globus
Globus Baumarkt,globus baumarkt
Globus Baumarkt Kusel,globus baumarkt kusel
Globus Handelshof St. Wendel GmbH,globus handelshof st wendel
Globus Markthallen Holding GmbH & Co. KG,globus markthallen co kg
Globus Markthalllen,globus markthalllen
Globus St. Wendel,globus st wendel
Glock Liphart Probst,glock liphart probst
Glock Liphart Probst & Partner Rechtsanwälte mbB,glock liphart probst partner rechtsanwälte mbb
GloreSoft GmbH,gloresoft
GloreTalent - Fachkräfte aus Indien,gloretalent fachkräfte aus indien
Gloria Kulla,gloria kulla
Gloria Palast GmbH & Co. KG,gloria palast co kg
Glubb,glubb
Glycothera Development GmbH,glycothera development
Glöckle direct GmbH,glöckle direct
GlüclAuf04,glüclauf04
Go Holman!,go holman!
Go Westpfalz!,go westpfalz!
Go for Goldi,go for goldi
GoRun,gorun
Going Beyond,going beyond
Goldbeck,goldbeck
Goldbeck Süd GmbH,goldbeck süd
Goldbeck Südwest GmbH,goldbeck südwest
Goldbeck West GmbH,goldbeck west
Goldbeck-LÄUFT,goldbeck läuft
Goldebeck,goldebeck
Golden Girls,golden girls
Goldene Hände,goldene hände
Golding Capital Partners,golding capital partners
Golding Capital Partners GmbH,golding capital partners
Golf House - Leidenschaft verbindet,golf house leidenschaft verbindet
Good Footprints,good footprints
GoodMills Deutschland,goodmills
GoodMills Innovation & Deutschland,goodmills innovation
GoodMills Innovation GmbH,goodmills innovation
Goodlife Physio,goodlife physio
Goodman Masson,goodman masson
Goodman Masson GmbH,goodman masson
Goofy Runners,goofy runners
Google Running Club,google running club
Gorris Steuerberatung,gorris steuerberatung
Goserver GmbH,goserver
Goss,goss
Gossen Metrawatt GmbH,gossen metrawatt
Gothaer,gothaer
Gothaer Regionaldirektion Düsseldorf,gothaer regionaldirektion düsseldorf
"Gottschalk, Becker & Partner",gottschalk becker partner
Gottschall& Sohn KG and friends,gottschall sohn kg and friends
Governikus,governikus
Graf Hardenberg GmbH,graf hardenberg
Graffe Beeker,graffe beeker
Grand Digital,grand digital
Grand Digital - Daniel Erke GmbH & Co. KG,grand digital daniel erke co kg
Grant Thornton,grant thornton
Granzer Regulatory Consulting,granzer regulatory consulting
Granzer Regulatory Consulting & Services,granzer regulatory consulting services
Gras - Team,gras team
Grashüpfer,grashüpfer
GrasslBande,grasslbande
Great Jobillians,great jobillians
Great Place to Work - we move,great place to work we move
Green Hygiene,green hygiene
Green Runners,green runners
Green Team IBG,green team ibg
Greenfiber,greenfiber
Greenovative,greenovative
Greenovative GmbH,greenovative
Gregor Czodrowski,gregor czodrowski
Greif,greif
Greif Mietwäsche,greif mietwäsche
Grenzlauf GmbH & Co KG,grenzlauf co kg
Greven & TWT,greven twt
Griesemann Engineering GmbH & Co. KG,griesemann engineering co kg
Griesemann Gruppe,griesemann gruppe
Griesemann SDT,griesemann sdt
Griesemannschaft Schwedt,griesemannschaft schwedt
Grimm und Arnold,grimm und arnold
Grimm's GmbH,grimm's
Grollmus München GmbH,grollmus münchen
Grollmus Running-Team,grollmus running team
Grothe IT-Service,grothe it service
Group Atos,atos
Group-IPS - Team Germany,group ips team germany
GroupM Germany,groupm germany
Großküchen König GmbH,großküchen könig
Gruber Holding,gruber
Grumber Box,grumber box
Grundfos Dosing & Disinfection GmbH,grundfos dosing disinfection
Grundfos Water Treatment,grundfos water treatment
Grundschule Berg am Laim,grundschule berg am laim
Grundschule Garching Ost,grundschule garching ost
Grundschule Gisingen,grundschule gisingen
Grundschule Professor Ecker,grundschule professor ecker
Grundschule Villigst,grundschule villigst
Grundschule am Karpfenteich,grundschule am karpfenteich
Grundschule “Am Windrad”,grundschule “am windrad”
Gruneberg Rechtsanwälte,gruneberg rechtsanwälte
Gruner,gruner
Gruner und der Plan geht laufend auf,gruner und der plan geht laufend auf
Gruppe GME,gruppe gme
Grötz Gruppe,grötz gruppe
Grün Mechanik GmbH,grün mechanik
Grüne Apotheke,grüne apotheke
Grünecker Patent- und Rechtsanwälte,grünecker patent und rechtsanwälte
Grüner Baum,grüner baum
Grüner Fisher Investments,grüner fisher investments
Grüner Fisher Investments GmbH,grüner fisher investments
Grützenbach GmbH,grützenbach
GuD Geotechnik und Dynamik Consult,gud geotechnik und dynamik consult
GuD Geotechnik und Dynamik Consult GmbH,gud geotechnik und dynamik consult
Guardsquare GmbH,guardsquare
Guardsquare Munich,guardsquare munich
Gudrun,gudrun
Gudrun Sjödén,gudrun sjödén
Guestline GmbH,guestline
Guidant,guidant
Guided Runners,guided runners
Gumeta,gumeta
Gundlach,gundlach
Gustav Schiele Import-Export,gustav schiele import export
Gut. Besser. Team Vanessa,gut besser team vanessa
Gut8ler,gut8ler
Gute Seele Saar,gute seele saar
Gutenberg Rechenzentrum GmbH & Co. KG,gutenberg rechenzentrum co kg
Gutschein eingelöst,gutschein eingelöst
GvW Graf von Westphalen,gvw graf von westphalen
GvZ Ahlhorn,gvz ahlhorn
Gymfinity International,gymfinity international
Gymnasium auf der Karthause,gymnasium auf der karthause
GÖHpeople,göhpeople
GÖRG,görg
GÖRG Rechtsanwälte,görg rechtsanwälte
Gänseblümchen,gänseblümchen
GöGyKo,gögyko
Göhmann Rechtsanwälte Notare,göhmann rechtsanwälte notare
Göker Acar,göker acar
Görler und Partner,görler und partner
Güntner GmbH & Co. KG,güntner co kg
H&K,h k
"H&M , Hennes & Mauritz B.V.&Co.KG",h m hennes mauritz b v co kg
H&P Berlin,h p berlin
H&P Energiesysteme GmbH,h p energiesysteme
H&R Gruppe,h r gruppe
H&R Pacemaker,h r pacemaker
H&S Strategy Consultants,h s strategy consultants
H&Z Laufrausch,h z laufrausch
H&Z Managementberatung AG,h z managementberatung
H+Highspeed,h+highspeed
H+K Düsseldorf,h+k düsseldorf
H. D. Lenzen GmbH & Co. KG,h d lenzen co kg
H. Hugendubel GmbH & Co. KG,h hugendubel co kg
H.-H. Focke,h h focke
H.C. Schmidt GmbH & Co. KG,h c schmidt co kg
H2FLY Crew,h2fly crew
H2Go - Meerjungfrauen auf Abwegen,h2go meerjungfrauen auf abwegen
H2M Architekten,h2m architekten
H2M Architekten + Ingenieure GmbH,h2m architekten + ingenieure
HA Group,ha
HAHN Automation,hahn automation
HAHOHE,hahohe
HAL Privatbank AG,hal privatbank
HAL Privatbank AG NL Düsseldorf,hal privatbank nl düsseldorf
HALLESCHE Krankenversicherung a.G.,hallesche krankenversicherung a g
HAMMerstarkes Team,hammerstarkes team
HANDKE läuft-Technik in Bewegung,handke läuft technik in bewegung
HANKO Kraftfahrzeughandel GmbH,hanko kraftfahrzeughandel
HANMA,hanma
HANS GROSS,hans gross
HANS IM GLÜCK,hans im glück
HANS IM GLÜCK Franchise GmbH,hans im glück franchise
HANSA Gruppe,hansa gruppe
HANSA Revision GmbH,hansa revision
HANSA-FLEX AG,hansa flex
HAPEKO Berlin,hapeko berlin
HAPPY ACCOUNTING Shar,happy accounting shar
HARIBO,haribo
HAT.tec,hat tec
HATHO,hatho
HAUBNER GROUP,haubner
HAUSGOLD : talocasa GmbH,hausgold : talocasa
HAVAS life,havas life
HAWE Hydraulik SE,hawe hydraulik
HAYS,hays
HAYS AG,hays
HAYS Bremen,hays bremen
HAZ Schwabing/Maxvorstadt,haz schwabing/maxvorstadt
HAZEMAG Group,hazemag
HB-HB-Immobilien,hb hb immobilien
HBG Firestarters,hbg firestarters
HBM,hbm
HCA Team,hca team
HCM Runners,hcm runners
HCP GRAUWILD,hcp grauwild
HCRunners,hcrunners
HDI Global SE,hdi global
HDP GmbH,hdp
HDW,hdw
HE System Electronic GmbH,he system electronic
HECHT Contactlinsen GmbH,hecht contactlinsen
HEINLOTH Highspeed Heroes,heinloth highspeed heroes
HELDENKORN,heldenkorn
HELLABRUNN - Der Münchner Tierpark,hellabrunn der münchner tierpark
HELLMA,hellma
HELLMA Gastronomie-Service GmbH,hellma gastronomie service
HELLWEG Die Profi-Baumärkte,hellweg die profi baumärkte
HEMMERSBACH,hemmersbach
HEMs Angels,hems angels
HENN,henn
HENNIG INGENIEURE GMBH,hennig ingenieure
HENNIG Ingenieure GmbH,hennig ingenieure
HENSOLDT,hensoldt
HENSOLDT AG,hensoldt
HENSOLDT Sensors GmbH,hensoldt sensors
HERMES Systeme GmbH,hermes systeme
HERMETIC-Pumpen GmbH,hermetic pumpen
HERO Software,hero software
HERTHA BSC,hertha bsc
HERTHA BSC GmbH & Co. KGaA,hertha bsc co kgaa
HERTIN,hertin
HEUBECK,heubeck
HEUBECK AG,heubeck
HEUCHEMER Verpackung,heuchemer verpackung
HEUFT THERMO-OEL GMBH & CO. KG,heuft thermo oel co kg
HEUKING LÄUFT!,heuking läuft!
HEUSSEN,heussen
HEUSSEN Rechtsanwaltsgesellschaft mbH,heussen rechtsanwaltsgesellschaft mbh
HEY HO K2O,hey ho k2o
HFC,hfc
HG,hg
HGK AG Integrated Logistics Group,hgk integrated logistics
HHLA,hhla
HHU,hhu
HI Runner,hi runner
HICO TEAM,hico team
HIL GmbH St. Wendel,hil st wendel
HIL Stützpunkt Koblenz,hil stützpunkt koblenz
HILTI VG12,hilti vg12
HIMMELREITHER,himmelreither
HINTE Group,hinte
HISTORIA GmbH,historia
HISTORIA.net,historia net
HJL Baumanagement,hjl baumanagement
HK Werkzeug- und Vorrichtungsbau GmbH,hk werkzeug und vorrichtungsbau
HK2 RunAnwälte,hk2 runanwälte
HKA - IWI,hka iwi
HKB GmbH,hkb
HKCF,hkcf
HKLW,hklw
HLB HUSSMANN,hlb hussmann
HLFGP,hlfgp
HLK - 175th anniversary run,hlk 175th anniversary run
HMLU Roadrunners,hmlu roadrunners
HMNC Brain Health,hmnc brain health
HMS,hms
HNO Praxis Dr. Göpel,hno praxis dr göpel
HNO-Klinik Bogenhausen,hno klinik bogenhausen
HOBUM Runners,hobum runners
HOC Köln,hoc köln
HOLY APEROLI,holy aperoli
HOLZHAUER KG,holzhauer kg
HONEY SQUAD,honey squad
HONORIS Treuhand,honoris treuhand
HONORIS Treuhand GmbH,honoris treuhand
HORBACH Wirtschaftsberatung GmbH,horbach wirtschaftsberatung
HORL,horl
HOSCH,hosch
HOSPITALITY X,hospitality x
HOSPIZ EVK-Ddorf -Wir helfen laufend,hospiz evk ddorf wir helfen laufend
HOSTEL KÖLN,hostel köln
HP Dreamteam,hp dreamteam
HP Munich,hp munich
HPC AG,hpc
HPI,hpi
HPPy to run,hppy to run
HPY Steuerberatung,hpy steuerberatung
HR Pioneers,hr pioneers
HR WORKS,hr works
HR factory,hr factory
HR/MM Fun Club,hr/mm fun club
HRM Hausverwaltung GmbH,hrm hausverwaltung
HRworks,hrworks
HSBC,hsbc
HSBC Deutschland,hsbc
HSH Laufteam,hsh laufteam
HSI,hsi
HSO Running Team,hso running team
HSP Hochspannungsgeräte GmbH,hsp hochspannungsgeräte
HSPV NRW,hspv nrw
HSV,hsv
HSV Runners,hsv runners
HT Group,ht
HT Group Runners,ht runners
HT Nürnberg,ht nürnberg
HT-Service GmbH,ht service
HTI Cordes & Graefe,hti cordes graefe
HTM Group,htm
HTP,htp
HTR Attendorn,htr attendorn
HTSpeedy,htspeedy
HTZ-Neuwied,htz neuwied
HUAWEI TECHNOLOGIES Deutschland GmbH,huawei technologies
HUF HAUS GmbH & Co. KG,huf haus co kg
HUK-COBURG,huk coburg
HUKIS,hukis
HUM GmbH,hum
HUMMEL,hummel
HUW24 Germendorf,huw24 germendorf
HV-Janneck,hv janneck
HVB Club e.V.,hvb club e v
HVB RunClub,hvb runclub
HVD Berlin-Brandenburg,hvd berlin brandenburg
HVK Eching GmbH & Co. KG / Boardinghaus Eching,hvk eching co kg / boardinghaus eching
HVNB,hvnb
HW Runners,hw runners
HWDP,hwdp
HWH Rechtsanwälte,hwh rechtsanwälte
HWI,hwi
HWK & Friends,hwk friends
HWK Hannover & Friends,hwk hannover friends
HWK Runner,hwk runner
HWS Steuern Prüfung Recht,hws steuern prüfung recht
HWT Hansen + H&T Energie,hwt hansen + h t energie
HY-LINE,hy line
HYDAC Group,hydac
HYDAC Systems & Services GmbH,hydac systems services
HYGHspeed,hyghspeed
HYPLIFE,hyplife
HYPed Runners,hyped runners
HYUNDAI PowerProducts,hyundai powerproducts
HYVE Innovate GmbH,hyve innovate
HZB,hzb
Haag Ingenieure,haag ingenieure
Haare grau aber Hüfte aus Titan,haare grau aber hüfte aus titan
Haas-Publishing,haas publishing
Hach-Lange,hach lange
Hafen Sprinter,hafen sprinter
Hagen Brandschutz,hagen brandschutz
Hager - Region West,hager region west
Hager Vertriebsgesellschaft,hager vertriebsgesellschaft
Hager-Team Hamburg,hager team hamburg
Hagergroup,hagergroup
Hahn Helten Architektur,hahn helten architektur
Hahn-Schickard,hahn schickard
Hahne Holding GmbH,hahne
Haidhausener,haidhausener
Haier Elite-Team,haier elite team
Haier Germany,haier germany
Haier Germany GmbH,haier germany
Halasbau Kft.,halasbau kft
Halbleiter? Halbfit!,halbleiter? halbfit!
Haldenhimmel e. V,haldenhimmel e v
Haleon,haleon
Hallerwiese /Cnopf´sche,hallerwiese /cnopf´sche
Halli-Runners,halli runners
Hallo Holger,hallo holger
Hamamatsu Photonics Deutschland GmbH,hamamatsu photonics
Hamann Immobilien,hamann immobilien
Hambach & Hambach,hambach hambach
Hamberger Großmarkt,hamberger großmarkt
Hamberger Großmarkt GmbH,hamberger großmarkt
Hamburger Feuerkasse,hamburger feuerkasse
Hamburger Rugby-Club,hamburger rugby club
Hamburger Volksbank eG,hamburger volksbank eg
Hamburger-Feuerkasse,hamburger feuerkasse
Hamilton Freiburg,hamilton freiburg
Hamilton Lab Devices - Freiburg,hamilton lab devices freiburg
Hamm Klinik Park Therme,hamm klinik park therme
Hammel & Röhrenbeck Rechtsanwälte,hammel röhrenbeck rechtsanwälte
Hammerbürgermeisternik,hammerbürgermeisternik
Hampton by Hilton Aachen Tivoli,hampton by hilton aachen tivoli
Hanabi Heads,hanabi heads
Hanack und Partner,hanack und partner
HandStand - Praxis für Ergotherapie Korth,handstand praxis für ergotherapie korth
Handball Campus München,handball campus münchen
Handels Hinze Schütz Steuerberater,handels hinze schütz steuerberater
Handelsblatt Media Group,handelsblatt media
Handelsblatt Mediagruppe,handelsblatt mediagruppe
Handwerkskammer Freiburg,handwerkskammer freiburg
Handwerkskammer Koblenz,handwerkskammer koblenz
Handwerkskammer Pfalz,handwerkskammer pfalz
Handwerkskammer Potsdam,handwerkskammer potsdam
Handwerkskammer der Pfalz,handwerkskammer der pfalz
Handwerkskammer für Mittelfranken,handwerkskammer für mittelfranken
Hanebutt GmbH,hanebutt
Hanna,hanna
Hannelore Debold,hannelore debold
Hanno Werk GmbH & Co. KG,hanno werk co kg
HannoVers,hannovers
Hannover 96,hannover 96
Hannover 96 Arena GmbH & Co. KG,hannover 96 arena co kg
Hannover Congress Centrum,hannover congress centrum
Hannover Leasing,hannover leasing
Hannover Marketing & Tourismus GmbH,hannover marketing tourismus
HannoverDachbauTeam,hannoverdachbauteam
Hannoversche Volksbank,hannoversche volksbank
Hanns-Seidel-Stiftung Runner's,hanns seidel stiftung runner's
Hanns-Seidel-Stiftung eV,hanns seidel stiftung ev
Hans Gross Getränke,hans gross getränke
Hans Kupfer & Sohn GmbH & Co. KG,hans kupfer sohn co kg
Hans Penth,hans penth
Hans Riegelein & Sohn GmbH & Co.KG,hans riegelein sohn co kg
Hans Wormser AG,hans wormser
Hans-Böckler-Stiftung,hans böckler stiftung
Hans-Peter Sonntag,hans peter sonntag
Hansa Industrie- Mixer,hansa industrie mixer
Hansa Meyer Global,hansa meyer global
Hansa Mixer,hansa mixer
Hansa-Großhandel / IGEPA,hansa großhandel / igepa
Hanseatische,hanseatische
Hanselmann & Compagnie GmbH,hanselmann compagnie
Hanstedt,hanstedt
Hapag Lloyd Düsseldorf,hapag lloyd düsseldorf
Happy Hip(p)os,happy hip(p)os
Happy Runners,happy runners
Happy runners,happy runners
Happy walker,happy walker
HappyFlower,happyflower
Harama,harama
Harder,harder
Hardie Power,hardie power
Hardox in my Body,hardox in my body
Harman Becker Automotive System,harman becker automotive system
Harman Becker Automotive Systems,harman becker automotive systems
Harman Becker Automotive Systems GmbH,harman becker automotive systems
Harmonie Dentalisten,harmonie dentalisten
Harmony Smile,harmony smile
Harren Group,harren
Harrer Ingenieure,harrer ingenieure
Harryaner*innen,harryaner*innen
HartfüßlerTrail e.V.,hartfüßlertrail e v
Hartkorn Gewürzmühle GmbH,hartkorn gewürzmühle
Hartwich Bernhardt INGENIEURE GmbH,hartwich bernhardt ingenieure
Hartwich Group,hartwich
Hartz Regehr,hartz regehr
Hauck Aufhäuser Lampe,hauck aufhäuser lampe
Hauck Aufhäuser Lampe Privatbank AG,hauck aufhäuser lampe privatbank
Haufe Group,haufe
Haufe-Lexware Services GmbH & Co. KG,haufe lexware services co kg
Hauptbahnhof Apotheke,hauptbahnhof apotheke
Hauptsache das Hotel läuft,hauptsache das hotel läuft
Hauptzollamt Koblenz,hauptzollamt koblenz
Hauri,hauri
Haury Solutions GmbH,haury solutions
Haus Am Siegsteig GmbH,haus am siegsteig
Haus Chaos,haus chaos
Haus Edelberg,haus edelberg
Haus Eslohe,haus eslohe
Haus Mutter Rosa,haus mutter rosa
Haus St. Josef,haus st josef
Haus der Gießerei-Industrie,haus der gießerei industrie
Haus der Zahnärzte,haus der zahnärzte
Haus und Garten Service M. Fuß,haus und garten service m fuß
Haus und Grund Düsseldorf,haus und grund düsseldorf
Hausarzt Neuried,hausarzt neuried
Hausarztpraxis Bernhardstrasse,hausarztpraxis bernhardstrasse
Hauser Exkursionen,hauser exkursionen
Hauser Exkursionen International GmbH,hauser exkursionen international
Haushahn,haushahn
Haushahn Aufzüge,haushahn aufzüge
Hausmann's,hausmann's
Hausmeisterservice,hausmeisterservice
Haustechnik Oberrhein KG,haustechnik oberrhein kg
Haut & Liebe,haut liebe
Hautarzt Oberland,hautarzt oberland
Havas,havas
Havas Life Bird & Schulte,havas life bird schulte
Havas life,havas life
Hawesko,hawesko
Hawk GmbH,hawk
Hawkies,hawkies
Hawkules,hawkules
Haxenfolter,haxenfolter
Hays,hays
Hays AG,hays
Hays All Stars,hays all stars
Hays Hannover,hays hannover
Hays Nürnberg,hays nürnberg
HeKa Herzog GmbH,heka herzog
Head-On Solutions GmbH,head on solutions
Head-On Studiolution,head on studiolution
Head-on Solutions GmbH,head on solutions
Headsquare GmbH,headsquare
"Headsquare, Hanako und Envidual",headsquare hanako und envidual
Health Angels,health angels
Health4Brands Berlin,health4brands berlin
Healthrunners,healthrunners
Heartbeat,heartbeat
Hearts & Science,hearts science
Hearts & Science Berlin Runners,hearts science berlin runners
Heaton Deutschland GmbH,heaton
Hebammenkonto ALtona,hebammenkonto altona
Hebammenkontor Altona,hebammenkontor altona
Hecker,hecker
Heckmann Bremen,heckmann bremen
Heckmann Metall- und Maschinenbau GmbH,heckmann metall und maschinenbau
Hedwig-Trampert-Tierheim,hedwig trampert tierheim
Heels4Wheels,heels4wheels
Hegeler Mueller,hegeler mueller
Hegmanns AG,hegmanns
Hegmanns Gruppe,hegmanns gruppe
Heidenhain,heidenhain
Heidi Alles,heidi alles
Heike Schönleben,heike schönleben
Heiland,heiland
Heim + Feit GmbH,heim + feit
Heim + Feit bürotechnik GmbH,heim + feit bürotechnik
Heim-&Hausbesuchsteam&co,heim hausbesuchsteam co
Heiming-Runner,heiming runner
Heimstaden,heimstaden
Heinlewischer Architekten,heinlewischer architekten
Heinloth Transport GmbH & Co. KG,heinloth transport co kg
Heinrich Bäumer Bauunternehmen GmbH,heinrich bäumer bauunternehmen
Heinrich Nabholz Autoreifen GmbH,heinrich nabholz autoreifen
Heinrich Schmid,heinrich schmid
Heinrich Zoder Spedition GmbH,heinrich zoder spedition
Heinrich-Haus,heinrich haus
Heinz Zinke GmbH & Co. KG,heinz zinke co kg
Heinz von Heiden GmbH Massivhäuser,heinz von heiden massivhäuser
Heinzelrunners,heinzelrunners
Heinzsoft,heinzsoft
Heise RegioConcept,heise regioconcept
Heiss Hydraulik + Pneumatik GmbH,heiss hydraulik + pneumatik
Heitmann Running Crew,heitmann running crew
Heitz Team,heitz team
Heiße Luft,heiße luft
HeißeHacken,heißehacken
Heja BVB,heja bvb
Hekatron Gesellschaften,hekatron gesellschaften
Hela Laufcrew,hela laufcrew
Helaba,helaba
Helbling Business Advisors,helbling business advisors
Helbling Technik GmbH,helbling technik
HelenA,helena
Helios Arbeitsmedizin Schwarzwald,helios arbeitsmedizin schwarzwald
Helios Klinik für Herzchirurgie,helios klinik für herzchirurgie
Helios Klinikum München West,helios klinikum münchen west
Hella Gutmann,hella gutmann
Helle,helle
Hellma GmbH & Co. KG,hellma co kg
Hellmann,hellmann
Hellmann Worldwide Logistics,hellmann worldwide logistics
Hellmann Worldwide Logistics Germany,hellmann worldwide logistics germany
Hellweg Berlin / Brandenburg,hellweg berlin / brandenburg
Hellweg Potsdam,hellweg potsdam
Helly Crew,helly crew
Helmholtz Munich,helmholtz munich
Helmreich Gruppe,helmreich gruppe
Helmut Riehm,helmut riehm
Helvetia Packaging,helvetia packaging
Hemmersbach GmbH & Co. KG,hemmersbach co kg
Hempelmann,hempelmann
Hencke Systemberatung,hencke systemberatung
Hendrik,hendrik
Hengeler Mueller,hengeler mueller
Hengeler Müller,hengeler müller
Henn GmbH,henn
Henning & Quade,henning quade
Henry Lambertz Aachen,henry lambertz aachen
Henry Lamotte,henry lamotte
Henry's Bistro,henry's bistro
Henry´s Bistro,henry´s bistro
Henry‘s Bistro,henry‘s bistro
Henseler & Partner,henseler partner
Heraeus Epurio,heraeus epurio
Herbert Heldt,herbert heldt
Herby,herby
Hermes Holz,hermes holz
Hermesiten,hermesiten
Hermesläufer,hermesläufer
Hermsen-Immobilien,hermsen immobilien
Hermès,hermès
Herr Steuerberatungsgesellschaft mbH,herr steuerberatungsgesellschaft mbh
Herrenfriseur Moorstrasse,herrenfriseur moorstrasse
Herrmann Ultraschalltechnik,herrmann ultraschalltechnik
Hertener Stadtwerke GmbH,hertener stadtwerke
Hertha BSC,hertha bsc
Herz-Jesu-Stift,herz jesu stift
Herzberger,herzberger
Herzblutbande,herzblutbande
Herzlich digitales Team,herzlich digitales team
Herzog LeasingAG,herzog leasingag
Herzwerk - Aktiv gegen Armut im Alte,herzwerk aktiv gegen armut im alte
"Hessisches Ministerium für Umwelt, Klimaschutz, Landwirtschaft und Verbraucherschutz",hessisches ministerium für umwelt klimaschutz landwirtschaft und verbraucherschutz
Hestermann,hestermann
Hetzner Online GmbH,hetzner online
Heuking,heuking
Heusch/Boesefeldt GmbH,heusch/boesefeldt
Heussen,heussen
Heussen Rechtsanwaltsgesellschaft,heussen rechtsanwaltsgesellschaft
Heute und Morgen,heute und morgen
Hexagon,hexagon
HexenPower,hexenpower
Hey Health GmbH,hey health
HfK Bremen,hfk bremen
HiPo Executive GmbH,hipo executive
Hicham,hicham
Hier könnte Ihre Werbung stehen!,hier könnte ihre werbung stehen!
Hier läuft die Musik!,hier läuft die musik!
High Flyer,high flyer
High Performance Läufer,high performance läufer
HighLine Hyper Hyper,highline hyper hyper
Highstreet Technologies,highstreet technologies
Hightech Holzbau,hightech holzbau
Hilfswerk-Siedlung GmbH,hilfswerk siedlung
Hilti Deutschland AG,hilti
Hilton,hilton
Hilton Munich,hilton munich
Hilton Munich Park,hilton munich park
HiltonMunichCity,hiltonmunichcity
HiltonMunichPark & HiltonMunichCity,hiltonmunichpark hiltonmunichcity
Himbert GmbH,himbert
Himmelreither,himmelreither
Hines Immobilien GmbH,hines immobilien
Hines München,hines münchen
Hip O Executive Gmbh,hip o executive
Hirain Technologies Europe GmbH,hirain technologies europe
Hirschmann Automation and Control,hirschmann automation and control
Hirschmann Automotive Running Deers,hirschmann automotive running deers
Hirschmann Car Communication GmbH,hirschmann car communication
Hiscox,hiscox
Histl Christl,histl christl
Hitachi Berlin,hitachi berlin
Hitachi Solutions,hitachi solutions
Hitachi Solutions Germany,hitachi solutions germany
Hitradio antenne 1 Running Club,hitradio antenne 1 running club
Hitzler Ingenieur e.K.,hitzler ingenieur e k
Hitzler Ingenieure,hitzler ingenieure
Hitzler Ingenieure Berlin,hitzler ingenieure berlin
Hive Technologies,hive technologies
Hobby Läufer,hobby läufer
Hobbyläufer,hobbyläufer
Hoch hinaus - powered by Hundt,hoch hinaus powered by hundt
Hochschule Kaiserslautern,hochschule kaiserslautern
Hochschule Karlsruhe,hochschule karlsruhe
Hochschule der Polizei,hochschule der polizei
Hochschule für Musik und Tanz Köln,hochschule für musik und tanz köln
Hochschulsport Freiburg,hochschulsport freiburg
Hochwald Kaiserslautern,hochwald kaiserslautern
Hochwald Mechernich,hochwald mechernich
Hoepfner BräuInvest,hoepfner bräuinvest
Hoffis,hoffis
Hoffmann Eitle,hoffmann eitle
Hoffmann GmbH,hoffmann
Hoffmann Group,hoffmann
Hoffmann SE,hoffmann
Hoffmann Supply Chain GmbH,hoffmann supply chain
Hoffmann und Campe,hoffmann und campe
HoffmannLiebs,hoffmannliebs
Hoffrogge GmbH,hoffrogge
Hogan Lovells,hogan lovells
Hogan Lovells International LLP,hogan lovells international llp
Hogan Lovells. Läuft.,hogan lovells läuft
Hohenstaufen-Haus,hohenstaufen haus
Hohwart-Grundschule,hohwart grundschule
Hokipa,hokipa
Holcim Runners Bremen,holcim runners bremen
Holert,holert
Holert GmbH,holert
Holger Durach,holger durach
Holger Meyer Architektur,holger meyer architektur
Holiday Extras,holiday extras
Holiday Inn Düsseldorf City,holiday inn düsseldorf city
Holiday Inn Nürnberg City Centre,holiday inn nürnberg city centre
HolidayCheck Group AG,holidaycheck
HolidayPirates Group,holidaypirates
Holmes Place,holmes place
Holtmann GmbH & Co.KG,holtmann co kg
Holtmann+,holtmann+
Holtzbrinck,holtzbrinck
Holy Aperoli,holy aperoli
Holy Softdrinks,holy softdrinks
Holybolters,holybolters
Holz Kogler,holz kogler
Holzbande Görlz,holzbande görlz
Holzbau Kappler,holzbau kappler
Holzhaus Fabrik,holzhaus fabrik
Holzland GmbH,holzland
Holzwurm,holzwurm
Holzwürmer,holzwürmer
Home & Co,home co
HomeRunners,homerunners
Homeinstead,homeinstead
Homelike,homelike
Homöopathie Forum,homöopathie forum
Honey Squad,honey squad
Honeywell,honeywell
Honeywell Special Chemicals Seelze,honeywell special chemicals seelze
Honeywell Transnorm,honeywell transnorm
HopanBoys,hopanboys
Hopp hopp,hopp hopp
Hoppi Laufteam 2025,hoppi laufteam 2025
Horizn Studios,horizn studios
Horizon Alpha,horizon alpha
Hornetz,hornetz
Horse Haze,horse haze
Horst Berndt,horst berndt
Hortmann Runners,hortmann runners
Horvtáh,horvtáh
Horváth,horváth
Horváth & Partner GmbH,horváth partner
Hosch,hosch
"Hospiz am Ohmplatz, Erlangen",hospiz am ohmplatz erlangen
Host City Köln,host city köln
Hot PEPPER Runners,hot pepper runners
Hotel & Restaurant Burgschänke,hotel restaurant burgschänke
Hotel Asahi,hotel asahi
Hotel Christine,hotel christine
Hotel Der Blaue Reiter,hotel der blaue reiter
Hotel Grenzfall,hotel grenzfall
Hotel Helden,hotel helden
Hotel Kö59,hotel kö59
Hotel Ludinmühle,hotel ludinmühle
Hotel Ludinmühle GmbH & Co.KG,hotel ludinmühle co kg
Hotel RIU Plaza Berlin,hotel riu plaza berlin
Hotel Riu Plaza Berlin,hotel riu plaza berlin
Hotel Vier Jahreszeiten GmbH,hotel vier jahreszeiten
Hotel Vier Jahreszeiten Kempinski,hotel vier jahreszeiten kempinski
Hotel de Rome,hotel de rome
HotelNetSolutions,hotelnetsolutions
Hotspots Rush,hotspots rush
Hotwire PR,hotwire pr
House of Communication Berlin,house of communication berlin
House of Communication Köln,house of communication köln
House of Hair,house of hair
Howden Deutschland AG,howden
Hoyer,hoyer
HoyerRunners,hoyerrunners
Hskan,hskan
Hsv,hsv
HuZler on the run,huzler on the run
Huawei,huawei
Huawei MRC OEC,huawei mrc oec
Huber,huber
Huber Plastic,huber plastic
Huber-Greiwe-Schmid,huber greiwe schmid
Hubert Burda Media,hubert burda media
Hubert Winnen GmbH & Co. KG,hubert winnen co kg
Hueber Verlag GmbH & Co KG,hueber verlag co kg
Hufeland-Klinik Bad Ems,hufeland klinik bad ems
Hugidubies,hugidubies
Huhn Vorsorge,huhn vorsorge
Huhtamaki Foodservice Germany,huhtamaki foodservice germany
Human Skills,human skills
Human Skills Group GmbH,human skills
Humboldthöhe auf der Überholspur,humboldthöhe auf der überholspur
Hundephysio und -ernährungsberatung,hundephysio und ernährungsberatung
HundsTeufelsWild,hundsteufelswild
Hunkemöller,hunkemöller
Hunkemöller-Runners,hunkemöller runners
Hustle Heroes,hustle heroes
Hutzler Ingenieure,hutzler ingenieure
HvB Runners,hvb runners
HyCARE,hycare
Hyatt Regency Düsseldorf,hyatt regency düsseldorf
Hydac,hydac
Hydro Uphusen,hydro uphusen
Hydro-Runners for THP,hydro runners for thp
HydroRunners,hydrorunners
Hydrogenious LOHC Technologies,hydrogenious lohc technologies
Hydrogenious LOHC Technologies GmbH,hydrogenious lohc technologies
Hynamics,hynamics
Hynamics Warriors,hynamics warriors
HypZert Runners,hypzert runners
Hyper Database @ Salesforce,hyper database @ salesforce
HypoVereinsbank,hypovereinsbank
Hypovereinsbank,hypovereinsbank
HÄFELE Die Besten,häfele die besten
HÄVG AG,hävg
HÖCKER,höcker
HÖEGH AUTOLINERS,höegh autoliners
HÖVELER HOLZMANN CONSULTING GmbH,höveler holzmann consulting
Hägele Fehling GbR,hägele fehling gbr
Hähnchenflitzer,hähnchenflitzer
Händel Junghans Architekten,händel junghans architekten
Hänsch,hänsch
Häußler & Partner mbB,häußler partner mbb
Höfken,höfken
Höhler Run4Fun,höhler run4fun
Hölscher Wasserbau,hölscher wasserbau
Hönle,hönle
Hörl & Hartmann Ziegeltechnik GmbH & Co. KG,hörl hartmann ziegeltechnik co kg
Hörl+Hartmann,hörl+hartmann
Hörmann KG,hörmann kg
Hörmann KG Eckelhausen,hörmann kg eckelhausen
Hörmann KG Freisen,hörmann kg freisen
Hörnlebergschule,hörnlebergschule
Hünnebeck,hünnebeck
Hürner Luft und Umwelltechnik,hürner luft und umwelltechnik
I Run Magix,i run magix
I like to move it,i like to move it
I&U FASTLANE,i u fastlane
I&U Fast Lane,i u fast lane
I-Telecom,i telecom
I.G. Bauerhin,i g bauerhin
I.SVO5-Raillard,i svo5 raillard
IAB,iab
IABG,iabg
IABG Teleport,iabg teleport
IAS Vollmond GmbH,ias vollmond
IAV,iav
IAV GmbH,iav
IAV GmbH Ingenieurgesellschaft Auto und Verkehr,iav ingenieurgesellschaft auto und verkehr
IB Becker,ib becker
IB Kuntzsch,ib kuntzsch
IB Schiessl Gehlen Sodeikat GmbH,ib schiessl gehlen sodeikat
IB Schlegel,ib schlegel
"IB Süd, KiTa Ankerplatz",ib süd kita ankerplatz
IB-Running & Fainting,ib running fainting
IB-SK,ib sk
IB-Zammit,ib zammit
IBA,iba
IBA Campus Berlin,iba campus berlin
IBA-Dosimetry GmbH,iba dosimetry
IBB Netzwerk GmbH,ibb netzwerk
IBG-Gruppe,ibg gruppe
IBISCH I NAXCON,ibisch i naxcon
IBK,ibk
IBLP Ingenieurgesellschaft mbH,iblp ingenieurgesellschaft mbh
IBM CIC,ibm cic
IBM CIC Germany Team Frankfurt,ibm cic germany team frankfurt
IBM CIC Köln,ibm cic köln
IBM Cient Innovation Center,ibm cient innovation center
IBM Client Innovation Center,ibm client innovation center
IBM Client Innovation Center Germany GmbH,ibm client innovation center germany
IBM Deutschland GmbH,ibm
IBM Deutschland MBS GmbH,ibm mbs
IBS Filtran,ibs filtran
"IBS Industrie-, Brandschutz & Sicherheit GmbH",ibs industrie brandschutz sicherheit
IBS Losheim,ibs losheim
IBZ Gmbh Beratende Ingenieure,ibz beratende ingenieure
IC Allstars,ic allstars
IC Immobilien Gruppe,ic immobilien gruppe
IC Property Management GmbH,ic property management
IC-Keller Ingenieure & Consultants,ic keller ingenieure consultants
IC-L Ingenieur Consulting Langenh.,ic l ingenieur consulting langenh
ICA Group,ica
ICMS GmbH,icms
ICN,icn
ID ENGINEERING,id engineering
IDAS GmbH,idas
IDN Ingenieur-Dienst-Nord GmbH,idn ingenieur dienst nord
IDS,ids
"IDS - alpha, beta, data.",ids alpha beta data
IDS GmbH - Analysis and Reporting Services,ids analysis and reporting services
IE2S,ie2s
IEG - Investment Banking Group,ieg investment banking
IEGUS läuft!,iegus läuft!
IF-Blue(s)print,if blue(s)print
IFA,ifa
IFCO,ifco
IFCO SYSTEMS GmbH,ifco systems
IFE GmbH,ife
IFH KÖLN,ifh köln
IFS Management GmbH,ifs management
IG Bauphysik,ig bauphysik
IG Bauplan,ig bauplan
IG Dr. Siekmann+Partner mbH,ig dr siekmann+partner mbh
IG Metall Bremen,ig metall bremen
IG Metall Koblenz,ig metall koblenz
IG Metallteam,ig metallteam
IGEPA PaperRunners,igepa paperrunners
IGES,iges
IGES Institut GmbH,iges institut
IGES Institut GmbH Büro Nürnberg,iges institut büro nürnberg
IGRF-Geparden,igrf geparden
IGS Garbsen,igs garbsen
IGS Koblenz,igs koblenz
IGV Stuttgart,igv stuttgart
IG_Drücke,ig_drücke
IHK Düsseldorf,ihk düsseldorf
IHK GfI,ihk gfi
IHK Hannover,ihk hannover
IHK Karlsruhe,ihk karlsruhe
IHK Koblenz,ihk koblenz
IHK Köln,ihk köln
IHK München,ihk münchen
IHK Nürnberg,ihk nürnberg
IHK Nürnberg für Mittelfranken,ihk nürnberg für mittelfranken
IHK Region Stuttgart,ihk region stuttgart
IHK Südlicher Oberrhein,ihk südlicher oberrhein
IHK zu Dortmund,ihk zu dortmund
IIIb Team,iiib team
IITS,iits
IKA sports,ika sports
IKB Deutsche Industriebank AG,ikb deutsche industriebank
IKEA,ikea
IKEA Brinkum/Bremerhaven,ikea brinkum/bremerhaven
IKEA Butz,ikea butz
IKEA City Project South GmbH,ikea city project south
IKEA Deutschland GmbH & Co KG,ikea co kg
IKEA Deutschland GmbH & Co. KG,ikea co kg
IKEA Dortmund,ikea dortmund
IKEA FÜRTH,ikea fürth
IKEA Kaiserslautern,ikea kaiserslautern
IKEA Koblenz,ikea koblenz
IKEA Köln-Godorf,ikea köln godorf
IKEA Saarlouis,ikea saarlouis
IKJF,ikjf
IKK Südwest,ikk südwest
IKK classic,ikk classic
IKMS,ikms
IKO Insulations GmbH,iko insulations
IKOM,ikom
IKOM - MOKIvation Runners,ikom mokivation runners
IKSR,iksr
IKT,ikt
IKU_ Die Dialoggestalter,iku_ die dialoggestalter
IL-VS.de,il vs de
ILB,ilb
ILF Beratende Ingenieure GmbH,ilf beratende ingenieure
ILFA GmbH Hannover,ilfa hannover
ILFA Hannover,ilfa hannover
IMAGO IT GmbH,imago it
IMAP GmbH,imap
IMC ImmobilienManagement&Consulting,imc immobilienmanagement consulting
IMCD Deutschland GmbH,imcd
IMG,img
IMGM Laboratories GmbH,imgm laboratories
IMI Bahr,imi bahr
IMM Photonics GmbH,imm photonics
IMMportant,immportant
IMO Autopflege GmbH,imo autopflege
IMP GmbH,imp
IMPACT Group,impact
IMPETUS PLASTICS Eng. GMBH,impetus plastics eng
IMS Digital UG,ims digital ug
IMTB,imtb
IMWECO GmbH,imweco
IN VIA München e.V.,in via münchen e v
INCON GmbH & Co. Assekuranz KG,incon co assekuranz kg
INCOTEC,incotec
INCOTEC GmbH & Co. KG,incotec co kg
INDUS,indus
INDUS Holding AG,indus
INEOS Köln GmbH,ineos köln
INFICON,inficon
INFICON GmbH,inficon
INFINITY,infinity
INFOMOTION Skygarden,infomotion skygarden
INFORM läuft,inform läuft
ING-DiBa,ing diba
ING-DiBa AG,ing diba
INGAVER GmbH,ingaver
INIT,init
INNIO Jenbacher GmbH,innio jenbacher
INNOMOTICS GmbH,innomotics
INNOQ,innoq
INROS LACKNER SE,inros lackner
INSEL pädagogische AG,insel pädagogische
INSIGMA,insigma
INTARIA,intaria
INTENSE AG,intense
INTENTA,intenta
INTER CONTROL,inter control
INU,inu
INVENDA GmbH,invenda
INVENT UV AG,invent uv
INVENT Umwelt- und Verfahrenstechnik AG,invent umwelt und verfahrenstechnik
INX Runners,inx runners
IOIIO,ioiio
IONCOR GmbH,ioncor
IONITY,ionity
IOX-Run,iox run
IP SYSCON SPORTS,ip syscon sports
IPETRONIK GmbH & Co. KG,ipetronik co kg
IPG Automotive,ipg automotive
IPG DXTRA (Germany) GmbH / Weber Shandwick,ipg dxtra (germany) / weber shandwick
IPG DXTRA (Germany) GmbH Octagon,ipg dxtra (germany) octagon
IPG Health,ipg health
IPG Health Frankfurt GmbH,ipg health frankfurt
IPH gGmbH,iph ggmbh
IPI Racing Team,ipi racing team
IPM,ipm
IPTE Germany GmbH,ipte germany
IQ Incoming GmbH,iq incoming
IQ Plus,iq plus
IQ Real Estate GmbH,iq real estate
IQVIA,iqvia
IR,ir
IREES Running for future,irees running for future
IREES run for future.,irees run for future
IRIS Analytics GmbH,iris analytics
IS4IT GmbH,is4it
ISAR Klinikum,isar klinikum
ISARTAX,isartax
ISB mit Bildung Läuft´s,isb mit bildung läuft´s
ISB mit Bildung läuft´s,isb mit bildung läuft´s
ISCAR,iscar
ISCUE GmbH & Co. KG,iscue co kg
ISD Immobilien Service Deutschland,isd immobilien service
ISD Software & Systeme GmbH,isd software systeme
ISD4run,isd4run
ISG mbH,isg mbh
ISKAM,iskam
ISL,isl
ISL Sprachschule Koblenz,isl sprachschule koblenz
ISO Gruppe,iso gruppe
ISP GmbH,isp
ISRA parsytec,isra parsytec
IST-Hochschule für Management,ist hochschule für management
IST-Studieninstitut GmbH,ist studieninstitut
ISZ,isz
IT for RUNaways,it for runaways
IT-Choice Software AG,it choice software
IT-Dienstleistungszentrum Berlin,it dienstleistungszentrum berlin
IT-Labs GmbH,it labs
IT-P GmbH,it p
IT.NRW,it nrw
IT2media,it2media
IT4IPM,it4ipm
ITA Hannover,ita hannover
ITAB,itab
ITD FoBi läuft,itd fobi läuft
ITD-Fobi läuft... !,itd fobi läuft !
ITGAIN Consulting GmbH,itgain consulting
ITK@Stuttgart,itk@stuttgart
ITS Ingenieur-Technik Scholz GmbH,its ingenieur technik scholz
ITSC,itsc
ITVT,itvt
ITW Runners,itw runners
ITscope GmbH,itscope
IU Internationale Hochschule,iu internationale hochschule
IUF,iuf
IVC Runners,ivc runners
IVECO Magirus AG,iveco magirus
IVT GmbH & Co. KG,ivt co kg
IVU.run 2023,ivu run 2023
IVU.run berlin 2025,ivu run berlin 2025
IVU.run.berlin 2024,ivu run berlin 2024
IVZ,ivz
IW Bewegt,iw bewegt
IWAGO Personalleasing GmbH/ Geschäftsbr. INDUMED,iwago personalleasing gmbh/ geschäftsbr indumed
IXD,ixd
IZT,izt
Iberdrola,iberdrola
Ich & Ich,ich ich
Ich-AG,ich ag
Ich-AG Hanne Nossem,ich ag hanne nossem
IchAG,ichag
Ickerner Markt-Apotheke,ickerner markt apotheke
IdealerB2run,idealerb2run
Identity,identity
Ifaktor,ifaktor
Igefa. Läuft bei uns!,igefa läuft bei uns!
Igel,igel
Iglo GmbH,iglo
Ihr Hausarzt MVZ Dillingen,ihr hausarzt mvz dillingen
Ilka,ilka
Illenseer Hospitalia,illenseer hospitalia
Im Dauerlauf zum Teilverkauf,im dauerlauf zum teilverkauf
ImFusion GmbH,imfusion
Image Professionals,image professionals
Image Professionals GmbH,image professionals
Imbiss Oase Fans,imbiss oase fans
Immer am Limit!,immer am limit!
Immer die Letzten,immer die letzten
Immer ein Zahn voraus,immer ein zahn voraus
Immo Hauf,immo hauf
Immo Mühlberger,immo mühlberger
Immobilien,immobilien
Immobilien Bremen,immobilien bremen
Immobilien Kafitz,immobilien kafitz
Immobilien Mohler,immobilien mohler
Immobilien Mohler GmbH,immobilien mohler
Immobilien Sollmann + Zagel GmbH,immobilien sollmann + zagel
Immobilien Wenk,immobilien wenk
Immobilien und Service Richter,immobilien und service richter
Immobilien55,immobilien55
Immunic AG,immunic
ImoGate,imogate
Impala Sprinters,impala sprinters
Imperial Brands,imperial brands
Impetus Plastics Engineering GmbH,impetus plastics engineering
Implenia,implenia
Implenia - Team West,implenia team west
Implenia Civil Engineering,implenia civil engineering
Implenia Construction GmbH Freiburg,implenia construction freiburg
Implenia Hochbau GmbH,implenia hochbau
Implenia Spezialtiefbau,implenia spezialtiefbau
Implenia Spezialtiefbau GmbH,implenia spezialtiefbau
Improvia Germany GmbH,improvia germany
Impuls Energy Trading GmbH,impuls energy trading
Impuls Runner,impuls runner
In der Gemeinde leben gGmbH,in der gemeinde leben ggmbh
In-Tech,in tech
InPro electric GmbH - Bremen,inpro electric bremen
InVision,invision
Inapa,inapa
Incari,incari
Indeed Deutschland GmbH,indeed
Indra,indra
Industriehof Scherenbostel,industriehof scherenbostel
Indutec,indutec
Ines,ines
Ines Jejkal,ines jejkal
Infinigate,infinigate
Infinigate Deutschland GmbH,infinigate
InfoFabrik GmbH,infofabrik
Infoniqa,infoniqa
Informa,informa
Informatec,informatec
Infra-Experten,infra experten
Infrafibre,infrafibre
Infrafibre Germany GmbH,infrafibre germany
Infromt Germany,infromt germany
Infront,infront
Infront B2RUN GmbH,infront b2run
Infront Financial Technology GmbH,infront financial technology
Infront Germany GmbH,infront germany
Infrontec,infrontec
Infrontsports,infrontsports
Ing.- Büro Schweiger GmbH & Co. KG,ing büro schweiger co kg
Ing.-Ges. Schnittger Wilde,ing ges schnittger wilde
IngSoft GmbH,ingsoft
Ingenics Digital,ingenics digital
Ingenics Digital GmbH,ingenics digital
IngenieurGruppe Bauen,ingenieurgruppe bauen
Ingenieurbüro Bender,ingenieurbüro bender
Ingenieurbüro Blank,ingenieurbüro blank
Ingenieurbüro Drecoll,ingenieurbüro drecoll
Ingenieurbüro Fischer + Rickhoff,ingenieurbüro fischer + rickhoff
Ingenieurbüro Grassl GmbH,ingenieurbüro grassl
Ingenieurbüro Heinloth GmbH,ingenieurbüro heinloth
Ingenieurbüro Miller,ingenieurbüro miller
Ingenieurbüro SGE GmbH,ingenieurbüro sge
Ingenieurbüro SKI,ingenieurbüro ski
Ingenieurbüro Schiessl Gehlen Sodeikat GmbH,ingenieurbüro schiessl gehlen sodeikat
Ingenieurbüro Schultis,ingenieurbüro schultis
Ingenieurbüro SchülkeWiesmann,ingenieurbüro schülkewiesmann
Ingenieurbüro Stengel GmbH,ingenieurbüro stengel
Ingenieurbüro UTEK,ingenieurbüro utek
Ingenieurgesellschaft Kärcher,ingenieurgesellschaft kärcher
Ingenieurgesellschaft Nacken,ingenieurgesellschaft nacken
Ingenieurgesellschaft Werny+Partner,ingenieurgesellschaft werny+partner
Ingenieurgruppe Geotechnik,ingenieurgruppe geotechnik
Ingentis Softwareenticklung,ingentis softwareenticklung
Ingentis Softwareentwicklung GmbH,ingentis softwareentwicklung
Ingram Micro Distribution GmbH,ingram micro distribution
Ingweilerhof · Seniorenzentrum,ingweilerhof · seniorenzentrum
Init AG für digitale Kommunikation,init für digitale kommunikation
Inline Hydraulik,inline hydraulik
Innargi Germany,innargi germany
Innenbehörde,innenbehörde
Innere Parcside Dres. Hundorfean/Tex/Schmidt,innere parcside dres hundorfean/tex/schmidt
Innere Parcside Gastroenterologie,innere parcside gastroenterologie
Innmotics GmbH,innmotics
InnoMa System GmbH,innoma system
Innomedic,innomedic
Innosoft,innosoft
Innovabee GmbH,innovabee
InnovationCrew,innovationcrew
Innoview,innoview
Inolaren,inolaren
Inros Lackner,inros lackner
Inros Lackner Bremen,inros lackner bremen
Insane for the Membrane,insane for the membrane
Insane in the Membrane,insane in the membrane
Inscopus GmbH,inscopus
Insel-Läufer,insel läufer
Insetto,insetto
Insetto GmbH,insetto
Insiders Technologies GmbH,insiders technologies
Installion,installion
Institut für Produktionswirtschaft,institut für produktionswirtschaft
Institut für Versicherungswesen,institut für versicherungswesen
Instone,instone
Instone Real Estate Development GmbH,instone real estate development
Instone-Runners,instone runners
Instrument Systems,instrument systems
Instrument Systems GmbH,instrument systems
IntWeb,intweb
"Intaria AG, WPG, StBG, RA",intaria ag wpg stbg ra
Integion GmbH,integion
Integra,integra
Integrated Services,integrated services
Intelligent Media Systems AG,intelligent media systems
Inter conntrol,inter conntrol
InterConsulta,interconsulta
Interactive Pioneers,interactive pioneers
Intercityrunner,intercityrunner
Interflex Datensysteme GmbH,interflex datensysteme
Interflex Erlangen,interflex erlangen
Interfracht,interfracht
Interhyp AG,interhyp
Interlloyd Hamburg,interlloyd hamburg
International SOS,international sos
Internationale Hauptbahnhof Apotheke,internationale hauptbahnhof apotheke
Internationaler Bund,internationaler bund
Internationaler Bund e.V.,internationaler bund e v
Internet Up,internet up
Internistische Praxis Rhein-Lahn,internistische praxis rhein lahn
Interpneu Handelsgesellschaft mbH,interpneu handelsgesellschaft mbh
Interpool,interpool
Intersnack,intersnack
Intersnack Deutschland SE,intersnack
Intersnack(ers),intersnack(ers)
Interzero,interzero
Interzero Circular Solutions Germany,interzero circular solutions germany
Intex,intex
IntraFind,intrafind
IntraFind Software AG,intrafind software
Intrabit GmbH,intrabit
Inverso Gesellschaft für innovative Versicherungssoftware mbH,inverso gesellschaft für innovative versicherungssoftware mbh
Inverso GmbH,inverso
Inverto GmbH,inverto
Investitionsbank Berlin,investitionsbank berlin
Investor Relations,investor relations
Invisalign Smile Sprinter,invisalign smile sprinter
Invisalign Smile Sprinters,invisalign smile sprinters
Inxmail GmbH,inxmail
Ionity GmbH,ionity
Iperdi,iperdi
Ipsos München,ipsos münchen
Iqony Läuft,iqony läuft
Iqul GmbH,iqul
Iron Mountain Deutschland,iron mountain
Irrsinnig schnell,irrsinnig schnell
Isar Kliniken GmbH,isar kliniken
Isarwatt eG,isarwatt eg
Iskander Business Partner,iskander business partner
Isotope Runners,isotope runners
Isoweka,isoweka
Isses noch weit?,isses noch weit?
It's a mindset,it's a mindset
Iteration One Gaming,iteration one gaming
It´s about time!,it´s about time!
Iveco Runners,iveco runners
J&J,j j
J+S,j+s
JACOB Elektronik GmbH,jacob elektronik
JACOB JÜRGENSEN,jacob jürgensen
JBC GmbH,jbc
JBE,jbe
JC Kling,jc kling
JCB Deutschland GmbH,jcb
JCI,jci
JCI Berlin,jci berlin
JCM Europe GmbH,jcm europe
JCS-ER,jcs er
JD Racing Team,jd racing team
JDIE,jdie
JE in Motion,je in motion
JEBS,jebs
JF - Intensiv - care,jf intensiv care
JGS Schwalbach,jgs schwalbach
JLL,jll
JMJ Runners,jmj runners
JO.BE.SCH,jo be sch
JOB Group,job
JOHANN BUNTE Bauunternehmung,johann bunte bauunternehmung
JOHANNITER,johanniter
JOLT Energy GmbH,jolt energy
JONES DAY,jones day
JPST,jpst
JUH Offshore,juh offshore
JUICY BEATS,juicy beats
JULABO,julabo
JULIUS BACH,julius bach
JUMiNGO,jumingo
JUNGWILD,jungwild
JUPUS,jupus
JURA Elektrogeräte Vertriebs-GmbH,jura elektrogeräte vertriebs gmbh
JURA Gastro,jura gastro
JURA Gastro Vertriebs-GmbH,jura gastro vertriebs gmbh
JUVE Verlag,juve verlag
JUWI GmbH,juwi
JVA Aachen,jva aachen
JVA Dortmund,jva dortmund
JVA Freiburg,jva freiburg
JVA Koblenz,jva koblenz
JVA Rheinbach,jva rheinbach
JVK Filtration Systems GmbH,jvk filtration systems
JW Marriott Hotel Berlin,jw marriott hotel berlin
JZAW Runners,jzaw runners
Ja klaHR!,ja klahr!
Jablovski,jablovski
Jack,jack
Jacob Drucklufttechnik,jacob drucklufttechnik
Jacobs Douwe Egberts,jacobs douwe egberts
Jaeger Gruppe,jaeger gruppe
Jagdfalken,jagdfalken
Jagdfeld Apotheke,jagdfeld apotheke
Jagdfeld-Gruppe,jagdfeld gruppe
Jakob,jakob
Jakob Becker Entsorgungs GmbH,jakob becker entsorgungs
Jakob Becker Entsorgungs-GmbH,jakob becker entsorgungs gmbh
Jakob Becker-Team,jakob becker team
Jamestown,jamestown
Jan,jan
Jan Ingwersen,jan ingwersen
Jan Richter,jan richter
Jan S.,jan s
Jana,jana
Janina,janina
Janine,janine
Janine Wieser,janine wieser
Jannis & Linus,jannis linus
Jasmin,jasmin
Jason,jason
Jazz Pharma,jazz pharma
Jazz Pharmaceuticals Germany GmbH,jazz pharmaceuticals germany
Jean&Len GmbH,jean len
Jean-Pierre Widerhold,jean pierre widerhold
Jedox #OneTeam,jedox #oneteam
Jedox GmbH,jedox
Jeevarathnam,jeevarathnam
Jenna,jenna
Jennißen und Partner mbB,jennißen und partner mbb
Jenny De la Torre Stiftung,jenny de la torre stiftung
Jessica,jessica
Jetlegs,jetlegs
Jf Intensiv Care GmbH,jf intensiv care
Jim Knopf Runners,jim knopf runners
Jo 2024,jo 2024
Joachim,joachim
JobCenter,jobcenter
JobCenter Treptow Köpenick,jobcenter treptow köpenick
JobRad,jobrad
Jobactive,jobactive
Jobcenter Dortmund,jobcenter dortmund
Jobcenter Gelsenkirchen,jobcenter gelsenkirchen
Jobcenter Köln,jobcenter köln
Jobcenter LK Kaiserslautern,jobcenter lk kaiserslautern
Jobcenter Landkreis Neuwied,jobcenter landkreis neuwied
Jobcenter Merzig-Wadern,jobcenter merzig wadern
Jobcenter München,jobcenter münchen
Jobcenter Neuwied,jobcenter neuwied
Jobcenter Rhein-Erft,jobcenter rhein erft
Jobcenter Rhein-Kreis Neuss,jobcenter rhein kreis neuss
Jobcenter Stadt Kaiserslautern,jobcenter stadt kaiserslautern
Jobcenter StädteRegion Aachen,jobcenter städteregion aachen
Jobilla Running Team,jobilla running team
Joblift GmbH,joblift
Jobvalley,jobvalley
Jochen,jochen
Jochen Jehles,jochen jehles
Jockel,jockel
Jogg Güzel,jogg güzel
Joh. Gottfr. Schütte GmbH & Co. KG,joh gottfr schütte co kg
Johann Maier,johann maier
Johanna,johanna
Johanna Lauer,johanna lauer
Johannes Stracek,johannes stracek
Johannes-Hospiz der Barmherzigen Brüder,johannes hospiz der barmherzigen brüder
Johannesbad Saarschleife GmbH & Co.KG,johannesbad saarschleife co kg
Johannesstift Diakonie,johannesstift diakonie
Johanneswerk bewegt...,johanneswerk bewegt
Johanniter,johanniter
Johanniter Mittelrhein,johanniter mittelrhein
Johanniter RV Östliches Ruhrgebiet,johanniter rv östliches ruhrgebiet
Johanniter-Unfall-Hilfe e.V.,johanniter unfall hilfe e v
John,john
John Cockerill UVK GmbH,john cockerill uvk
John Deere,john deere
Johnson & Johnson,johnson johnson
Johnson Controls,johnson controls
Johnson Electric,johnson electric
Joimax GmbH,joimax
Join Solutions,join solutions
Jona,jona
Jonas,jonas
Jonas Eiken,jonas eiken
Jonasson,jonasson
Jones Day,jones day
Jones Lang LaSalle SE,jones lang lasalle
Jordan,jordan
Josef,josef
Josef Barthelme GmbH & Co.KG,josef barthelme co kg
Josef Reding Schule,josef reding schule
Joshua,joshua
Josip Bajic,josip bajic
Jost Hurler Beteiligungs und Verwaltungs GmbH & Co. KG,jost hurler beteiligungs und verwaltungs co kg
Jost Hurler Gruppe,jost hurler gruppe
Josua,josua
JuJo,jujo
Juan Sebastian,juan sebastian
Jugendberatung Freiburg,jugendberatung freiburg
Jugenddorf Sickingen,jugenddorf sickingen
Jugendhilfe St. Maria,jugendhilfe st maria
Jugendwerk Aufbau Ost JAO gGmbH,jugendwerk aufbau ost jao ggmbh
Juho,juho
Juhr-Klein-Lörsch Architekten,juhr klein lörsch architekten
Juit,juit
Juli Susann Photographie,juli susann photographie
Julia,julia
Julia+Ingo,julia+ingo
Julian,julian
Jump Bee Hüpfburg Verleih,jump bee hüpfburg verleih
Jung & Billig,jung billig
Jung & Krebs,jung krebs
Jung Kreutz Mathieu Steuerberatung,jung kreutz mathieu steuerberatung
Jung Werkzeugbau,jung werkzeugbau
Jungbluth Fördertechnik,jungbluth fördertechnik
Jungbluth Gruppe,jungbluth gruppe
Junge Liberale Kreisverband Saarbrücken Stadt,junge liberale kreisverband saarbrücken stadt
Jungheinrich,jungheinrich
Jungheinrich Vertrieb,jungheinrich vertrieb
Jungheinrich Vertrieb Deutschland,jungheinrich vertrieb
Jungheinrich Vertrieb Deutschland AG & Co. KG,jungheinrich vertrieb co kg
Jungjohann running crew,jungjohann running crew
Jura Beton,jura beton
Just EN-DO it,just en do it
JustWatch,justwatch
Justiz Freiburg,justiz freiburg
Justiz Koblenz,justiz koblenz
Justiz München,justiz münchen
Justizvollzugsanstalt Köln,justizvollzugsanstalt köln
Justizzentrum Aachen,justizzentrum aachen
Justus Grosse,justus grosse
Jutta Weber,jutta weber
Juule,juule
Juwelier Fridrich,juwelier fridrich
Juwelier Nittel,juwelier nittel
JvM Unicorns,jvm unicorns
Jäger Erodiertechnik,jäger erodiertechnik
Jäger Group,jäger
Jäger des verlorenen Schatzes,jäger des verlorenen schatzes
Jäger und Heckerhasel,jäger und heckerhasel
Jäger-Gruppe,jäger gruppe
Jörg Gummlich,jörg gummlich
Jüdisches Krankenhaus Berlin,jüdisches krankenhaus berlin
Jürgen,jürgen
Jürgen Grothe,jürgen grothe
Jürgen Klose Industrietechnik KG,jürgen klose industrietechnik kg
K&L Gates,k l gates
K&M,k m
K+L & Friends,k+l friends
K+M,k+m
K-Recruiting GmbH,k recruiting
K-TEAM Immobilien GmbH,k team immobilien
K.I.T. Group,k i t
K1 Verwaltungs GmbH,k1 verwaltungs
K4.DIGITAL GmbH,k4 digital
K4.Runners,k4 runners
KA+G,ka+g
KADE GmbH,kade
KADE läuft,kade läuft
KAEFER Team,kaefer team
KAG - The Endurance Runners,kag the endurance runners
KAGEMA,kagema
KAISER & SOZIEN,kaiser sozien
KALDEWEI,kaldewei
KAMPMEYER,kampmeyer
KANN-Gruppe,kann gruppe
KAP,kap
KAP 6,kap 6
KATTAU + PARTNER,kattau + partner
KAUFMANN Stahl,kaufmann stahl
KAV-Team,kav team
KAYAK,kayak
KBBZ Dillingen,kbbz dillingen
KBBZ Saarlouis,kbbz saarlouis
KBM Legal,kbm legal
KBP Ingenieure GmbH,kbp ingenieure
KBPK,kbpk
KBS Team,kbs team
KBS-Bau,kbs bau
KC Risk AG,kc risk
KC goes Active,kc goes active
KCI Running Gag,kci running gag
KD Schmid Runners,kd schmid runners
KD Team,kd team
KD-Bank Dortmund,kd bank dortmund
KD-Roadrunner,kd roadrunner
KDS,kds
KDS - Kompressoren und Druckluftservice GmbH,kds kompressoren und druckluftservice
KDVZ - Digital Sprint(ers),kdvz digital sprint(ers)
KE Associates GmbH,ke associates
KEB,keb
KESSLER,kessler
KET Karosserie Entwicklung Thurner G,ket karosserie entwicklung thurner g
KEWAZO GmbH,kewazo
KEYOU,keyou
KEYOU GmbH,keyou
KF Unternehmensgruppe,kf unternehmensgruppe
KFK,kfk
KFO-Team,kfo team
KFR - München,kfr münchen
KFR - Runners Team,kfr runners team
KFR Kirchhoff Franke Riethmüller Partnerschaft von Rechtsanwälte mbB,kfr kirchhoff franke riethmüller partnerschaft von rechtsanwälte mbb
KFZ Klinik Klein,kfz klinik klein
KFZ-Sachverständiger Voss,kfz sachverständiger voss
KGA München,kga münchen
KGSt,kgst
KHLeistungsspitzen,khleistungsspitzen
KHM Köln,khm köln
KHS GmbH,khs
KHS Kampfmittelbergung Hamburg,khs kampfmittelbergung hamburg
KHS Lauf-Team,khs lauf team
KI statt KO,ki statt ko
KIB Gruppe,kib gruppe
KIB Projekt GmbH,kib projekt
KIJU,kiju
KINA INGENIEURE,kina ingenieure
KINAST Rechtsanwälte,kinast rechtsanwälte
KINDERSCHUTZ MÜNCHEN,kinderschutz münchen
KINGSTONE Real Estate,kingstone real estate
KIOTIES,kioties
KIRINUS Health GmbH,kirinus health
KISTERS,kisters
KITA Sonnenschein,kita sonnenschein
KInderschutzambulanz,kinderschutzambulanz
KJA LRO,kja lro
KKG,kkg
KKH,kkh
KKH Running Team,kkh running team
KKI Hamburg,kki hamburg
KKI Running,kki running
KKL Klimatechnik-Vertriebs GmbH,kkl klimatechnik vertriebs
KKN,kkn
KKS,kks
KLA,kla
KLEIBERIT,kleiberit
KLEINE VERGABE GROSSE WIRKUNG,kleine vergabe grosse wirkung
KLEUSBERG-RUNNER,kleusberg runner
KLIEMT Arbeitsrecht,kliemt arbeitsrecht
KLIEMT.Arbeitsrecht,kliemt arbeitsrecht
KMFV,kmfv
KMH,kmh
KMH Homies,kmh homies
KMLS - Mit uns läuft's!,kmls mit uns läuft's!
KMS Bauüberwachung,kms bauüberwachung
KMS Bauüberwachung GmbH,kms bauüberwachung
KMS Slow Sloths,kms slow sloths
KMS Vertrieb und Services GmbH,kms vertrieb und services
KMT,kmt
KMpro München,kmpro münchen
KNAPP Smart Solutions,knapp smart solutions
KNAUER Peak Performers,knauer peak performers
KNAUER Wissenschaftliche Geräte GmbH,knauer wissenschaftliche geräte
KNAUF Performance Materials GmbH,knauf performance materials
KNISTR,knistr
KNOLLtastics,knolltastics
KNOLLtastics on the run,knolltastics on the run
KNX-Trainingcenter.com,knx trainingcenter com
KOB GmbH,kob
KOCH Running Crew,koch running crew
KOCH Solutions GmbH,koch solutions
KOCKS Ingenieure,kocks ingenieure
KODIAK,kodiak
KOMATSU,komatsu
KOMEG,komeg
KONUX,konux
KONUX GmbH,konux
KONZEPTUM,konzeptum
KORSCH AG,korsch
KOZLOWSKI,kozlowski
KPE-Automation GmbH,kpe automation
KPIT Technologies GmbH,kpit technologies
KPMG,kpmg
KPMG AG,kpmg
KPMG AG Berlin,kpmg berlin
KPMG AG WPG,kpmg wpg
KPMG AG Wirtschaftsprüfungsgesellsc,kpmg wirtschaftsprüfungsgesellsc
KPMG AG Wirtschaftsprüfungsgesellschaft,kpmg wirtschaftsprüfungsgesellschaft
KPMG Dortmund,kpmg dortmund
KPMG Freiburg,kpmg freiburg
KPMG Nürnberg,kpmg nürnberg
KRANKENHAUS PORZ AM RHEIN gGmbH,krankenhaus porz am rhein ggmbh
KRAUS & LEDERER,kraus lederer
KREBS+KIEFER,krebs+kiefer
KREDIT RAKETEN,kredit raketen
KRIEGER seit 1802,krieger seit 1802
KRIKO Engineering,kriko engineering
KROHN Rechtsanwälte,krohn rechtsanwälte
KRONGAARD GmbH,krongaard
KRUPS,krups
KS,ks
KS Elite,ks elite
KS Engineers,ks engineers
KS Huayu Team,ks huayu team
KS Runners,ks runners
KS Steuer - Laufend beraten!,ks steuer laufend beraten!
KS-Sportsworld,ks sportsworld
KSB,ksb
KSB INTAX,ksb intax
KSE Energie GmbH,kse energie
KSG Hannover - back in town,ksg hannover back in town
KSG-Hannover GmbH,ksg hannover
KSK Köln,ksk köln
KSRW,ksrw
KSV Berghausen 1952,ksv berghausen 1952
KSV GmbH,ksv
KTG Karlsruhe Tourismus GmbH,ktg karlsruhe tourismus
KTK Frank - Läuft bei uns,ktk frank läuft bei uns
KTO,kto
KTP Kunststoff Palettentechnik GmbH,ktp kunststoff palettentechnik
KTP Kunststoffpalettentechnik GmbH,ktp kunststoffpalettentechnik
KTR,ktr
KUBUS360&herrmann+bosch architekten,kubus360 herrmann+bosch architekten
KUGI Speed Runners,kugi speed runners
KUGU Stars,kugu stars
KUKA Assembly & Test GmbH,kuka assembly test
KUMAVISION AG,kumavision
KUNKEL + Partner Ingenieure GmbH,kunkel + partner ingenieure
KUNZ GmbH,kunz
KV Nordrhein,kv nordrhein
KV Saarland,kv saarland
KVBW,kvbw
KWA Kuratorium Wohnen i. Alter gAG LKH,kwa kuratorium wohnen i alter gag lkh
KWA Stift Urbana,kwa stift urbana
KZV BW,kzv bw
KZV Nordrhein,kzv nordrhein
KZVB-Runner,kzvb runner
KZVK,kzvk
Kai,kai
Kai Marquardt,kai marquardt
Kaiser,kaiser
Kaiser-liche Runners,kaiser liche runners
KaisersLäufer,kaisersläufer
Kali und Co.,kali und co
Kalle,kalle
Kallisto Consulting GmbH,kallisto consulting
Kaltwasser Kommunikation GmbH,kaltwasser kommunikation
Kalzip GmbH,kalzip
Kanalhelden,kanalhelden
Kantar GmbH,kantar
Kanwischer,kanwischer
Kanzlei Baumeister Rosing,kanzlei baumeister rosing
Kanzlei Bercher,kanzlei bercher
Kanzlei Dr. Friedrichs & Partner,kanzlei dr friedrichs partner
Kanzlei Dr. Oehler,kanzlei dr oehler
Kanzlei Dr. Theml,kanzlei dr theml
Kanzlei Ertelt,kanzlei ertelt
Kanzlei Fasbender Burdack Buch,kanzlei fasbender burdack buch
Kanzlei Gritschneder,kanzlei gritschneder
Kanzlei Heidemann & Haselbach,kanzlei heidemann haselbach
Kanzlei Helgers,kanzlei helgers
Kanzlei Ribas & Partner,kanzlei ribas partner
Kanzlei Steinkugler,kanzlei steinkugler
Kanzlei Vogeler,kanzlei vogeler
Kanzlei WTW,kanzlei wtw
Kanzlei Zink,kanzlei zink
Kanzlei am Amtshaus,kanzlei am amtshaus
Kanzlei dehmer,kanzlei dehmer
Kap6,kap6
Kapellmann Rechtsanwälte,kapellmann rechtsanwälte
Kapellmann und Partner,kapellmann und partner
Kapellmann und Partner Rechtsanwälte,kapellmann und partner rechtsanwälte
Kapellmann und Partner Rechtsanwälte mbB,kapellmann und partner rechtsanwälte mbb
KarMa,karma
Kardio-Girls,kardio girls
Kardiologie in Nürnberg und Erlangen,kardiologie in nürnberg und erlangen
Karen Lühning,karen lühning
Karer Consulting AG,karer consulting
Karina,karina
Karl Gross Internationale Spedition GmbH,karl gross internationale spedition
Karl-König-Schule gGmbH,karl könig schule ggmbh
Karl-Olga-Krankenhaus,karl olga krankenhaus
Karla,karla
Karlscom,karlscom
Karlsons und Hermines Opa,karlsons und hermines opa
Karlsruher SC GmbH & Co. KG aA,karlsruher sc co kg aa
Karma,karma
Karo,karo
Karosseriebau Schneider GbR,karosseriebau schneider gbr
KarrCBw Saarlouis,karrcbw saarlouis
Karrierecenter der Bundeswehr,karrierecenter der bundeswehr
Kartesia,kartesia
Kartoffelis,kartoffelis
Kartoffelteam,kartoffelteam
Kaspar X,kaspar x
Kassenärztliche Vereinigung BaWü,kassenärztliche vereinigung bawü
Kassenärztlicheverinigung BaWü,kassenärztlicheverinigung bawü
Kast Runners,kast runners
Kastien,kastien
Katecholamin-Kommando,katecholamin kommando
Kath. St. Paulus Gesellschaft,kath st paulus gesellschaft
Kath. St.-Paulus-Gesellschaft GmbH,kath st paulus gesellschaft
Kath. St.-Paulus-Gesellschaft gGmbH,kath st paulus gesellschaft ggmbh
Katharina,katharina
Katharina Kunde,katharina kunde
Katholische Familienbildungsstätte,katholische familienbildungsstätte
Katholische KiTa gGmbH Saarland,katholische kita ggmbh saarland
Katholische Stiftung Haus St. Josef,katholische stiftung haus st josef
Katholischer Männerfürsorgeverein München e.V.,katholischer männerfürsorgeverein münchen e v
Katholisches Jugendsozialwerk Mü,katholisches jugendsozialwerk mü
Katholisches Jugendsozialwerk München e.V.,katholisches jugendsozialwerk münchen e v
Kathrin,kathrin
Katja Werner,katja werner
Katrin,katrin
Katz GmbH,katz
Katz Runners,katz runners
Kaufland,kaufland
Kaufland Dienstleistung Ost GmbH & Co. KG,kaufland dienstleistung ost co kg
Kaufland Dienstleistung Süd-Ost GmbH & Co. KG,kaufland dienstleistung süd ost co kg
Kaufland e-commerce,kaufland e commerce
Kaufland e-commerce Services GmbH & Co. KG,kaufland e commerce services co kg
Kaulen Funrunner,kaulen funrunner
Kazenmaier Leasing,kazenmaier leasing
"Keep Running, Beer Happy",keep running beer happy
Keep The Business Running,keep the business running
Keep Veiting,keep veiting
Keep-Smiling,keep smiling
Kehrbach Planwerk,kehrbach planwerk
Kehrbaum Architekten,kehrbaum architekten
Kehrkraut,kehrkraut
Kein Handicap,kein handicap
Keine Gnade für die Wade,keine gnade für die wade
Keller,keller
Keller & Kalmbach,keller kalmbach
Keller & Kalmbach GmbH,keller kalmbach
Keller Bürsten,keller bürsten
Keller Schneider IP,keller schneider ip
Kempfert + Partner Geotechnik,kempfert + partner geotechnik
Kemény Boehme & Company GmbH,kemény boehme company
Kenhub GmbH,kenhub
Kennametal,kennametal
Kennametal Shared Services GmbH,kennametal shared services
Kerberos Compliance,kerberos compliance
KernFit,kernfit
Kerstin,kerstin
Kerstin Brumm,kerstin brumm
Kessler-Handorn,kessler handorn
Kestenholz,kestenholz
Ketch us,ketch us
Ketchum,ketchum
Ketchum GmbH,ketchum
Ketek GmbH,ketek
Keuthmann,keuthmann
Kevin,kevin
Kevin Schössow,kevin schössow
Key-Systems GmbH,key systems
KeyRunner,keyrunner
Keyler Consult,keyler consult
Keyler Consult GmbH,keyler consult
Keylezz,keylezz
KfH Dialyse,kfh dialyse
KfH Nierenzentrum Nürnberg-West,kfh nierenzentrum nürnberg west
KfN - weise heilen - natürlich fit,kfn weise heilen natürlich fit
KfW Bankengruppe,kfw bankengruppe
KfW Runners,kfw runners
Kfn,kfn
Khoch3,khoch3
KiTa Kerzrumer Eidechseneschd,kita kerzrumer eidechseneschd
Kickers Offenbach,kickers offenbach
Kidizeit Hannover,kidizeit hannover
Kieback&Peter,kieback peter
Kieback&Peter GmbH & Co. KG,kieback peter co kg
Kiefer & Dörr GmbH,kiefer dörr
Kieferorthopädie Fünf Höfe,kieferorthopädie fünf höfe
Kiekert AG,kiekert
Kienbaum - The Leadership Pacers,kienbaum the leadership pacers
Kienbaum Consultants International <,kienbaum consultants international <
Kienbaum München,kienbaum münchen
Kienbaum#WePowerment,kienbaum#wepowerment
Kienle&Freche,kienle freche
Kieser Training München,kieser training münchen
Kiesrunners,kiesrunners
Kiga Kunterbunt,kiga kunterbunt
Kilometer gegen Krebs,kilometer gegen krebs
Kim Anna,kim anna
Kimberly-Clark,kimberly clark
Kinder in Bewegung,kinder in bewegung
Kinder- und Jugendarzt Thomas Ebert,kinder und jugendarzt thomas ebert
Kinder- und Jugendarztpraxis Dr. Schahin Aliani,kinder und jugendarztpraxis dr schahin aliani
Kinder- und Jugendhilfe St. Maria,kinder und jugendhilfe st maria
Kinder-u Jugendhospiz Regenbogenland,kinder u jugendhospiz regenbogenland
KinderEvents Sehnde,kinderevents sehnde
KinderHelden-Mentoring macht stark,kinderhelden mentoring macht stark
KinderSpielHaus,kinderspielhaus
Kinderarztpraxis Wendelstein,kinderarztpraxis wendelstein
Kinderbewegungshaus Sportissimo,kinderbewegungshaus sportissimo
Kinderdialyse München,kinderdialyse münchen
Kinderhospiz Löwenherz,kinderhospiz löwenherz
Kinderlebensträume e.V.,kinderlebensträume e v
Kindern wachsen Flügel,kindern wachsen flügel
Kindern wachsen Flügel gGmbH,kindern wachsen flügel ggmbh
Kinderpflege Bärenstark,kinderpflege bärenstark
Kinderschutz München,kinderschutz münchen
Kinderschutzambulanz,kinderschutzambulanz
Kindertagesstätten Berlin Süd-West,kindertagesstätten berlin süd west
Kindertagesstätten SüdOst,kindertagesstätten südost
Kinderzentren Kunterbunt gGmbH,kinderzentren kunterbunt ggmbh
Kindler,kindler
King of Cash,king of cash
King7ag,king7ag
Kintiga,kintiga
Kintyre,kintyre
Kira,kira
Kirchberg Runners,kirchberg runners
Kirchbergschule Schwalbach,kirchbergschule schwalbach
Kirche in Bewegung,kirche in bewegung
Kirchhoff Automotive Deutschland GmbH,kirchhoff automotive
Kirchhoff Consult,kirchhoff consult
Kirchhoff Lauflungen,kirchhoff lauflungen
Kirchl Sozialstation Ettlingen eV,kirchl sozialstation ettlingen ev
Kiss & Fly,kiss fly
Kita Am Hackenbruch,kita am hackenbruch
Kita Kinderland im Kreis Saarlouis,kita kinderland im kreis saarlouis
Kita Kinderland im Kreis Saarlouis gGmbH,kita kinderland im kreis saarlouis ggmbh
Kita Menschenkinder in ARB,kita menschenkinder in arb
Kita Oertelufer,kita oertelufer
Kita St Peter und Paul,kita st peter und paul
Kita St. Peter und Paul,kita st peter und paul
Kita Trippstadt,kita trippstadt
Kitas St. Barbara und Kleine Arche L,kitas st barbara und kleine arche l
Kitti,kitti
Kitz Heimat,kitz heimat
Kiwa BCS,kiwa bcs
Kiwa BCS Öko-Garantie GmbH,kiwa bcs öko garantie
KlaKi,klaki
Klaus Faber AG,klaus faber
Klaus Heuser GmbH,klaus heuser
Klaus Union,klaus union
KleeMoe Media,kleemoe media
Kleeberg,kleeberg
Klein & Gebhardt GmbH,klein gebhardt
Klein 2 UG,klein 2 ug
Klein und Partner,klein und partner
Klein und Partner Wirtschafts- und Steuerberatungsgesellschaft,klein und partner wirtschafts und steuerberatungsgesellschaft
Kleinanzeigen & mobile,kleinanzeigen mobile
Kleinanzeigen & mobile.de,kleinanzeigen mobile de
Kleine,kleine
Kleine Klauentiere,kleine klauentiere
Kleine Rückblende,kleine rückblende
Kleine Wolke,kleine wolke
Kleiner: Steuerberater,kleiner: steuerberater
Kleintierklinik Frank,kleintierklinik frank
Kleintierpraxis Kaiserslautern,kleintierpraxis kaiserslautern
Klenk & Hoursch AG,klenk hoursch
Klett Dortmund,klett dortmund
Kleyling Spedition GmbH,kleyling spedition
KlickPiloten,klickpiloten
Kliemt.Arbeitsrecht,kliemt arbeitsrecht
Kliewe GmbH,kliewe
Klinik Berus,klinik berus
Klinik Josephinum gAG,klinik josephinum gag
Klinik Lilienthal,klinik lilienthal
Klinik Manhagen,klinik manhagen
Klinik Schöneberg,klinik schöneberg
Klinik Wied,klinik wied
Klinik für Vögel & Kleinsäuger - LMU,klinik für vögel kleinsäuger lmu
"Klinik für Vögel, Reptilien, Amphibien & Zierfische",klinik für vögel reptilien amphibien zierfische
Kliniken Dr. Erler gGmbH,kliniken dr erler ggmbh
Kliniken Schmieder,kliniken schmieder
Kliniken der Stadt Köln gGmbH,kliniken der stadt köln ggmbh
Klinikschule,klinikschule
Klinikum Dortmund,klinikum dortmund
Klinikum Dritter Orden,klinikum dritter orden
Klinikum Nürnberg,klinikum nürnberg
Klinikum Peine,klinikum peine
Klinikum Region Hannover GmbH,klinikum region hannover
Klinikum Uni München,klinikum uni münchen
Klinikum Wahrendorff GmbH,klinikum wahrendorff
Klinikum der Ludwig-Maximilians-Universität München (Klinikum der Universität München),klinikum der ludwig maximilians universität münchen (klinikum der universität münchen)
KlinikumDO gGmbH,klinikumdo ggmbh
Klocke,klocke
Kloeckner Metals Germany GmbH,kloeckner metals germany
Kloepfel Consulting,kloepfel consulting
Klosterfrau Group - Running Team,klosterfrau running team
Klumpp,klumpp
Klöckner,klöckner
Klöckner Pentaplast GmbH,klöckner pentaplast
Klöckner Pentaplast Team Ritterhude,klöckner pentaplast team ritterhude
Klüber Lubrication,klüber lubrication
Klüber Lubrication GmbH & Co. KG,klüber lubrication co kg
Klüh Multiservices,klüh multiservices
KnAlli Galli & Knittel Steuerbrater,knalli galli knittel steuerbrater
Knappschaft Kliniken Gelsenkirchen,knappschaft kliniken gelsenkirchen
Knauer&,knauer
Knauf Digital,knauf digital
Knauf Digital GmbH,knauf digital
Knauf Interfer,knauf interfer
Knauf Interfer Stahl Service Center GmbH,knauf interfer stahl service center
Knebel und Partner,knebel und partner
Knebel und Partner mbB,knebel und partner mbb
Knick GmBH,knick
Knick Runners,knick runners
Knieschoner,knieschoner
Kniggendorf,kniggendorf
Knorrianer,knorrianer
Knuddels,knuddels
Knuspr,knuspr
Knuspr.de,knuspr de
Knut,knut
Knöllinger,knöllinger
KoSPrinterinnen,kosprinterinnen
Kobold Serviceteam,kobold serviceteam
Koch,koch
Koch & Kollegen,koch kollegen
Koch Automobile,koch automobile
Koch Haustechnik GmbH,koch haustechnik
Kochstrasse,kochstrasse
Kocks Consult GmbH,kocks consult
Koelnmesse GmbH,koelnmesse
Kohldampfschieber,kohldampfschieber
Koller + Schwemmer GmbH,koller + schwemmer
Kolpingcrew,kolpingcrew
KomRe-Runners,komre runners
Komatsu Germany GmbH,komatsu germany
Komm.ONE Karlsruhe,komm one karlsruhe
Komm.RUNFR,komm runfr
KommunalKonzept BW GmbH,kommunalkonzept bw
Kompetenzcenter Risikosteuerung - KC Risk AG,kompetenzcenter risikosteuerung kc risk
Konditionsgruppe Bauen,konditionsgruppe bauen
Konditorei Baumann,konditorei baumann
Kondor Wessels,kondor wessels
Kone GmbH,kone
Konen & Lorenzen,konen lorenzen
Konen & Lorenzen GmbH & Co KG,konen lorenzen co kg
Konopatzki + Traumer Steuerberatung,konopatzki + traumer steuerberatung
Konstandin,konstandin
Konstandin GmbH,konstandin
Kornrumpf,kornrumpf
Korsch Verlag,korsch verlag
Kozicki Mälzer Steuerberater,kozicki mälzer steuerberater
Kraft Heinz,kraft heinz
Kraftanlagen Energies & Services,kraftanlagen energies services
Kraftanlagen Energies & Services SE,kraftanlagen energies services
Kraftanlagen Hamburg,kraftanlagen hamburg
Kraftwerk,kraftwerk
Kraken Tech,kraken tech
Kramer&Crew,kramer crew
Kramp Fußorthopädie GmbH,kramp fußorthopädie
Krankenhaus Bethel Berlin,krankenhaus bethel berlin
Krankenhaus Martha Maria,krankenhaus martha maria
Krankenhaus Rummelsberg GmbH,krankenhaus rummelsberg
Krankenhaus St. Joseph-Stift GmbH,krankenhaus st joseph stift
Krankenhaus für Naturheilweisen,krankenhaus für naturheilweisen
Krankenhausgesellschaft St. Vincenz,krankenhausgesellschaft st vincenz
Krankenpflegedienste Köln,krankenpflegedienste köln
Kraus & Naimer,kraus naimer
KraussMaffei Extrusion,kraussmaffei extrusion
KraussMaffei Technologies GmbH,kraussmaffei technologies
Krebs Consulting&IT-Services GmbH,krebs consulting it services
Kreis Euskirchen,kreis euskirchen
Kreis Euskirchen - Läuft bei uns!,kreis euskirchen läuft bei uns!
Kreis Heinsberg,kreis heinsberg
Kreissparkasse Diepholz,kreissparkasse diepholz
Kreissparkasse Köln,kreissparkasse köln
Kreissparkasse Mayen,kreissparkasse mayen
Kreissparkasse Saarlouis,kreissparkasse saarlouis
Kreissparkasse Syke,kreissparkasse syke
Kreisstadt Merzig,kreisstadt merzig
Kreisstadt Saarlouis,kreisstadt saarlouis
Kreisverwaltung Cochem-Zell,kreisverwaltung cochem zell
Kreisverwaltung Kaiserslautern,kreisverwaltung kaiserslautern
Kreisverwaltung Kusel,kreisverwaltung kusel
Kreisverwaltung Mayen-Koblenz,kreisverwaltung mayen koblenz
Kreisverwaltung Neuwied,kreisverwaltung neuwied
Kreisverwaltung Rhein-Hunsrück,kreisverwaltung rhein hunsrück
Kreisverwaltung Westerwaldkreis,kreisverwaltung westerwaldkreis
Kreutzer Consulting,kreutzer consulting
Kreutzträger läuft cool,kreutzträger läuft cool
Krieger+Schramm,krieger+schramm
Krishna Subramanya,krishna subramanya
Kristina,kristina
Kristina ist stolz wenn ich laufe!,kristina ist stolz wenn ich laufe!
Kromer,kromer
Krone Filter Solutions GmbH,krone filter solutions
Krug Grossmann Architekten,krug grossmann architekten
Krug Grossmann Architekten GmbH,krug grossmann architekten
Krämer IT,krämer it
Kröners Laufadel,kröners laufadel
Krüger Group Running Team,krüger running team
Krüger Hannover GmbH & Co. KG,krüger hannover co kg
Kudo Maniacs,kudo maniacs
Kuehne + Nagel NBG,kuehne + nagel nbg
Kugler Feinkost GmbH,kugler feinkost
Kuhlmann,kuhlmann
Kuhse Energy Group,kuhse energy
Kukla,kukla
Kukor Brunnenbau,kukor brunnenbau
Kull & Weinzierl,kull weinzierl
Kull & Weinzierl GmbH & Co. KG VERWALTUNG,kull weinzierl co kg verwaltung
Kumavision,kumavision
Kunert/Heyne,kunert/heyne
Kunz Bauplanung + Management GmbH,kunz bauplanung + management
Kunz Rechtsanwälte,kunz rechtsanwälte
Kunze + Stamm GmbH,kunze + stamm
Kupczyk-Baurecht,kupczyk baurecht
Kupfer,kupfer
Kupfer-Runners,kupfer runners
Kur + Reha GmbH,kur + reha
Kursana Domizil Dachau,kursana domizil dachau
Kursana Family Pullach,kursana family pullach
Kusch,kusch
Kussel-Wenski Architekten,kussel wenski architekten
Kyndryl Deutschland GmbH,kyndryl
Kyndryl Munich,kyndryl munich
Kyocera Europe GmbH,kyocera europe
Kyocera Neuss Team 2024,kyocera neuss team 2024
Kyowa Kirin Patient Rebels,kyowa kirin patient rebels
KÖ 59,kö 59
KÖ3-Runners,kö3 runners
KÖBERL Group,köberl
KÖLLA - the fruit company,kölla the fruit company
KÖNIG METALL,könig metall
KÖNIGSTEINER Agentur GmbH,königsteiner agentur
KÜS,küs
Käfigläufer,käfigläufer
Kälte-Freunde,kälte freunde
Käsedings,käsedings
Kö59,kö59
Köberl Group GmbH,köberl
Köln-West on fire,köln west on fire
Köln.Assekuranz Agentur,köln assekuranz agentur
KölnBusiness,kölnbusiness
Kölner Anwaltverein e.V.,kölner anwaltverein e v
Kölner Pensionskasse,kölner pensionskasse
Kölner Pensionskasse VVaG i.L.,kölner pensionskasse vvag i l
Kölner Sportstätten GmbH,kölner sportstätten
Kölner Stadt-Anzeiger Medien,kölner stadt anzeiger medien
Kölner Verkehrs Betriebe,kölner verkehrs betriebe
Kölner Wohnungsgenossenschaft,kölner wohnungsgenossenschaft
König Betreuungen,könig betreuungen
König Gruppe,könig gruppe
König Kanaltechnik GmbH,könig kanaltechnik
KönigsKinder,königskinder
Königskinder,königskinder
Königsrudel,königsrudel
Königsteiner Agentur GmbH,königsteiner agentur
Körber,körber
Körber Parcel Logistics,körber parcel logistics
Körber Supply Chain Logistics GmbH,körber supply chain logistics
Körling Interiors,körling interiors
Körling Interiors GmbH & Co. KG,körling interiors co kg
Körperformen Wunstorf/Neustadt,körperformen wunstorf/neustadt
Köster,köster
Köttermann GmbH,köttermann
KüS,küs
Kübler Sport GmbH,kübler sport
Küchenoberst,küchenoberst
Küffner GmbH,küffner
Kühne,kühne
Kühne + Nagel,kühne + nagel
Kühne + Nagel (AG & Co.) KG,kühne + nagel (ag co ) kg
Kühne GmbH,kühne
Kühne-Nagel (AG&Co.) KG,kühne nagel (ag co ) kg
L & D,l d
L&P Automotive Europe Headquarters,l p automotive europe headquarters
L&T Technology Services Ltd.,l t technology services ltd
L&W Intensivpflegedienst,l w intensivpflegedienst
L'Osteria,l'osteria
L-Bank,l bank
L21 BCG Team Running,l21 bcg team running
L3 Consulting,l3 consulting
L3S Research Center,l3s research center
L@uft.,l@uft
LA Runners,la runners
LAF,laf
LAGeSo,lageso
LANCOM Systems (B2Run Aachen24),lancom systems (b2run aachen24)
LANCOM Systems GmbH,lancom systems
LAP,lap
LAP Architekten & Effizienz Helden,lap architekten effizienz helden
LASH+LIFT Ramstein,lash+lift ramstein
LASH+LIFT Zurr- und Hebetechnik GmbH Standort Ramstein,lash+lift zurr und hebetechnik standort ramstein
LAUFFREUNDE,lauffreunde
LAUFWERK,laufwerk
LAYA Solutions GmbH,laya solutions
LBB NL Kaiserslautern/ Weilerbach,lbb nl kaiserslautern/ weilerbach
LBBW,lbbw
LBBW Immobilien Management GmbH,lbbw immobilien management
LBBW Immobilien-Gruppe,lbbw immobilien gruppe
LBF Rheinland-Süd,lbf rheinland süd
LBM Kaiserslautern,lbm kaiserslautern
LBMUC,lbmuc
LBS Nord,lbs nord
LBS NordOst AG,lbs nordost
LBS NordWest,lbs nordwest
LBV NRW,lbv nrw
LC Adler Bottrop,lc adler bottrop
LDI #läuft,ldi #läuft
LEAD,lead
LED-Lichtraum,led lichtraum
LEG,leg
LEG Immobilien SE,leg immobilien
LEG Management GmbH,leg management
LEGO GmbH,lego
LEICHTSINN media,leichtsinn media
LEISTRITZ,leistritz
LEITWERK Consulting GmbH,leitwerk consulting
LEONARDO ADAMO COIFFEURE,leonardo adamo coiffeure
LEONHARD WEISS GmbH & Co. KG,leonhard weiss co kg
LEONI Bornetz-Systeme GmbH,leoni bornetz systeme
LEONI Kabel runners,leoni kabel runners
LEONINE,leonine
LEONIken,leoniken
LERAD,lerad
LERN-ACADEMY,lern academy
LES SAVOYARDS,les savoyards
LEUE & NILL GmbH & Co. KG,leue nill co kg
LEWIS Communications GmbH,lewis communications
LFG Saar,lfg saar
LFM NRW,lfm nrw
LG Ohmbachsee e. V.,lg ohmbachsee e v
LG Staaken,lg staaken
LGA,lga
LGAD,lgad
LGBS,lgbs
LGC Genomics,lgc genomics
LGFR,lgfr
LGL Oberschleißheim,lgl oberschleißheim
LGST - Abteilung Rettungsdienst,lgst abteilung rettungsdienst
LHA,lha
LHI Leasing GmbH,lhi leasing
LHM Services GmbH,lhm services
LHP Rechtsanwälte & Steuerberater,lhp rechtsanwälte steuerberater
LHP Rechtsanwälte StB,lhp rechtsanwälte stb
LHP TAX GmbH,lhp tax
LHR Rechtsanwälte,lhr rechtsanwälte
LHT Runners,lht runners
LIDL,lidl
LIESER Rechtsanwälte,lieser rechtsanwälte
LIFASS Bücher und Medien,lifass bücher und medien
LIGANOVA,liganova
LIKE,like
LIMITD / DEPARTD / The Verse,limitd / departd / the verse
LIMO Team 2024,limo team 2024
LINDA.läuft,linda läuft
LIST Eco,list eco
LISTEco,listeco
LIT,lit
LIT Beratung GmbH,lit beratung
LITEF,litef
LITFASS Bücher und Medien,litfass bücher und medien
LIVANOVA,livanova
LK Metall,lk metall
LKA Saarland,lka saarland
LKB-Runners,lkb runners
LKC Grünwald,lkc grünwald
LKU,lku
LLG Wustweiler,llg wustweiler
LLR Rechtsanwälte,llr rechtsanwälte
LMK Physiotherapie,lmk physiotherapie
LMPS Runners,lmps runners
LMR GmbH,lmr
LMS,lms
LMU Klinikum,lmu klinikum
LMU München,lmu münchen
LNVG Runners,lnvg runners
LOBERON GmbH,loberon
LOBSTARS,lobstars
LOGEX Healthcare Analytics,logex healthcare analytics
LOGICOR,logicor
LOGOCOS,logocos
LOOK//run,look//run
LOOMIS,loomis
LOREBO,lorebo
LORENZ Bau,lorenz bau
LOROP GmbH,lorop
LOSCHELDER,loschelder
LOTTO Niedersachsen,lotto niedersachsen
LPB,lpb
LPG Biomarkt GmbH,lpg biomarkt
LPI,lpi
LPI Ingenieurgesellschaft mbH,lpi ingenieurgesellschaft mbh
LPJ Rakete,lpj rakete
LPKF WeldingQuipment GmbH,lpkf weldingquipment
LRE Medical,lre medical
LSE Space,lse space
LSE Space GmbH,lse space
LSJV Koblenz,lsjv koblenz
LTS AG,lts
LTTS Road Runners,ltts road runners
LTTS Runners,ltts runners
LUBIS EDA,lubis eda
LUCKY rUn,lucky run
LUH Sonderpädagogische Psychologie,luh sonderpädagogische psychologie
LUKAS Hydraulik GmbH,lukas hydraulik
LUNATiCnet GmbH & Co. KG,lunaticnet co kg
LUTZ : ABEL,lutz : abel
LUTZ : ABEL Rechtsanwalts PartG mbB,lutz : abel rechtsanwalts partg mbb
LUTZ Aufzüge,lutz aufzüge
LV 1871,lv 1871
LVBZ Steuerberatung,lvbz steuerberatung
LVM Oyten,lvm oyten
LVMH,lvmh
LVMH Parfums & Kosmetik Deutschland,lvmh parfums kosmetik
LVR-Klinikum Düsseldorf,lvr klinikum düsseldorf
LVermGeo RLP,lvermgeo rlp
LW.P Lüders Warneboldt,lw p lüders warneboldt
LWL,lwl
LWL-Klinik Dortmund,lwl klinik dortmund
LWLcom,lwlcom
LW·P Lüders Warneboldt,lw·p lüders warneboldt
LYNX,lynx
LZD,lzd
LZE GmbH,lze
LZG.NRW,lzg nrw
La Maison Hotel Team,la maison hotel team
LaSiNa,lasina
Lab Heroes,lab heroes
Labor 28,labor 28
Labor Becker,labor becker
Labor Becker MVZ GbR,labor becker mvz gbr
Labor Dr. Volkmann,labor dr volkmann
Labor Dr. Wisplinghoff,labor dr wisplinghoff
Labor Quade,labor quade
Labor Saar,labor saar
Labor Staber,labor staber
Labormäuse - GfL-äuft,labormäuse gfl äuft
Lackaffen,lackaffen
Lafin NRW,lafin nrw
Lahm Söck,lahm söck
Lakal GmbH,lakal
Laksith,laksith
Lambrecht,lambrecht
Lambrecht Rechtsanwälte,lambrecht rechtsanwälte
Land Brandenburg,land brandenburg
Landau Media,landau media
Landbell,landbell
Landesamt für Einwanderung,landesamt für einwanderung
Landesamt für Finanzen NRW,landesamt für finanzen nrw
Landesamt für Mess- und Eichwesen,landesamt für mess und eichwesen
Landesamt für Sicherheit in der IT,landesamt für sicherheit in der it
Landesamt für Sicherheit in der Informationstechnik,landesamt für sicherheit in der informationstechnik
Landesbetrieb Mobilität RLP,landesbetrieb mobilität rlp
Landesbetrieb Straßenbau NRW,landesbetrieb straßenbau nrw
Landesbetrieb für Starßenbau,landesbetrieb für starßenbau
Landesbetrieb für Straßenbau,landesbetrieb für straßenbau
Landesforsten RLP,landesforsten rlp
Landesforsten Rheinland-Pfalz,landesforsten rheinland pfalz
Landeshaupstadt MÜNCHEN,landeshaupstadt münchen
Landeshauptstadt München,landeshauptstadt münchen
Landesjugendpfarramt Kaiserslautern,landesjugendpfarramt kaiserslautern
Landeskirchenamt München,landeskirchenamt münchen
Landesuntersuchungsamt,landesuntersuchungsamt
Landeszentrum für Datenverarbeitung,landeszentrum für datenverarbeitung
Landesärztekammer Hessen,landesärztekammer hessen
Landfrauen Lambsheim,landfrauen lambsheim
Landgericht Düsseldorf,landgericht düsseldorf
Landis+Gyr GmbH,landis+gyr
Landkreis Havelland,landkreis havelland
Landkreis Merzig-Wadern,landkreis merzig wadern
Landkreis Märkisch-Oderland,landkreis märkisch oderland
Landkreis Oldenburg,landkreis oldenburg
Landkreis Saarlouis,landkreis saarlouis
Landkreis St. Wendel,landkreis st wendel
Landport,landport
Landratsamt Breisgau-Hochschwarzwald,landratsamt breisgau hochschwarzwald
Landratsamt Fürstenfeldbruck,landratsamt fürstenfeldbruck
Landratsamt München,landratsamt münchen
Lands' End GmBH,lands' end
Landschaftsagentur Plus GmbH,landschaftsagentur plus
Landschaftsverband Rheinland,landschaftsverband rheinland
Lands´ End GmbH,lands´ end
Landtagsamt,landtagsamt
Landwärme,landwärme
Landwärme GmbH,landwärme
Lanes & Planes GmbH,lanes planes
Lang & Cie.,lang cie
Lang & Schwarz Aktiengesellschaft,lang schwarz aktiengesellschaft
Lang Hugger Rampp GmbH,lang hugger rampp
Langmatz,langmatz
Langsam aber hübsch,langsam aber hübsch
Lanies,lanies
Lantzerath Tankstellentechnik GmbH,lantzerath tankstellentechnik
Larbig & Mortag Immobilien,larbig mortag immobilien
Larbig & Mortag Immobilien GmbH,larbig mortag immobilien
Larissa Kästel,larissa kästel
Lars,lars
Lars Eckey,lars eckey
Laser Runers,laser runers
Laser Zentrum Hannover e.V.,laser zentrum hannover e v
Laserline GmbH,laserline
Last but not least!,last but not least!
Last-Minute-Funstarter B2Run Köln,last minute funstarter b2run köln
LateNight - Der Fussball Talk,latenight der fussball talk
Latham & Watkins,latham watkins
Latham & Watkins LLP,latham watkins llp
LauSi-ge Gruppe,lausi ge gruppe
Lauf Dimi Lauf,lauf dimi lauf
Lauf Postcode Lauf,lauf postcode lauf
"Lauf, .FACTUM, Lauf!",lauf factum lauf!
"Lauf, Patho, Lauf",lauf patho lauf
LaufPenthsum,laufpenthsum
Laufbiester,laufbiester
Laufbuddys Stadt Herbolzheim,laufbuddys stadt herbolzheim
Laufen In Köln,laufen in köln
Laufen in Köln,laufen in köln
Laufen und Stricken Vegesack,laufen und stricken vegesack
Laufend im Einsatz,laufend im einsatz
Laufend optimistisch,laufend optimistisch
Laufend schlauer mit BBQ!,laufend schlauer mit bbq!
Laufende Beratung Hohenstein+Partner,laufende beratung hohenstein+partner
Laufende Brezenbande,laufende brezenbande
Laufende Entwicklung,laufende entwicklung
Laufende Geschäfte,laufende geschäfte
Laufende Granaten,laufende granaten
Laufende Legenden,laufende legenden
Laufende Prozessoptimierung,laufende prozessoptimierung
Laufende Verfahren,laufende verfahren
Laufendes Kapital,laufendes kapital
Laufendes Verfahren,laufendes verfahren
Laufenten,laufenten
Laufgruppe Deluxe,laufgruppe deluxe
Laufgruppe Hof Mochner,laufgruppe hof mochner
Laufgruppe WABE,laufgruppe wabe
Laufhelden,laufhelden
Laufkunst,laufkunst
Lauflegenden,lauflegenden
Laufmaschen,laufmaschen
Laufmonster,laufmonster
Laufmäuse,laufmäuse
Laufschnecken,laufschnecken
LaufspassNiedersachsen,laufspassniedersachsen
Laufteam Flexsys 2024,laufteam flexsys 2024
Laufteam Mannesmann Line Pipe GmbH,laufteam mannesmann line pipe
Laufteam Mazda Bonnermann & Hüls,laufteam mazda bonnermann hüls
Laufteam Ronge,laufteam ronge
Lauftenta,lauftenta
Lauftreff CDU Saar,lauftreff cdu saar
Laufzeitmesser,laufzeitmesser
Laura Kilgenstein,laura kilgenstein
Laurianne Huver,laurianne huver
Laurum Ingenieure GmbH,laurum ingenieure
Lauscher Präzisionstechnik,lauscher präzisionstechnik
Lautertal C+C,lautertal c+c
LayTrackies,laytrackies
Lea,lea
Lea Natemeyer,lea natemeyer
Lead Discovery Center,lead discovery center
Leadec,leadec
Lear Corporation,lear corporation
Lear Corporation Engineering GmbH,lear corporation engineering
LeaseForce AG,leaseforce
Leasing Solutions,leasing solutions
LebensOrte,lebensorte
LebensWelt,lebenswelt
Lebenshilfe,lebenshilfe
Lebenshilfe - Wir bewegen uns!,lebenshilfe wir bewegen uns!
Lebenshilfe Erlangen e.V.,lebenshilfe erlangen e v
Lebenshilfe Heinsberg,lebenshilfe heinsberg
Lebenshilfe Karlsruhe,lebenshilfe karlsruhe
Lebenshilfe Kreisvereinigung NK,lebenshilfe kreisvereinigung nk
Lebenshilfe Kreisvereinigung Neunkirchen e.V.,lebenshilfe kreisvereinigung neunkirchen e v
Lebenshilfe Langenhagen-Wedemark,lebenshilfe langenhagen wedemark
Lebenshilfe München,lebenshilfe münchen
Lebenshilfe Nürnberg,lebenshilfe nürnberg
Lebenshilfe Nürnberg e.V.,lebenshilfe nürnberg e v
Lebenshilfe Saarlouis,lebenshilfe saarlouis
Lebenshilfe Völklingen,lebenshilfe völklingen
Lebenshilfe Werkstatt,lebenshilfe werkstatt
Lebenshilfe Westpfalz e.V.,lebenshilfe westpfalz e v
Lebensraum Marc Aurel GmbH,lebensraum marc aurel
Lebensretter,lebensretter
Lebensversicherung von 1871 a. G.,lebensversicherung von 1871 a g
Lebkuchen-Schmidt GmbH & Co.KG,lebkuchen schmidt co kg
Lebosol Dünger GmbH,lebosol dünger
Lectra,lectra
Lectra Deutschland,lectra
Lederer,lederer
Lederer Zimmerei GmbH,lederer zimmerei
Legal Runners,legal runners
Legaltexas,legaltexas
Legill&Senden Sachverständigenbüro,legill senden sachverständigenbüro
Lehmann Consult,lehmann consult
Lehn & Partner,lehn partner
Lehreteam Psychosomatik,lehreteam psychosomatik
Lehrstuhl Stadtplanung,lehrstuhl stadtplanung
Leibniz-IVW,leibniz ivw
Leibniz-ZAS,leibniz zas
Leica Geosystems,leica geosystems
Leica Geosystems GmbH Vertrieb,leica geosystems vertrieb
Leidel & Kracht,leidel kracht
Leif Schädel - LS Steuerberatung,leif schädel ls steuerberatung
Leifheit Pegasus,leifheit pegasus
Leifheit-Campus Running Club,leifheit campus running club
Leinemann & Partner,leinemann partner
Leinery,leinery
Leistritz,leistritz
Leistungsträger,leistungsträger
LeitWerk Franken GmbH,leitwerk franken
Lemundo Runners,lemundo runners
Lena,lena
LenioBio,leniobio
LenioBio GmbH,leniobio
Lenovo Financial Services,lenovo financial services
Lentiprint,lentiprint
Lenyx Group,lenyx
Lenyx Logistik und Service GmbH,lenyx logistik und service
Lenz und Johlen Rechtsanwälte,lenz und johlen rechtsanwälte
Leo,leo
Leo & Vany,leo vany
Leon,leon
Leonardo Hotels,leonardo hotels
Leonhard Weiss GmbH & Co. KG,leonhard weiss co kg
Lerncoach,lerncoach
Lernidee Front Runner,lernidee front runner
Les filles positives,les filles positives
Lessing-Crew,lessing crew
LetMeShip,letmeship
Lettl Tank,lettl tank
LetzFetz Runners,letzfetz runners
Let’s go,let’s go
Leuchtfeuer Digital Marketing GmbH,leuchtfeuer digital marketing
Leuchtturm Gruppe,leuchtturm gruppe
Leue & Nill,leue nill
Levermann,levermann
"Lexzau, Scharbau GmbH & Co. KG",lexzau scharbau co kg
Leybold GmbH,leybold
Leyton,leyton
LfBK RLP,lfbk rlp
Liberta Lions,liberta lions
Lichtenbank,lichtenbank
Lichtquelle,lichtquelle
Lidl,lidl
Lidl Eggolsheim,lidl eggolsheim
Lidl Vertriebs GmbH & Co. KG,lidl vertriebs co kg
Lidl Vertriebs GmbH & Co.KG Westfranken,lidl vertriebs co kg westfranken
Lidl Vertriebs-GmbH & Co. KG,lidl vertriebs gmbh co kg
Lidl Vertriebs-GmbH & Co. KG Sankt Ingbert,lidl vertriebs gmbh co kg sankt ingbert
Lidl Vertriebs-GmbH Sankt Ingbert,lidl vertriebs gmbh sankt ingbert
Lidl Vertriebs-GmbH Sankt Ingelbert,lidl vertriebs gmbh sankt ingelbert
Lieb Management & Beteiligungs GmbH,lieb management beteiligungs
Liebherr-Ettlingen GmbH,liebherr ettlingen
Lieblingskloster,lieblingskloster
Liesenkötter Consulting,liesenkötter consulting
Lieske&Partner,lieske partner
Life Fitness Europe GmbH,life fitness europe
LifeTech IP,lifetech ip
LifeTech IP - Spies & Behrndt Patentanwälte PartG mbB,lifetech ip spies behrndt patentanwälte partg mbb
Liftstar,liftstar
Light Mobility Solutions GmbH,light mobility solutions
Lilian Kämmerer,lilian kämmerer
Lilienthal Lifestyle,lilienthal lifestyle
Lilly,lilly
Lina Hofmann,lina hofmann
Linda läuft,linda läuft
Linde,linde
Linde Turbostapler,linde turbostapler
Linde plc,linde plc
Lindemann,lindemann
Lindemänner,lindemänner
Lindener Bärchenrenner,lindener bärchenrenner
Lindner Lohse Architekten BDA,lindner lohse architekten bda
Lindopharm GmbH,lindopharm
Lindschulte,lindschulte
Lindschulte Planungsgesellschaft mbH,lindschulte planungsgesellschaft mbh
Lingner Marketing,lingner marketing
Linie23 GmbH,linie23
Link Innovation GmbH,link innovation
Link läuft,link läuft
Linklaters,linklaters
Linklaters LLP,linklaters llp
Linksfraktion Berlin,linksfraktion berlin
Linneweber Landschaftsbau,linneweber landschaftsbau
Linovy,linovy
Linsenflitzer,linsenflitzer
Linsenplatz,linsenplatz
Lippid Köln,lippid köln
Liqmatic GmbH,liqmatic
Lisa,lisa
Lisa Benz,lisa benz
Lisios,lisios
Liske & Partner,liske partner
Little Giants Care,little giants care
Little patients,little patients
Littler Germany,littler germany
Liveo Research,liveo research
Livia.Regel,livia regel
Livica GmbH,livica
Living Hotels,living hotels
Livos läuft,livos läuft
LoadRunners,loadrunners
Lobbe Umweltservice GmbH & Co KG,lobbe umweltservice co kg
Lobbe Umweltservice GmbH & Co. KG,lobbe umweltservice co kg
LocalUp,localup
Loco 666,loco 666
Loewe Biochemica GmbH,loewe biochemica
Log-Hum-Power,log hum power
Logicalis,logicalis
Logicalis GmbH,logicalis
Logistik Runners,logistik runners
Logistikbude,logistikbude
Logopädie Dennhardt,logopädie dennhardt
Logopädie Jost,logopädie jost
Logopädie an der Wöhrder Wiese,logopädie an der wöhrder wiese
Logwin,logwin
Logwin HAJ,logwin haj
Lohmann & Rauscher,lohmann rauscher
Lohmann Druck,lohmann druck
Lohmann GmbH & Co. KG,lohmann co kg
Lonza Cologne GmbH,lonza cologne
Lorenz,lorenz
Lorenz Bahlsen,lorenz bahlsen
Lorenz Personal,lorenz personal
Lorenzbau,lorenzbau
Lorenzo Giannico,lorenzo giannico
Los Tribologos,los tribologos
Los goes,los goes
Losan Pharma GmbH,losan pharma
Loschelder Rechtsanwälte,loschelder rechtsanwälte
LotlRunners,lotlrunners
Lotti,lotti
Lotto Rheinland-Pfalz,lotto rheinland pfalz
Lotto24 AG,lotto24
Louis,louis
Louis Opländer GmbH,louis opländer
Louisa,louisa
Love is Pain Tattoo,love is pain tattoo
Loy & Hutz Solutions,loy hutz solutions
Lozzis auf die 1,lozzis auf die 1
LuBra,lubra
LuKriExpress,lukriexpress
Lubberich,lubberich
Luca,luca
LucaNet,lucanet
LucaNet AG,lucanet
Lucanet AG,lucanet
Lucas,lucas
Lucas-Nülle,lucas nülle
Lucien,lucien
Lucy Turpin Communications,lucy turpin communications
Ludwig Oppermann,ludwig oppermann
Ludwig Stocker Hofpfisterei GmbH,ludwig stocker hofpfisterei
Ludwig-Erhard-Schule BBS Wirtschaft,ludwig erhard schule bbs wirtschaft
Luftflotte,luftflotte
Lufthansa Group,lufthansa
Lufthansa InTouch,lufthansa intouch
Lufthansa Technik,lufthansa technik
Lufthansa Technik AG,lufthansa technik
Lufthansa Technik Logistik Services,lufthansa technik logistik services
Lufthansa Technik Logistik Services GmbH,lufthansa technik logistik services
Luis Weihberger,luis weihberger
Luisa läuft!,luisa läuft!
Lukky Legs,lukky legs
Luma Vision,luma vision
Luther,luther
Luther Rechtsanwaltsgesellschaft mbH,luther rechtsanwaltsgesellschaft mbh
Luther in motion,luther in motion
Luthers Law Läufer,luthers law läufer
LuxTek GmbH,luxtek
Luxoft,luxoft
Luxoft GmbH,luxoft
Lynn,lynn
LyondellBasell,lyondellbasell
Lyondellbasell #teamlyb,lyondellbasell #teamlyb
Lyreco Deutschland GmbH,lyreco
LÖWENMAKLER,löwenmakler
LÜTZE,lütze
Läuft,läuft
Läuft bei Dornier,läuft bei dornier
Läuft bei uns!,läuft bei uns!
Läuft wie geschmiert,läuft wie geschmiert
Lôwer,lôwer
Löffler_Schmeling Architekten,löffler_schmeling architekten
LöhrGruppe,löhrgruppe
Lösch & Partner,lösch partner
Löwe&Kuschelbär,löwe kuschelbär
Löwen-Apotheke & Europa-Apotheke,löwen apotheke europa apotheke
Löwen-Apotheke / Europa-Apotheke,löwen apotheke / europa apotheke
Löwenstein Medical SE & Co. KG,löwenstein medical co kg
Löwenstein Medical Technology,löwenstein medical technology
Löwensteiner,löwensteiner
Lück Schrauben GmbH,lück schrauben
Lückenotto MÜNCHEN,lückenotto münchen
Lüki155,lüki155
Lürssen-Gruppe,lürssen gruppe
Lütt Hus,lütt hus
M Assist,m assist
M&A Lernsoftware,m a lernsoftware
M&H Group,m h
M&M,m m
M&P Ingenieurgesellschaft mbH,m p ingenieurgesellschaft mbh
M&S,m s
M+F Technologies GmbH,m+f technologies
M+S Silicon GmbH & Co. KG,m+s silicon co kg
M+V Altios,m+v altios
M-A-U-S Seminare gGmbH,m a u s seminare ggmbh
M. Maier,m maier
M.B rennt,m b rennt
M.M.Warburg & CO,m m warburg co
M.O.S.S.,m o s s
M/PU4 - Run4Sourcing,m/pu4 run4sourcing
M1 Fit Force,m1 fit force
M2 fast to handle,m2 fast to handle
M3B,m3b
M6,m6
M:ING Moser Ingenieure GmbH,m:ing moser ingenieure
M:P Munich Runners,m:p munich runners
MA Automotive,ma automotive
MAB,mab
MABUCHI MOTOR (EUROPE) GMBH,mabuchi motor (europe)
MACS Track & Field,macs track field
MACS Track & Field Team,macs track field team
MADSACK Mediengruppe,madsack mediengruppe
MAERSK,maersk
MAERZ Muenchen,maerz muenchen
MAERZ Muenchen KG,maerz muenchen kg
MAGMA Runner,magma runner
MAHEBO,mahebo
MAHEUBO,maheubo
MAICO Diagnostics GmbH,maico diagnostics
MAK auf Zack,mak auf zack
MAKONIS GmbH,makonis
MALORG,malorg
MAN,man
MAN Runners,man runners
MAN Truck & Bus,man truck bus
MAN Truck & Bus SE,man truck bus
MAN läuft auch ohne Diesel,man läuft auch ohne diesel
MAN on the Run,man on the run
MANATHAI-Massage,manathai massage
MARGA - Learn to win!,marga learn to win!
MARKIT,markit
MARTIN GmbH,martin
MARTIN GmbH für Umwelt- und Energietechnik,martin für umwelt und energietechnik
MARunners,marunners
MASEVEN Management GmbH,maseven management
MASFG,masfg
MATERNA,materna
MATERNA SE,materna
MATHEMA,mathema
MATHEMA GmbH,mathema
MATTER & LØUT,matter løut
MAUI JIM RUNNERS,maui jim runners
MB,mb
MB Athletics,mb athletics
MB Effizienzkeller GmbH,mb effizienzkeller
MB Energy,mb energy
MB Patent Pacers,mb patent pacers
MBFG,mbfg
MBN,mbn
MBN Berlin,mbn berlin
MBNer 1,mbner 1
MBRAUN,mbraun
MBS Nürnberg GmbH,mbs nürnberg
MBTIRunners,mbtirunners
MBTI_Berlin,mbti_berlin
MBV,mbv
MCD Elektronik GmbH,mcd elektronik
MCE,mce
MCN Medic Center Nürnberg GmbH,mcn medic center nürnberg
MCS GMBH,mcs
MD Koblenz,md koblenz
MD Nordrhein,md nordrhein
MD Saarland,md saarland
MD-BW,md bw
MDS,mds
MDS Holding,mds
ME-Meßsysteme,me meßsysteme
MEAC,meac
MEAG,meag
MEAG MUNICH ERGO AssetManagement GmbH,meag munich ergo assetmanagement
MEBEDO GmbH,mebedo
MEC METRO-ECE Centermanagement GmbH,mec metro ece centermanagement
MECfits,mecfits
MED-EL,med el
MED-EL Deutschland GmbH,med el
MED. KURBAD STEGLITZ,med kurbad steglitz
MEDI Kabel GmbH,medi kabel
MEDIAFIX,mediafix
MEDIAN Klinik Grünheide,median klinik grünheide
MEDIAN Runners,median runners
MEDICLIN Reha-Klinik am Sendesaal,mediclin reha klinik am sendesaal
MEDIFOX DAN,medifox dan
MEDIVERBUND,mediverbund
MEGABAD,megabad
MEKOS,mekos
MEKRA Lang,mekra lang
MEKRA Lang GmbH Co. KG,mekra lang co kg
MEOCLINIC GmbH,meoclinic
MERENTIS GmbH,merentis
MERH-IP PartG mbB,merh ip partg mbb
MESSRING,messring
MESSRING GmbH,messring
METER Group,meter
METER Group AG,meter
METIS,metis
METRO FS Team goes to the moon,metro fs team goes to the moon
METRO Markets,metro markets
METTLER TOLEDO,mettler toledo
METZLER : VATER,metzler : vater
MEU TOM Team,meu tom team
MEWA Team Groß Kienitz,mewa team groß kienitz
MEWA Textil-Service - Groß Kienitz,mewa textil service groß kienitz
MEYLE AG,meyle
MFG Patentanwälte,mfg patentanwälte
MGS,mgs
MHBK,mhbk
MHBK Müller-Heydenreich Bierbach & Kollegen,mhbk müller heydenreich bierbach kollegen
MHHERZTEAM,mhherzteam
MHK NK-Kohlhof,mhk nk kohlhof
MHK Runners,mhk runners
MHK St.Josef Kohlhof,mhk st josef kohlhof
MHP,mhp
MHP Management- und IT-Beratung GmbH,mhp management und it beratung
MHW Elite,mhw elite
MI-GSO GmbH,mi gso
MI-GSO PCUBED GmbH,mi gso pcubed
MI-GSO:PCUBED,mi gso:pcubed
MI-GSO:PCUBED GmbH,mi gso:pcubed
MICH-BUD Uslugi elektroenergetyczne,mich bud uslugi elektroenergetyczne
MICKAN,mickan
MID GmbH,mid
MID Runners,mid runners
MILES FOR SMILES,miles for smiles
MISSION.ING,mission ing
MISSION.ING GmbH,mission ing
MIT Unternehmensberatung,mit unternehmensberatung
MITAX Steuerberatung GmbH,mitax steuerberatung
MKG Kirchrode & Die Narkoseprofis,mkg kirchrode die narkoseprofis
MKS,mks
MKS - Atotech,mks atotech
MKS Instruments,mks instruments
MKS Sport 4 GmbH,mks sport 4
MKSS GmbH,mkss
MKT Metall-Kunststoff-Technik,mkt metall kunststoff technik
MKT Rettungsdienst,mkt rettungsdienst
MLL Münchner Leukämielabor GmbH,mll münchner leukämielabor
MLP,mlp
MM C.P Schmidt,mm c p schmidt
MMD GmbH,mmd
MMV Bank GmbH,mmv bank
MO Sendlinger Tor,mo sendlinger tor
MOBOTIX AG,mobotix
"MOIA - Moving cities, moving You",moia moving cities moving you
MONA on the Run,mona on the run
MONDAY.ROCKS,monday rocks
MONTANA,montana
MONTANA Energie-Handel GmbH & Co. KG,montana energie handel co kg
MOONRACER,moonracer
MOONROC Advisory Partners GmbH,moonroc advisory partners
MORA Meister.Leistung,mora meister leistung
MOSAIK architekt:innen,mosaik architekt:innen
MOTIONTAG,motiontag
MOTO-TEAM,moto team
MOXY,moxy
MP MUNICH RUNNERS,mp munich runners
MP Munich Runners,mp munich runners
MPE,mpe
MPG,mpg
"MPI Crime, Security & Law",mpi crime security law
MPI IP-SOZ-TAX,mpi ip soz tax
MPI-SusMat,mpi susmat
MPQ,mpq
MR Datentechnik GmbH,mr datentechnik
MR Datentechnik Vertriebs- und Service GmbH,mr datentechnik vertriebs und service
MR WOLF,mr wolf
MRH Trowe,mrh trowe
MRK Media AG,mrk media
MRPD,mrpd
MSAS,msas
MSC Germany,msc germany
MSD,msd
MSD Burgwedel Biotech GmbH,msd burgwedel biotech
MSE,mse
MSIG EUROPE SE,msig europe
MSIG Insurance Europe AG,msig insurance europe
MSK www.aktuare.de,msk www aktuare de
MSL,msl
MSO,mso
MSR-Raketen,msr raketen
MSS,mss
MSVH,msvh
MSVH GmbH & Co. KG,msvh co kg
MSW Ingenieurgesellschaft mbH,msw ingenieurgesellschaft mbh
MT-Schule,mt schule
MTB GmbH,mtb
MTM,mtm
MTR Markgräfler Treuhand & Revision,mtr markgräfler treuhand revision
MTR Rechtsanwaltsgesellschaft mbH,mtr rechtsanwaltsgesellschaft mbh
MTR Rechtsanwälte,mtr rechtsanwälte
MTU,mtu
MTU Maintenance Berlin-Brandenburg,mtu maintenance berlin brandenburg
MUKMAV,mukmav
MUKMAV-LfS,mukmav lfs
MUNI runs,muni runs
MUNICH FRAME RUNNERS,munich frame runners
MUNSCH Chemie-Pumpen,munsch chemie pumpen
MUSIQUE ELECTRONIQUE,musique electronique
MUST Städtebau,must städtebau
MUTABOR,mutabor
MUTARES,mutares
MV Gottenheim,mv gottenheim
MVG-Team 2024,mvg team 2024
MVGM,mvgm
MVGM Facility Deutschland GmbH,mvgm facility
MVI Group,mvi
MVI Group GmbH,mvi
MVI Personal Power GmbH,mvi personal power
MVRDV,mvrdv
MVRUNNING (MABRI.VISION GmbH),mvrunning (mabri vision gmbh)
MVTec Software GmbH,mvtec software
MVV - Münchner Verkehrs- und Tarifverbund GmbH,mvv münchner verkehrs und tarifverbund
MVV München,mvv münchen
MVZ Labor Dr. Klein Dr. Schmitt GmbH,mvz labor dr klein dr schmitt
MVZ Labor Koblenz,mvz labor koblenz
MVZ Martinsried,mvz martinsried
MVZ Medizinisches Labor Bremen GmbH,mvz medizinisches labor bremen
MVZ Noris-Psychotherapie,mvz noris psychotherapie
MVZ Pathologie Berlin,mvz pathologie berlin
MVZ Pfalzklinikum,mvz pfalzklinikum
MVZ Prof. Dr. Uhlenbrock,mvz prof dr uhlenbrock
MVZ Starter,mvz starter
MVZ Zahnzentrum Isartor GmbH,mvz zahnzentrum isartor
MVZ für KJP,mvz für kjp
MVZ für Kinder- und Jugendpsychiatrie München,mvz für kinder und jugendpsychiatrie münchen
MVZ medizinisches Labor Bremen GmbH,mvz medizinisches labor bremen
MVZ-Labor-Saar / Bioscientia MVZ Saarbrücken,mvz labor saar / bioscientia mvz saarbrücken
MWAY,mway
MWI Steuerberatungskanzlei,mwi steuerberatungskanzlei
MWR,mwr
MY-HOUSE-AG - HELDEN,my house ag helden
MYVI GmbH,myvi
M^0 Labs,m^0 labs
MaMaMiJa,mamamija
MaNidus GmbH,manidus
MaNidus Ingenieure GmbH,manidus ingenieure
Mabanaft GmbH & Co. KG,mabanaft co kg
MacGregor,macgregor
Macaw,macaw
Mach Köln!,mach köln!
Mach Mit Mittwoch Club,mach mit mittwoch club
Madeira,madeira
Maersk Deutschland,maersk
Maerteam,maerteam
Magdalena Majerska,magdalena majerska
MagicRunners,magicrunners
MagmaSoft,magmasoft
Magna BDW technologies GmbH,magna bdw technologies
Magna Electronics,magna electronics
Magna Engineering & Infotainment,magna engineering infotainment
Magna Steyr Engineering Germany GmbH,magna steyr engineering germany
Magna-runners,magna runners
Magnet-Physik Dr. Steingroever GmbH,magnet physik dr steingroever
Magritek GmbH,magritek
Maguar Capital Management GmbH,maguar capital management
Maidl Tunnelconsultants,maidl tunnelconsultants
Maidl Tunnelconsultants GmbH & Co KG,maidl tunnelconsultants co kg
Mailbutler,mailbutler
Mailänder Consult,mailänder consult
Mailänder Consult GmbH,mailänder consult
Mailänder Team Stuttgart,mailänder team stuttgart
Main Capital Partners,main capital partners
Mainka Bau,mainka bau
Maisenbacher Hort + Partner,maisenbacher hort + partner
Maiwald,maiwald
Maiwald GmbH,maiwald
Majorel #OneTeam,majorel #oneteam
Majorel Berlin 1,majorel berlin 1
Majorel Saarbrücken GmbH,majorel saarbrücken
Makat Candy Technology GmbH,makat candy technology
Making Possible,making possible
Makler Moves,makler moves
Maler Weber GmbH,maler weber
Maler-Innung Düsseldorf,maler innung düsseldorf
Malerfachbetrieb Otmar Klein GmbH,malerfachbetrieb otmar klein
Malka Design,malka design
Mall + Herlan GmbH,mall + herlan
Malt,malt
Malt Community GmbH,malt community
Malteser Hilfsdienst,malteser hilfsdienst
Malteser Zentrale,malteser zentrale
Malzers Backstube Laufend frisch,malzers backstube laufend frisch
Mammamia Rennende Kabel,mammamia rennende kabel
Man at Work,man at work
Mandarin Oriental Munich GmbH,mandarin oriental munich
"Mandarin Oriental, Munich",mandarin oriental munich
Mandy,mandy
Manfred Wiedmann,manfred wiedmann
"Manitz, Finsterwald & Partner",manitz finsterwald partner
Mankiewicz Gebr. & Co.,mankiewicz gebr co
Manntech Heights Heroes,manntech heights heroes
Mansij,mansij
Manuel,manuel
Manuela Wörlein,manuela wörlein
MarTechSaar GmbH,martechsaar
Mara,mara
Marc,marc
Marc Brissier,marc brissier
Marc Schmitz GmbH,marc schmitz
Marcel,marcel
Marci,marci
Marco,marco
Marco GmbH & Co. KG,marco co kg
Mareike Kölker,mareike kölker
Marel TREIF GmbH,marel treif
Mari-Team,mari team
Maria Paula,maria paula
Marianne Halupka,marianne halupka
Marie,marie
Marie-Curie-Schule BBZ Völklingen,marie curie schule bbz völklingen
Marie-Theres Gruber,marie theres gruber
Marien-Hospital Euskirchen GmbH,marien hospital euskirchen
Marienhaus Dienstleistungen GmbH,marienhaus dienstleistungen
Marienhaus KIJU,marienhaus kiju
Marienhaus Klinik Saarlouis - Dillingen,marienhaus klinik saarlouis dillingen
Marienhaus Kliniken GmbH,marienhaus kliniken
"Marienhaus Kliniken GmbH, Regionalzentrum Süd-Personal, ++BUK0555xx, z.H. von Frau Birgit Thomé",marienhaus kliniken gmbh regionalzentrum süd personal ++buk0555xx z h von frau birgit thomé
Marienhaus Klinikum St. Wendel-Ottweiler,marienhaus klinikum st wendel ottweiler
Marienhausklinik St.Josef Kohlhof,marienhausklinik st josef kohlhof
Marina Brust,marina brust
Marina Pott,marina pott
Markel,markel
Markel Insurance SE,markel insurance
Markentrainer,markentrainer
Marketing Loft,marketing loft
Markt Kirchseeon,markt kirchseeon
Markt Markt Schwaben,markt markt schwaben
Marktkauf Teltow,marktkauf teltow
Marktladen Rieselfeld,marktladen rieselfeld
Markus Müller,markus müller
Markus Späth GmbH,markus späth
Marlen Söth,marlen söth
Marley Deutschland GmbH,marley
Marmon Foodservice Technologies,marmon foodservice technologies
Marriott International,marriott international
Mars,mars
Mars GmbH,mars
Marschall Consulting UG,marschall consulting ug
Marsh,marsh
Marsh GmbH,marsh
Marsh München,marsh münchen
Marta Weinrebova,marta weinrebova
Martha-Maria,martha maria
Martin Braun Sporties,martin braun sporties
Martin Haydn,martin haydn
Martina für ITM,martina für itm
Marx & Jansen,marx jansen
Mascha-Gang,mascha gang
Maschinen,maschinen
Maschinenbau H. Courtehoute GmbH,maschinenbau h courtehoute
Maschinenbau Kaltenbach,maschinenbau kaltenbach
Maschinenbau Knecht,maschinenbau knecht
Maschinenfabrik Kaspar Walter,maschinenfabrik kaspar walter
Maschinenfabrik Kaspar Walter GmbH & Co KG,maschinenfabrik kaspar walter co kg
Maschinenfabrik Niehoff GmbH & Co. KG,maschinenfabrik niehoff co kg
Maschinenfabrik Niehoff GmbH&Co. KG,maschinenfabrik niehoff gmbh co kg
Maschinenraum,maschinenraum
Maschinensucher1,maschinensucher1
Masemann Coaching GmbH,masemann coaching
Massive Photonics Runners,massive photonics runners
Masterplan com GmbH,masterplan com
Masterplaners,masterplaners
Materiales läuft!,materiales läuft!
Materialise GmbH,materialise
Materna Hannover,materna hannover
Materna München Runners,materna münchen runners
Materna SE München,materna münchen
Maternas Erlangen,maternas erlangen
Math2Market,math2market
Math2Market GmbH,math2market
Mathias,mathias
Mathieu & Kollegen Steuerberatung,mathieu kollegen steuerberatung
Mathworks,mathworks
Matratzen Concord GmbH,matratzen concord
Matrix Technologies GmbH,matrix technologies
Matteo,matteo
Matthias,matthias
Matthias Bauermeister,matthias bauermeister
Matthias Heil,matthias heil
Matthias Lorenz,matthias lorenz
Matthias Welker e.K.,matthias welker e k
"Matthias Wimmer, Individuelle Softwareentwicklung",matthias wimmer individuelle softwareentwicklung
Matthias Zech GmbH,matthias zech
Matthäi,matthäi
Matthäi Mido Velten,matthäi mido velten
Maucher Jenkins,maucher jenkins
Maul + Partner,maul + partner
Maurer Electronics GmbH,maurer electronics
Maus GmbH,maus
Mauser,mauser
Mauser-Runner,mauser runner
Mawave Marketing GmbH,mawave marketing
Max,max
Max Bögl,max bögl
Max Mulack,max mulack
Max Weishaupt SE,max weishaupt
Max und Franz Heiland GmbH,max und franz heiland
Max-Planck Plasmaphysik,max planck plasmaphysik
Max-Planck-Gesellschaft,max planck gesellschaft
Max-Planck-Institut Bremen,max planck institut bremen
Max-Planck-Institut für Physik,max planck institut für physik
Max-Planck-Institut für Psychiatrie,max planck institut für psychiatrie
Maxauer Papierfabrik,maxauer papierfabrik
Maxiko,maxiko
Maxim Group,maxim
Maximilian,maximilian
Maximilian Jäger,maximilian jäger
Maximilian Popp,maximilian popp
Maximum,maximum
Maxphotonics,maxphotonics
Max² - Laufende Forschung,max² laufende forschung
Mayer Elektromotoren,mayer elektromotoren
Mayr Nell GmbH,mayr nell
Mazars GmbH & Co KG,mazars co kg
Mazars GmbH & Co. KG,mazars co kg
Mazars Nürnberg,mazars nürnberg
Mazda Motors,mazda motors
McDermott Will & Emery,mcdermott will emery
McDermott Will & Emery Rechtsanwälte,mcdermott will emery rechtsanwälte
McDermott Will & Emery Rechtsanwälte Steuerberater LLP,mcdermott will emery rechtsanwälte steuerberater llp
McDermott Will & Schulte,mcdermott will schulte
McDonald's Deutschland LLC,mcdonald's llc
McDonald’s Gebiet Tobias,mcdonald’s gebiet tobias
McK MUN-O,mck mun o
McMakler,mcmakler
MdynamiX AG,mdynamix
Me and all Hotel Hannover,me and all hotel hannover
MeKo Manufacturing,meko manufacturing
Mecklenburgische Versicherungs-Gesel,mecklenburgische versicherungs gesel
Med - Lab GmbH,med lab
Med-Lab Med. Dienstl. GmbH,med lab med dienstl
Med-Lab Medizinische Dienstleistungs GmbH,med lab medizinische dienstleistungs
Medartis,medartis
Media Broadcast,media broadcast
Media Markt / Saturn,media markt / saturn
Media Markt Saarlouis,media markt saarlouis
Media Solutions GmbH,media solutions
Median Klinik Berlin-Kladow,median klinik berlin kladow
Median Klinik Berus,median klinik berus
Median Klinik Dormagen,median klinik dormagen
Median Runner,median runner
Median klinik Berus,median klinik berus
Medic-Center Nürnberg,medic center nürnberg
Medicoplast International GmbH,medicoplast international
Medicover Munich,medicover munich
Medicus Coin,medicus coin
Medien Holding Süd GmbH,medien süd
Medienhaus Aachen GmbH,medienhaus aachen
Medienhaus DuMont Rheinland,medienhaus dumont rheinland
Medienstürmer GbR,medienstürmer gbr
Medifit,medifit
Medigene Immunotherapies,medigene immunotherapies
Medigene Immunotherapies GmbH,medigene immunotherapies
Medios,medios
Medios Runners,medios runners
Mediq Deutschland GmbH,mediq
Mediq Runners,mediq runners
Medius Runners,medius runners
Medizinischer Dienst Hessen,medizinischer dienst hessen
Medizinischer Dienst Saarland,medizinischer dienst saarland
Medizinisches Labor Bremen,medizinisches labor bremen
Medpace,medpace
Medperion Services,medperion services
Medtron AG,medtron
Medtronic,medtronic
Medtronic - Die Schrittmacher,medtronic die schrittmacher
Medtronic - Mission in Motion,medtronic mission in motion
Medtronic GmbH,medtronic
Medyourjob,medyourjob
Megatech,megatech
Meibs,meibs
Meier & Friends,meier friends
Meierhofer AG,meierhofer
Meihorst und Partner,meihorst und partner
Meiller Kipper,meiller kipper
Mein-Poolroboter.de,mein poolroboter de
MeinAuto.de,meinauto de
Meinlschmidt-Power,meinlschmidt power
Meissner Bolte,meissner bolte
Meissner Bolte PartG mbB,meissner bolte partg mbb
Meissner Bolte Patentanwälte Rechtsanwälte Partnerschaft mbB,meissner bolte patentanwälte rechtsanwälte partnerschaft mbb
Meister Gerhard,meister gerhard
Melanies Hundeschule,melanies hundeschule
Melchers,melchers
Melexis,melexis
Melia Hotel Düsseldorf,melia hotel düsseldorf
Melisa,melisa
Melissa Garrote,melissa garrote
Melissengeistverkäuferbande,melissengeistverkäuferbande
Melitta RoadRunner,melitta roadrunner
Meljes,meljes
Melo Rennt,melo rennt
Melzer GmbH,melzer
Melzer Maschinenbau GmbH,melzer maschinenbau
Membrapure,membrapure
Memmert GmbH + Co. KG,memmert + co kg
Memodo GmbH,memodo
Menschen für Menschen,menschen für menschen
Menschen mit Schluckstörungen e.V.,menschen mit schluckstörungen e v
Mentoring für Chancengerechtigkeit,mentoring für chancengerechtigkeit
Meprovision,meprovision
Meravino,meravino
Mercer,mercer
Mercer Deutschland GmbH,mercer
Mercer Runners,mercer runners
Mercur,mercur
Mercuri,mercuri
Meri,meri
Meri Environmental Solutions GmbH,meri environmental solutions
Merian-Schule Freiburg,merian schule freiburg
Meristotech,meristotech
Merk Textil-Mietdienste GmbH & Co.KG,merk textil mietdienste co kg
Merkl IT,merkl it
Merkl IT GmbH,merkl it
Merkl Ing.,merkl ing
Merkle & Partner Steuerberater PartG,merkle partner steuerberater partg
Merkur Privatbank,merkur privatbank
Merkur Spielbank Hohensyburg,merkur spielbank hohensyburg
Mertelsmann Foundation Allstars,mertelsmann foundation allstars
Mesa Parts,mesa parts
Mesalvo,mesalvo
Messe Düsseldorf GmbH,messe düsseldorf
MessengerPeople by Sinch,messengerpeople by sinch
Met-Con Betriebsart: Laufen,met con betriebsart: laufen
Met-con GmbH & Co. KG,met con co kg
Metallbau Kuhn GmbH,metallbau kuhn
Metallwerkstatt Heilmann,metallwerkstatt heilmann
Metropol Medical Center,metropol medical center
Metsonites,metsonites
Metyis Germany,metyis germany
Metyis Germany GmbH,metyis germany
Meurer-etechnik GmbH,meurer etechnik
Mews Partners,mews partners
Mews Systems,mews systems
Meyer & Meyer Sportverlag,meyer meyer sportverlag
Meyer`s Team,meyer`s team
Mi-GSO,mi gso
Mi-GSO GmbH,mi gso
Mi-GSOIPCUBED GmbH,mi gsoipcubed
Miami Candy,miami candy
Michael,michael
Michael Bauer Research GmbH,michael bauer research
Michael Fasel,michael fasel
Michael Mann,michael mann
Michael Paulus,michael paulus
Michael Schumacher Liegenschaftsverwaltung,michael schumacher liegenschaftsverwaltung
Michael Stempfle,michael stempfle
Michael Weber,michael weber
Michael Wessel IT läuft!,michael wessel it läuft!
Michaels Team,michaels team
MichalkeRosskopf,michalkerosskopf
Michele,michele
Michele Engist,michele engist
Michelle,michelle
MicroVision GmbH,microvision
Microchip Technology,microchip technology
Microcoat Biotechnologie GmbH,microcoat biotechnologie
Micron,micron
Micron Semiconductor (Deutschland) GmbH,micron semiconductor (deutschland)
Microsoft,microsoft
Microsoft Berlin,microsoft berlin
Microsoft Deutschland GmbH,microsoft
Midosuke Fun Runners,midosuke fun runners
Miebach Consulting GmbH,miebach consulting
Miebach-Runners,miebach runners
Miele Center Frauenrath,miele center frauenrath
Miet- und Hausverwaltung MH,miet und hausverwaltung mh
Mighty Team,mighty team
Mike macht Meter,mike macht meter
Milchbartpiraten,milchbartpiraten
Mileway,mileway
Milkron,milkron
Miltenyi,miltenyi
Miltenyi Biotec B.V. & Co. KG,miltenyi biotec b v co kg
Mimacom - stays ahead!,mimacom stays ahead!
Mimecast Germany,mimecast germany
Mimmels & Daddels,mimmels daddels
Minaris Regenerative Medicine GmbH,minaris regenerative medicine
Mind Over Miles,mind over miles
MindDoc,minddoc
MindDoc Berlin,minddoc berlin
Minddistrict,minddistrict
Mindful Minutes Munich,mindful minutes munich
Minebea Access Solutions,minebea access solutions
Minebea AccessSolutions Deutschland GmbH,minebea accesssolutions
Minimax GmbH,minimax
Ministerium des Innern NRW,ministerium des innern nrw
"Ministerium f. Arbeit, Soziales, Frauen u. Gesundheit",ministerium f arbeit soziales frauen u gesundheit
"Ministerium für Umwelt, Klima, Mobilität, Agrar und Verbraucherschutz",ministerium für umwelt klima mobilität agrar und verbraucherschutz
Minor Hotels,minor hotels
Mintel Germany GmbH,mintel germany
Minth GmbH,minth
Mir san Mir-ion,mir san mir ion
Miriam,miriam
Mirion Medical GmbH,mirion medical
Mirka,mirka
Misereor,misereor
Mit BeMo schneller ans Ziel!,mit bemo schneller ans ziel!
Mit Power für Hebammen,mit power für hebammen
Mit SAUTER läuft's !,mit sauter läuft's !
Mitläufer,mitläufer
Mitscherlich Patent-u. Rechtsanwälte,mitscherlich patent u rechtsanwälte
"Mitscherlich, Patent- und Rechtsanwälte PartmbB",mitscherlich patent und rechtsanwälte partmbb
Mittelrheinische Treuhand GmbH,mittelrheinische treuhand
Mittelspannungswerk Berlin,mittelspannungswerk berlin
Mittendrin statt nur dabei!,mittendrin statt nur dabei!
Mo(o)re fun to run,mo(o)re fun to run
Moalp,moalp
MobiLab Solutions,mobilab solutions
Mobil ISC,mobil isc
Mobileye Germany,mobileye germany
Mobileye Germany GmbH,mobileye germany
Mobility Rockstars,mobility rockstars
Model - Team KL,model team kl
Model GmbH,model
Modell Aachen läuft,modell aachen läuft
ModernPhysio,modernphysio
Modulat Leasing AG,modulat leasing
Mohamed,mohamed
Mohmühle96,mohmühle96
Molex Fun-Runner,molex fun runner
Molex Runners,molex runners
Molkerei Ammerland,molkerei ammerland
Moll,moll
Mollenhauer Beraten & Planen GmbH,mollenhauer beraten planen
Molliné,molliné
Momentum Mavericks,momentum mavericks
Mona,mona
Mondelez Deutschland GmbH,mondelez
Mondelez Munich,mondelez munich
Mondi Wellpappe Ansbach,mondi wellpappe ansbach
Mondial Kundenservice GmbH,mondial kundenservice
Monika Haase,monika haase
Monika Zerrahn,monika zerrahn
Montblanc Simplo GmbH,montblanc simplo
Montega,montega
Montel,montel
Monti GmbH,monti
Moore Treuhand Kurpfalz GmbH,moore treuhand kurpfalz
Moorrunner,moorrunner
Moosatsch Freunde e.V.,moosatsch freunde e v
Mora Team,mora team
"Morgan, Lewis und Bockius LLP",morgan lewis und bockius llp
MorphoSys AG,morphosys
Morten Group GmbH,morten
Moselaner.de,moselaner de
Moser,moser
Moskovskaya - Dafür (b)rennen wir.,moskovskaya dafür (b)rennen wir
Mossers,mossers
Motec GmbH,motec
Motel Extra MiIle,motel extra miile
Motel Extra Mile,motel extra mile
Motel One Aachen,motel one aachen
Motel One Berlin,motel one berlin
Motel One Campus,motel one campus
Motel One Fidelitas,motel one fidelitas
Motel One Freiburg,motel one freiburg
Motel One Germany Betriebs GmbH,motel one germany betriebs
Motel One Germany Betriebs GmbH Motel One Hamburg am Michel,motel one germany betriebs motel one hamburg am michel
Motel One GmbH,motel one
Motel One Hamburg Alster,motel one hamburg alster
Motel One Hamburg am Michel,motel one hamburg am michel
Motel One Hannover-Oper,motel one hannover oper
"Motel One München Germany Betriebs Gmbh, Motel One Müchen-Deutsches Museum",motel one münchen germany betriebs gmbh motel one müchen deutsches museum
Motel One München Sendlinger Tor,motel one münchen sendlinger tor
Motel One München-Deutsches Museum,motel one münchen deutsches museum
Motel One München-Haidhausen,motel one münchen haidhausen
Motel One München-Olympia Gate,motel one münchen olympia gate
Motel One Runners,motel one runners
Motel One TCO Düsseldorf,motel one tco düsseldorf
Motel One am Michel,motel one am michel
Motel a Miio,motel a miio
Motio Berlin,motio berlin
Motius GmbH,motius
Mouser Electronics,mouser electronics
Move IT,move it
Move2Lead,move2lead
Moventia,moventia
Movie Park Germany GmbH,movie park germany
Moving Intelligence,moving intelligence
Movingdots GmbH,movingdots
Movingdots GmbH by Powerfleet,movingdots by powerfleet
Moxa Europe,moxa europe
Moët Hennessy Deutschland GmbH,moët hennessy
Mr. Lodge GmbH,mr lodge
Mtu,mtu
MuP Köln,mup köln
Mubea Aerostructures,mubea aerostructures
Muckibude Forchheim,muckibude forchheim
Multident Runner,multident runner
Multitone Elektronik Int.,multitone elektronik int
Mundreich,mundreich
Munich Business School,munich business school
Munich Business School GmbH,munich business school
Munich Consulting Group,munich consulting
Munich Office,munich office
Munich Strategy,munich strategy
Munich Surgical Imaging GmbH,munich surgical imaging
Murata Electronics Europe B.V.,murata electronics europe b v
Murata Electronics Europe B.V. Germany Branch (Nuremberg),murata electronics europe b v germany branch (nuremberg)
Murtfeldt Kunststoffe GmbH & Co. KG,murtfeldt kunststoffe co kg
Museum für Naturkunde,museum für naturkunde
Mustafa,mustafa
Mutmacher,mutmacher
MyBiotech,mybiotech
MyBiotech GmbH,mybiotech
MyWellness GmbH,mywellness
Myartwork GmbH,myartwork
Mycronic GmbH,mycronic
Mynaric AG,mynaric
MÄUSSE,mäusse
MÜLLERDÄCHER,müllerdächer
Märkische Baugenossenschaft eG,märkische baugenossenschaft eg
Möbel Heinrich Running Sofa (r),möbel heinrich running sofa (r)
Möbel Karch,möbel karch
Möbel Martin Kaiserslautern,möbel martin kaiserslautern
Möbel-Meister,möbel meister
Möhler + Partner Ingenieure GmbH,möhler + partner ingenieure
Mücher,mücher
Mücher Dichtungen,mücher dichtungen
Mücke Roth & Company,mücke roth company
Müde Muttis,müde muttis
Mühlenbäckerei BOST,mühlenbäckerei bost
Mühlenbäckerei Bost,mühlenbäckerei bost
Mühlenbäckerei Bost GmbH,mühlenbäckerei bost
Müller,müller
Müller Steuerberatung RUNNERS,müller steuerberatung runners
Müller Steuerberatung Runners,müller steuerberatung runners
Müller Textil,müller textil
Müller-Boré & Partner Patentanwälte,müller boré partner patentanwälte
Müller-Boré & Partner Patentanwälte PartG mbB,müller boré partner patentanwälte partg mbb
Müller-Licht,müller licht
München,münchen
München Klinik,münchen klinik
München Klinik gGmbH,münchen klinik ggmbh
München Ticket GmbH,münchen ticket
MünchenMusik GmbH & Co. KG,münchenmusik co kg
MünchenTicket,münchenticket
Münchener Hypothekenbank eG,münchener hypothekenbank eg
Münchener Rückversicherungs-Gesellschaft,münchener rückversicherungs gesellschaft
Münchener Tierpark Hellabrunn AG,münchener tierpark hellabrunn
Münchner Bank eG,münchner bank eg
Münchner BauBlitze,münchner baublitze
Münchner Stadtentwässerung,münchner stadtentwässerung
Münchner Verlagsgruppe,münchner verlagsgruppe
Münchner Volkshochschule GmbH,münchner volkshochschule
Münchner Wohnen,münchner wohnen
Münchner-Kindl-Lauf,münchner kindl lauf
Münste4life,münste4life
Mütron Müller GmbH & Co. KG,mütron müller co kg
N&B Ingenieure,n b ingenieure
NAF AG,naf
NAK Architekten,nak architekten
NAOB,naob
NARZ/AVN aposoft,narz/avn aposoft
NATURSTEINPARK HORN,natursteinpark horn
NATURSTROM AG,naturstrom
NAVUM GmbH,navum
NAVUM Runners,navum runners
NAYOKI PERFORMANCE,nayoki performance
NBB Fachmärkte,nbb fachmärkte
NBB Laufwerke,nbb laufwerke
NBG975,nbg975
"NBS Nehrig, Braun & Sozien",nbs nehrig braun sozien
NBank-Runners,nbank runners
NEDSCHROEF,nedschroef
NEO-Consulting Champions,neo consulting champions
NEOPERL,neoperl
NES Fircroft,nes fircroft
NES Global Deutschland GmbH,nes global
NETWAYS,netways
NETWAYS GmbH,netways
NEUES BERLIN Runners,neues berlin runners
NEUGART KG,neugart kg
NEUMÜLLER Ingenieurbüro GmbH,neumüller ingenieurbüro
NEW LIFT Runners,new lift runners
NFDI,nfdi
NGMedical,ngmedical
NH HOTELES DEUTSCHLAND GMBH,nh hoteles
NH Runners,nh runners
NHS GmbH WPG,nhs wpg
NICKIS,nickis
NIIL Architekten,niil architekten
NIO Deutschland GmbH,nio
NIO GmbH,nio
NIQubik Runners,niqubik runners
NISSAN,nissan
NITEC-RIETHMÜLLER-GRUBE,nitec riethmüller grube
NITEC-RIETHMÜLLER-GRUBE-IPC,nitec riethmüller grube ipc
NIVEAU Fenster Westerburg GmbH,niveau fenster westerburg
NKT,nkt
NKT GmbH & Co. KG,nkt co kg
NLBL-Aktiv,nlbl aktiv
NLGA,nlga
NLS Rechtsanwälte,nls rechtsanwälte
NMO4ever,nmo4ever
NMS,nms
NNIT,nnit
NOERR,noerr
NONA Die rote Nuss,nona die rote nuss
NONAME,noname
NORD/FM,nord/fm
NORD/LB,nord/lb
NORMA,norma
NORMA Roth Stiftung,norma roth stiftung
NORMA Stiftung Wadentest,norma stiftung wadentest
NOVENTI,noventi
NOVENTI Health SE,noventi health
NOVIA Baumanagement Hamburg GmbH,novia baumanagement hamburg
NOVIA Hamburg,novia hamburg
NOVIA Team Hamburg,novia team hamburg
NOVIANER,novianer
NOWEDA,noweda
NPROXX,nproxx
NPU,npu
NRF,nrf
NRW.Energy 4 Climate,nrw energy 4 climate
NRW.Energy4Climate,nrw energy4climate
NRW1,nrw1
NRZ Friedehorst,nrz friedehorst
"NS+P Dr. Neumann, Schmeer & Partner",ns+p dr neumann schmeer partner
NST,nst
NTG - Nordic Transport Group,ntg nordic transport
NTG Workaholics,ntg workaholics
NTN Wälzlager (Deutschland) GmbH,ntn wälzlager (deutschland)
NTT,ntt
NTT DATA,ntt data
NTT DATA Business Solutions,ntt data business solutions
NTT DATA Business Solutions AG,ntt data business solutions
NTT DATA Deutschland AG,ntt data
NTT DATA Deutschland SE,ntt data
NTT DATA Köln,ntt data köln
NTT Data Business Solution AG,ntt data business solution
NTT Data Deutschland,ntt data
NVBW,nvbw
NVIDIA,nvidia
NWR,nwr
NWS,nws
NZYM Group,nzym
Nabertherm,nabertherm
Nachlassverwaltungen/Testamentsvoll.,nachlassverwaltungen/testamentsvoll
Nadine,nadine
Nadine Linke,nadine linke
Nadine Rittereiser & Ralf Wiedewild,nadine rittereiser ralf wiedewild
Nagarrians Hive Stuttgart,nagarrians hive stuttgart
Nagarro,nagarro
Nagarro ATCS,nagarro atcs
Nagarro GmbH,nagarro
Nagel-Group,nagel group
Namenlos grandios,namenlos grandios
Nancy,nancy
NanoTemper Technologies GmbH,nanotemper technologies
Nanoscribe,nanoscribe
Nanotec Electronic GmbH & Co. KG,nanotec electronic co kg
Nanotec Electronic GmbH & Co.KG,nanotec electronic co kg
Nardini Klinikum GmbH,nardini klinikum
Nash - ZN der Gardner Denver Deutschland GmbH,nash zn der gardner denver
Nash Running Team,nash running team
Natalya,natalya
National Express,national express
National Express Rail GmbH,national express rail
Natsana Runners,natsana runners
NaturaRunnies,naturarunnies
Natural Born Chillers,natural born chillers
Natural Elements,natural elements
Naturkost Ernst Weber GmbH,naturkost ernst weber
Nawel,nawel
Nect Level Runners,nect level runners
Neda Zamiadi,neda zamiadi
Nedschroef,nedschroef
Neff GmbH,neff
Negotiation Advisory Group,negotiation advisory
Nemak,nemak
Nemak Dillingen GmbH,nemak dillingen
Nemera Neuenburg,nemera neuenburg
Nemko,nemko
Nenikékamen,nenikékamen
Neocom,neocom
Neocom.ai,neocom ai
Neoperl GmbH,neoperl
Neoskop,neoskop
Neovii Biotech GmbH,neovii biotech
Neovii Running Team,neovii running team
Nespresso,nespresso
NetApp Deutschland GmbH,netapp
NetCologne,netcologne
NetPlans,netplans
NetQuest GmbH,netquest
NetWEB,netweb
Netinera,netinera
Netqa:EfficientTesterNQualityAthlete,netqa:efficienttesternqualityathlete
Netzbewegung,netzbewegung
Netzeffekt,netzeffekt
Netzeffekt Trailblazers,netzeffekt trailblazers
Netzplan,netzplan
Neuburger,neuburger
Neue Grundschule Gröpelingen,neue grundschule gröpelingen
Neue Wege - Klare Pläne,neue wege klare pläne
Neugart,neugart
Neuland Communication,neuland communication
Neuland Communication GmbH,neuland communication
Neuraum Ventures,neuraum ventures
Neurologie am Funkerberg,neurologie am funkerberg
Neuropsychologie Armgardt,neuropsychologie armgardt
Neurotisch,neurotisch
Nevena Eble,nevena eble
Never running out of ideas!,never running out of ideas!
Never stop solving,never stop solving
New England Biolabs,new england biolabs
New Gen,new gen
New Lift Neue elektronische Wege Steuerungsbau GmbH,new lift neue elektronische wege steuerungsbau
New Media AV,new media av
NewStore,newstore
Neways Neunkirchen GmbH,neways neunkirchen
Newline Europe Versicherung AG,newline europe versicherung
Nexans Industrial Solutions GmbH,nexans industrial solutions
Nexia,nexia
Nexia GmbH,nexia
Next Kraftwerke GmbH,next kraftwerke
Next Level Runners,next level runners
Next-Welcome,next welcome
Next2Sun,next2sun
Next2Sun Technology GmbH,next2sun technology
Nexteer Automotive Germany,nexteer automotive germany
Nexteer Munich,nexteer munich
Nexthelden,nexthelden
Nextwork,nextwork
Nextwork GmbH,nextwork
Nexus Technology,nexus technology
Nia Health,nia health
Nibler GmbH,nibler
Nibler GmbH Fernleitungsbau,nibler fernleitungsbau
Nickis Bächstädt GmbH,nickis bächstädt
Nickl & Partner Architekten,nickl partner architekten
Niclas,niclas
Niclas Kehl,niclas kehl
Nico,nico
Nicolai Lehnert,nicolai lehnert
Nicole,nicole
Nicole Dietzel,nicole dietzel
Nicole Eckert,nicole eckert
Nicole Grochotzki,nicole grochotzki
Nicole Quade,nicole quade
NieMännerundFrauen,niemännerundfrauen
Niedermaier & Partner mbB,niedermaier partner mbb
Niedersachsen Ports ...lööpt,niedersachsen ports lööpt
NiedersachsenMetall,niedersachsenmetall
Nierenzentrum Freiburg,nierenzentrum freiburg
Niersberger Group,niersberger
Niersberger Wohn- und Anlagenbau GmbH & Co. KG,niersberger wohn und anlagenbau co kg
Niesmann+Bischoff,niesmann+bischoff
Nifflers,nifflers
Niklas,niklas
Nikolaus Rein GmbH,nikolaus rein
Nils AG,nils
Nils-Jannik,nils jannik
Nina-Luisa Hasper,nina luisa hasper
Nine United Design,nine united design
NinetoSix,ninetosix
Ninon Seydel Illustration & Grafikdesign,ninon seydel illustration grafikdesign
Nippon Express (Deutschland) GmbH & Co.KG,nippon express (deutschland) co kg
Nippon Express - We Find the Way,nippon express we find the way
Nippon Gases,nippon gases
Nippon Gases Deutschland GmbH,nippon gases
Nippon Paint,nippon paint
Nippon Seiki (Europe) B.V.,nippon seiki (europe) b v
Nippon Seiki (Europe) BV,nippon seiki (europe) bv
Nipro Pure Water,nipro pure water
Nitrado,nitrado
Nitto Advanced Film Gronau GmbH,nitto advanced film gronau
NoDramaLlama,nodramallama
Noah Gewiese,noah gewiese
Nobilia,nobilia
Nobo Automotive Systems Germany GmbH,nobo automotive systems germany
Noerr,noerr
Noerr PartGmbB,noerr partgmbb
Nokia,nokia
Nokia Solutions and Networks,nokia solutions and networks
Nokia Solutions and Networks GmbH,nokia solutions and networks
Nokia Solutions and Networks GmbH & Co. KG,nokia solutions and networks co kg
Nokia Solutions and Networks GmbH & Co.KG,nokia solutions and networks co kg
Nold & Zimmermann,nold zimmermann
Nomos,nomos
Nora Wagner,nora wagner
Norbert,norbert
Nord Invest Wohnimmobilien GmbH,nord invest wohnimmobilien
Nordgetreide,nordgetreide
Nordgetreide GmbH & Co. KG,nordgetreide co kg
Nordic Campus Bremen,nordic campus bremen
Nordic Pharma,nordic pharma
Nordic Pharma GmbH,nordic pharma
Nordic Science,nordic science
Nordik Care Bennigsen,nordik care bennigsen
Nordlichter,nordlichter
Noris Inklusion läuft,noris inklusion läuft
Noris-Arbeit (NOA),noris arbeit (noa)
North Data Runners,north data runners
Northwest,northwest
Norton Rose Fulbright,norton rose fulbright
Noruzi Law,noruzi law
Nosrat Moradi,nosrat moradi
Not Fast But Furious,not fast but furious
Notare Dr. Engel & Dr. Hain,notare dr engel dr hain
Notare Dr. Frank und Dr. Schneeweiß,notare dr frank und dr schneeweiß
Notare Dr. Frank und Dr. Schneeweiß GbR,notare dr frank und dr schneeweiß gbr
Notare Dr. Kretzer und Dr. Raffel,notare dr kretzer und dr raffel
Notare Dr. Vossius & Dr. Engel,notare dr vossius dr engel
Notare an der Palmaille,notare an der palmaille
Notarianer,notarianer
Notariat Dietrich & Oltmanns,notariat dietrich oltmanns
Notarkammer Baden-Württemberg,notarkammer baden württemberg
Notarkasse A.d.ö.R,notarkasse a d ö r
Notarkasse A.d.ö.R.,notarkasse a d ö r
Notarunners Bernhard und Sauer,notarunners bernhard und sauer
Novanta,novanta
Novartis,novartis
Novelis Koblenz,novelis koblenz
Novexx Roadrunner,novexx roadrunner
Novexx Solutions GmbH,novexx solutions
Novilio Roadrunners,novilio roadrunners
NovoCure GmbH,novocure
Novocure,novocure
Novotech Germany,novotech germany
Novotel Düsseldorf Airport,novotel düsseldorf airport
Novotel Freiburg am Konzerthaus,novotel freiburg am konzerthaus
Novotel Nürnberg Centre Ville,novotel nürnberg centre ville
Novotel Runners,novotel runners
Nowega,nowega
Noxon,noxon
Numatic,numatic
Numatic - Performance you can trust,numatic performance you can trust
Nur der HSV,nur der hsv
Nur drei Läufer,nur drei läufer
Nutzis,nutzis
Nägel mit Köpfen,nägel mit köpfen
NürnbergMesse,nürnbergmesse
NürnbergMesse GmbH,nürnbergmesse
Nürnberger Baugruppe GmbH + Co KG,nürnberger baugruppe + co kg
Nürnberger pilot*innen,nürnberger pilot*innen
O&B Private Label,o b private label
O&K Antriebstechnik GmbH,o k antriebstechnik
O&P Kälte + Klimatechnik,o p kälte + klimatechnik
O&R Runners,o r runners
O(k) L(os) G(eht´s),o(k) l(os) g(eht´s)
O.T.S ASTRACON,o t s astracon
OBE,obe
OBERMEYER Infrastruktur,obermeyer infrastruktur
OBERMEYER Infrastruktur GmbH & Co. KG,obermeyer infrastruktur co kg
OBI Berlin,obi berlin
OBS Runners,obs runners
OC-Laufwerk,oc laufwerk
OCCAR,occar
OCLC GmbH,oclc
ODDO BHF Asset Management GmbH,oddo bhf asset management
ODDO BHF SE,oddo bhf
ODEG,odeg
ODEG & ODIG „BesserZusammen“,odeg odig „besserzusammen“
ODOSCOPE GmbH,odoscope
OEV Online Dienste GmbH,oev online dienste
OEV digital campus 360,oev digital campus 360
OFD NRW,ofd nrw
OFM,ofm
OGAS pAIcer,ogas paicer
OGE,oge
OGE - Open Grid Europe,oge open grid europe
OHB Digital Runners,ohb digital runners
OHB SE,ohb
OK Freiburg,ok freiburg
OLB Bank AG,olb bank
OLB Roadrunner,olb roadrunner
OLB Roadrunners,olb roadrunners
OLG Düsseldorf,olg düsseldorf
OLYMPIAPARK MÜNCHEN GMBH,olympiapark münchen
OMD DÜSSELDORF GMBH,omd düsseldorf
OMD Läuft,omd läuft
OMD München,omd münchen
OMG Fuse,omg fuse
OMG läuft,omg läuft
OMICRON elecronics Deutschland GmbH,omicron elecronics
OMICRON electronics,omicron electronics
OMMAX GmbH,ommax
OMMAX Running Team,ommax running team
OMNILAB LabRunner,omnilab labrunner
OMP DE Running Team,omp de running team
OMS,oms
OMS Prüfservice,oms prüfservice
ONCARE,oncare
ONE GASTIVO,one gastivo
ONE HY-LINE,one hy line
ONE NTT,one ntt
ONE PEIX,one peix
ONE SPIE,one spie
ONE-CRONIMET,one cronimet
ONM - Digital Heroes,onm digital heroes
ONPG,onpg
OP Engineers GmbH,op engineers
OPATZ Group,opatz
OPEN MIND Technologies AG,open mind technologies
OPM DUS Sprint Squad,opm dus sprint squad
OPTIMAL SYSTEMS Dortmund,optimal systems dortmund
OPTIMAL SYSTEMS Hannover,optimal systems hannover
OPmobility Rastatt,opmobility rastatt
ORACLE,oracle
ORACLE Deutschland B.V. & Co. KG,oracle b v co kg
ORANO GmbH,orano
ORDEN RUNNERS,orden runners
ORTEC GmbH Germany,ortec germany
OSCAR,oscar
OSK,osk
OSMAB Holding AG,osmab
OSRAM GmbH,osram
OST Paschotka,ost paschotka
OTIS Aufzüge - made to move you,otis aufzüge made to move you
OTS Astracon,ots astracon
OTTO,otto
OXYGEN PICTURES,oxygen pictures
Oakley Capital,oakley capital
Oberbank,oberbank
"Oberbank AG, Niederlassung Deutschland",oberbank ag niederlassung
Obergammler/innen,obergammler/innen
Obermeyer Infrastruktur,obermeyer infrastruktur
Objektkultur,objektkultur
Obsthof Sehringer,obsthof sehringer
Occhio,occhio
Occhio GmbH,occhio
Ocean Optics,ocean optics
OceanScore,oceanscore
Octapharma Plasma,octapharma plasma
OctoPOWER,octopower
Octopus Energy,octopus energy
Odilienschule,odilienschule
Oelckers GmbH & Co. Vertriebs KG,oelckers co vertriebs kg
Oerlikon Friction Systems,oerlikon friction systems
Oerlikon Innovation Hub,oerlikon innovation hub
Oertel Construction,oertel construction
Oetiker Deutschland GmbH,oetiker
Oettinger Gruppe,oettinger gruppe
Offene Ganztagsschule Nalbach,offene ganztagsschule nalbach
Office People,office people
Ogury,ogury
Ohlsson Running Team,ohlsson running team
Ohm-lympics,ohm lympics
Ohne Hebammen läuft nix,ohne hebammen läuft nix
Ohning,ohning
Oktoberfest-Booking.com,oktoberfest booking com
Old but slow,old but slow
Oldtimer Wensing,oldtimer wensing
Olena,olena
Oliver,oliver
Oliver Schnau,oliver schnau
Oliver Schrott Kommunikation GmbH,oliver schrott kommunikation
Oliver Wojsik,oliver wojsik
Oliver Wyman,oliver wyman
Olivia Geiersbach (BMAnetworks),olivia geiersbach (bmanetworks)
Olli,olli
Olympiastadion Berlin,olympiastadion berlin
Olympus,olympus
Olympus + DSfjEmK,olympus + dsfjemk
Olympus +DSfjEmK,olympus +dsfjemk
Olympus x DSfjEmK,olympus x dsfjemk
Omega AG,omega
Omexom BU Dortmund,omexom bu dortmund
Omexom EIK,omexom eik
OmniVision GmbH,omnivision
Omnicom Media Group,omnicom media
Omya,omya
OnAir,onair
Oncare GmbH,oncare
One,one
One Faber-Castell,one faber castell
One Liberty,one liberty
One Reaction Biology Runners,one reaction biology runners
One Square,one square
One Square Advisors GmbH,one square advisors
One Team Carpenter,one team carpenter
OneAxians,oneaxians
OneCAL,onecal
OneKarlsruhe,onekarlsruhe
OneMabanaft,onemabanaft
OneNTT,onentt
OneQrew,oneqrew
OneSUSS,onesuss
OneSportGroup,onesportgroup
OneStepAhead,onestepahead
OneVulcan,onevulcan
Online Birds Berlin,online birds berlin
Online Birds GmbH,online birds
Ontime Courier,ontime courier
Ontime Courier GmbH,ontime courier
Open Mind Technologies AG,open mind technologies
Opitsch&Heinisch,opitsch heinisch
Oppenhoff,oppenhoff
Opsytec,opsytec
Optik Jordan,optik jordan
Optik Schlemmer GmbH & Co. KG,optik schlemmer co kg
Optimal Systems München,optimal systems münchen
Optoprim Germany GmbH,optoprim germany
Optris GmbH,optris
Optris GmbH & Co.KG,optris co kg
Oracle,oracle
Oracle Deutschland B.V. & Co KG,oracle b v co kg
Oracle Hamburg,oracle hamburg
Orange,orange
Orange Business Services GmbH,orange business services
Orange Cyberdefender,orange cyberdefender
Orange Cyberdefense Germany GmbH,orange cyberdefense germany
Orano Runners,orano runners
Orbem GmbH,orbem
Orcan Energy AG,orcan energy
Ordio Running Club,ordio running club
Orga-Team Pierre Fabre,orga team pierre fabre
OrgaCard GmbH,orgacard
OrgaCards - Laufhelden,orgacards laufhelden
Organic Garden,organic garden
Organic Garden AG,organic garden
Orion Apotheke Martin Kemper e.K.,orion apotheke martin kemper e k
Orion Engineered Carbons,orion engineered carbons
Orizon GmbH - Unit Aviation,orizon unit aviation
Orlando Capital,orlando capital
Orlando Capital GmbH,orlando capital
Orrick's Exhibit A-thletes,orrick's exhibit a thletes
"Orrick, Herrington & Sutcliffe, LLP",orrick herrington sutcliffe llp
Orthodäpie Praxis Meyer,orthodäpie praxis meyer
Orthomed,orthomed
Orthopassion,orthopassion
Orthopy Rockets,orthopy rockets
Orthopädie Freiburg Mitte,orthopädie freiburg mitte
Orthopädie am Gürzenich,orthopädie am gürzenich
Orthopädie-Technik Kächele GmbH,orthopädie technik kächele
Orthopädiezentrum Theresie,orthopädiezentrum theresie
Ortner,ortner
Ortner München rennt,ortner münchen rennt
Osborne Clarke,osborne clarke
Osborne Clarke #teamtomorrow,osborne clarke #teamtomorrow
Osborne Clarke PartmbB,osborne clarke partmbb
OsborneClarke#teamtomorrow,osborneclarke#teamtomorrow
Ospig,ospig
Osswald 360,osswald 360
Osteo Amon,osteo amon
Osteopathie Laube,osteopathie laube
Osteopathie Praxis Böhler,osteopathie praxis böhler
Osterholzer Stadtwerke,osterholzer stadtwerke
Otsuka GmbH,otsuka
Otsuka Novel Products GmbH,otsuka novel products
Otto Building Technologies GmbH,otto building technologies
Otto GmbH,otto
Otto Group one.O,otto one o
Otto Männer GmbH,otto männer
Otto Wilde Grillers,otto wilde grillers
Oui,oui
Oui Gruppe GmbH & Co.,oui gruppe co
Oumaya hadj kacem,oumaya hadj kacem
Outlaw FAA Bremen,outlaw faa bremen
Outokumpu Nirosta GmbH,outokumpu nirosta
Outrunners,outrunners
Overland-Tandberg,overland tandberg
Oviva AG,oviva
Oxpark,oxpark
Oyster,oyster
O´Donnell Moonshine GmbH,o´donnell moonshine
P&C1,p c1
P&P Group,p p
P+L,p+l
P+R Hamburg,p+r hamburg
P. J. Dahlhausen & Co. Gmbh,p j dahlhausen co
P.A. Finanzierungsberatung,p a finanzierungsberatung
P.E.P.,p e p
P3,p3
P3 Group,p3
P3 Hamburg,p3 hamburg
P3 Runners,p3 runners
PACE Telematics GmbH,pace telematics
PAF,paf
PAF - BKG - BIK - Team,paf bkg bik team
PANDA Fördergesellschaft für Umwelt mbH,panda fördergesellschaft für umwelt mbh
PANDION,pandion
PANDION AG,pandion
PANDION Partner für Lebensräume,pandion partner für lebensräume
PAPER & TEA Runners,paper tea runners
PAPP GRUPPE,papp gruppe
PARK - Wirtschaftsstrafrecht,park wirtschaftsstrafrecht
PARK : Wirtschaftsstrafrecht.,park : wirtschaftsstrafrecht
PART.ner AG,part ner
PAS Financial Advisory AG,pas financial advisory
PASCAL Beratungsgesellschaft m.b.H.,pascal beratungsgesellschaft m b h
PAUL IT,paul it
PAUL OPATZ GmbH,paul opatz
PAULY & KYOCERA,pauly kyocera
PAW,paw
PAW/ÖSW Firmenlauf 2024,paw/ösw firmenlauf 2024
PB Consult GmbH,pb consult
PB-Team Weiterstadt,pb team weiterstadt
PB3C,pb3c
PBI Runners,pbi runners
PC-Tank,pc tank
PCS Systemtechnik GmbH,pcs systemtechnik
PCS-the running people,pcs the running people
PD - Berater der öffentlichen Hand,pd berater der öffentlichen hand
PDSVISION GmbH,pdsvision
PDV Systeme,pdv systeme
PDV Systeme GmbH,pdv systeme
PEAK ONE,peak one
PEARL.GmbH,pearl gmbh
PECHER,pecher
PEGo,pego
PEGreen-Team,pegreen team
PEH Nuremberg Opco GmbH,peh nuremberg opco
PERM4 :,perm4 :
PERM4 : Permanent Recruiting GmbH,perm4 : permanent recruiting
PERM4 | Permanent Recruiting GmbH,perm4 | permanent recruiting
PFI Planungsgemeinschaft GmbH,pfi planungsgemeinschaft
PFLEGEN & WOHNEN HAMBURG,pflegen wohnen hamburg
PG läuft,pg läuft
PGDI,pgdi
PH Freiburg,ph freiburg
PHD Raiders,phd raiders
PHINEO Team,phineo team
PHOSPHOLIPID GmbH,phospholipid
PHW-Gruppe,phw gruppe
PHYSIOMED SÜD,physiomed süd
PHYSIOSPA,physiospa
PI - Physik Instrumente,pi physik instrumente
PI Merzig,pi merzig
PI – Physikinstrumente,pi – physikinstrumente
PIA,pia
PIA : Runners,pia : runners
PIABO Communications,piabo communications
PID,pid
PIIPeline Läufer,piipeline läufer
PIKON Deutschland AG,pikon
PIMA - Die Gesundheitshüter,pima die gesundheitshüter
PIMA Health & Safety West,pima health safety west
PIMCO Deutschland GmbH,pimco
PIN AG,pin
PINK Beratung und Training,pink beratung und training
PINK Wirtschaftsprüfung GmbH,pink wirtschaftsprüfung
PINOVA Capital,pinova capital
PINOVA Capital GmbH,pinova capital
PIXARGUS Die Qualitätsbeschleuniger!,pixargus die qualitätsbeschleuniger!
PIXARGUS die Qualitätsbeschleuniger,pixargus die qualitätsbeschleuniger
PK Projekt-Kompakt Engineers,pk projekt kompakt engineers
PKF Fasselt,pkf fasselt
PKF Industrie- und Verkehrstreuhand GmbH,pkf industrie und verkehrstreuhand
PKF Köln,pkf köln
PKF München,pkf münchen
PKF Nürnberg,pkf nürnberg
PKF Sozietät Dr. Fischer,pkf sozietät dr fischer
PKF TREUWERK,pkf treuwerk
PKF TREUWERK AG,pkf treuwerk
PKF Team,pkf team
PKTRONIC,pktronic
PKTRONIC GmbH,pktronic
PKV Institut GmbH,pkv institut
PKV-Verband e.V.,pkv verband e v
PLAION & PLAION PICTURES,plaion plaion pictures
PLAION GmbH,plaion
PLAN V,plan v
PLAN4 Crew,plan4 crew
PLANA Nürnberg,plana nürnberg
PLANTA,planta
PLANTA Projektmanagement-Systeme,planta projektmanagement systeme
PLANUNGSGRUPPE VA,planungsgruppe va
PLICKERT - DIE GLASPROFIS,plickert die glasprofis
PM & Partner GmbH,pm partner
PM Flitzer,pm flitzer
PMA,pma
PMI GmbH,pmi
PMS SPORTS,pms sports
POELLATH,poellath
POLYAS-Team,polyas team
POMMM,pommm
PORR,porr
PORR RUNNER,porr runner
PORR Spezialtiefbau GmbH,porr spezialtiefbau
POSITEC Germany GmbH,positec germany
PPP-Rechtsanwälte Düsseldorf,ppp rechtsanwälte düsseldorf
PPR & PARTNER,ppr partner
PPT Group,ppt
PR-COM,pr com
PREMEX GmbH,premex
PREUSS Gruppe,preuss gruppe
PREVISIONZ,previsionz
PREZIEHS GmbH & Co. KG,preziehs co kg
PRK,prk
PRK DreamHaus,prk dreamhaus
PRO DV AG,pro dv
PRO-LOGo Läuferinnen,pro logo läuferinnen
PROCAM,procam
PROCON IT,procon it
PROCON IT GmbH,procon it
PRODATO,prodato
PRODATO Integration Technology GmbH,prodato integration technology
PRODUCTION CONCEPT,production concept
PRODYNA,prodyna
PROGAS,progas
PROMATIS,promatis
PROMESS Titanen,promess titanen
PROTECHNA,protechna
PROTECHNA Herbst GmbH & Co. KG.,protechna herbst co kg
PROTEMA Laufteam,protema laufteam
PROTOS,protos
PROVATIS,provatis
PROXESS,proxess
PROXIA Software AG,proxia software
PROXIA by shoplogix,proxia by shoplogix
PRT Berlin,prt berlin
PRophet Trend Trackers,prophet trend trackers
PS/Rechtsanwälte,ps/rechtsanwälte
PSD Bank Karlsruhe-Neustadt eG,psd bank karlsruhe neustadt eg
PSD Bank Nürnberg eG,psd bank nürnberg eg
PSD Bank RheinNeckarSaar eG,psd bank rheinneckarsaar eg
PSD Bank West,psd bank west
PSI Logistics,psi logistics
PSPerformer,psperformer
PST,pst
PST GRUNDBAU,pst grundbau
PSVaG,psvag
PSvdL Energy Runners,psvdl energy runners
PT Lounge - CoachSascha,pt lounge coachsascha
PTA GmbH,pta
PTC - Power to Create,ptc power to create
PTC Munich Pacemakers,ptc munich pacemakers
PTCool Runners,ptcool runners
PTW Freiburg GmbH,ptw freiburg
PUBLIC,public
PULS,puls
PULS GMBH,puls
PURPLERHINO,purplerhino
PV Baumann,pv baumann
PVA Baumann,pva baumann
PVH Brands Germany GmbH,pvh brands germany
PVS rhein-ruhr * Gemeinsam besser,pvs rhein ruhr * gemeinsam besser
PWWL,pwwl
PWZ läuft!,pwz läuft!
PYUR,pyur
Pace Partners,pace partners
Pace Patrol,pace patrol
Pace Warriors,pace warriors
Pachmayr Getränkegroßhandel,pachmayr getränkegroßhandel
Pacifico,pacifico
PackHeroes,packheroes
Packaging is our job Team Dienes,packaging is our job team dienes
Packservice,packservice
Packt an,packt an
Packwell Andernach,packwell andernach
Pacura Dream Team,pacura dream team
Paessler AG,paessler
PageGroup,pagegroup
Pagliari,pagliari
PagoNxt Merchant Solutions,pagonxt merchant solutions
Pahn Ingenieure,pahn ingenieure
Pampelmuse,pampelmuse
Pan Dacom Networking AG,pan dacom networking
Panasonic,panasonic
PandaPower,pandapower
Pandion AG,pandion
Pandora,pandora
Panea,panea
Panpharma,panpharma
Pantel Elekronik AG,pantel elekronik
Pantel Elektronik AG,pantel elektronik
Panther,panther
Papa Power und Tochter Tempo,papa power und tochter tempo
Pape & Co.,pape co
Pape & Co. GmbH Steuerberatungsgesellschaft Wirtschaftsprüfungsgesellschaft,pape co steuerberatungsgesellschaft wirtschaftsprüfungsgesellschaft
Paper Runners,paper runners
Papershift,papershift
Papierflitzer,papierflitzer
Papp Gruppe,papp gruppe
Pappnasen,pappnasen
Papsi Running,papsi running
Paradox Cat GmbH,paradox cat
Parcel Pioniers,parcel pioniers
Parfümerie Douglas,parfümerie douglas
"Pari LV, Hannover & Suchthilfe Nds.",pari lv hannover suchthilfe nds
Pari Laufteam,pari laufteam
Paritätische Sozialpsychiatrisches Zentrum gGmbH,paritätische sozialpsychiatrisches zentrum ggmbh
Paritätischer Nds.,paritätischer nds
Park Physio,park physio
Park Plaza Nürnberg,park plaza nürnberg
Park-Kliniken Berlin,park kliniken berlin
Parker Köln,parker köln
Parkhotel Bremen,parkhotel bremen
Parkhotel Weiskirchen,parkhotel weiskirchen
Parlasca,parlasca
Parloa Runs,parloa runs
Parsa Running Team,parsa running team
ParshipMeet Group,parshipmeet
Particle Metrix GmbH,particle metrix
Particulate,particulate
PartnerInCrime,partnerincrime
Partners Group,partners
Partnership International e.V.,partnership international e v
Parzival Zentrum,parzival zentrum
Parzival-Schulzentrum,parzival schulzentrum
Pascal Ludwig Elektrotechnik,pascal ludwig elektrotechnik
Passion Performance,passion performance
Passstraße,passstraße
Pat&Patachon GmbH,pat patachon
Patek Philippe,patek philippe
Patent Runners,patent runners
Patentanwälte Bauer Vorberg Kayser,patentanwälte bauer vorberg kayser
Pathologie München Nord,pathologie münchen nord
Patricia,patricia
Patrick,patrick
Paul,paul
Paul + Paul,paul + paul
Paul Becker GmbH,paul becker
Paul Lange & Co. KG,paul lange co kg
Paul Lange & Co. OHG,paul lange co ohg
Paul Osswald,paul osswald
Paul-Gerhardt-Schule,paul gerhardt schule
Paulaner am Nockherberg,paulaner am nockherberg
Paulmann Licht,paulmann licht
Paulmann Licht GmbH,paulmann licht
Paulo,paulo
Paulus & Partner,paulus partner
Paws & Claws Runners,paws claws runners
Paycom IT,paycom it
Payoneer,payoneer
Payoneer Germany GmbH,payoneer germany
Payoneer Turbo Snails,payoneer turbo snails
Payworks GmbH,payworks
PcTank sarl,pctank sarl
Peakwork,peakwork
Pedro,pedro
Peek & Cloppenburg,peek cloppenburg
Pegasus Capital Partners GmbH,pegasus capital partners
Pelka &Partner,pelka partner
Pembroke,pembroke
Pen Runners,pen runners
Penguin Random House Verlagsgruppe,penguin random house verlagsgruppe
Penguin Random House Verlagsgruppe GmbH,penguin random house verlagsgruppe
Penziletten,penziletten
People Love Running,people love running
Peopleware,peopleware
Peper & Söhne,peper söhne
Perficon,perficon
PerformAktiv,performaktiv
Performance 4 Athletes,performance 4 athletes
Periskop Runners,periskop runners
Perlen Packaging,perlen packaging
"Perlen Packaging GmbH, Müllheim",perlen packaging gmbh müllheim
Pernod Ricard,pernod ricard
Pernod Ricard Deutschland GmbH,pernod ricard
Perpetual Investors,perpetual investors
Perrigo,perrigo
Perritos Chatos,perritos chatos
Persch Consult GmbH,persch consult
Perseus Team,perseus team
Perso Plankontor GmbH,perso plankontor
Personal Service,personal service
Personio,personio
Personio SE & Co.KG,personio co kg
Perspectives Climate Group Runners,perspectives climate runners
Perspectives Climate Runners,perspectives climate runners
Peschla + Rochmes,peschla + rochmes
Peschla + Rochmes GmbH,peschla + rochmes
Peter,peter
Peter Cremer Holding GmbH & Co. KG,peter cremer co kg
Peter Fischer GmbH,peter fischer
Peter Frisch GmbH,peter frisch
Peter Greven GmbH & Co. KG,peter greven co kg
Peter Gross,peter gross
Peter Gross Hochbau GmbH & Co. KG,peter gross hochbau co kg
Peter Gross Hochbau GmbH & Co.KG,peter gross hochbau co kg
Peter Gross Infrastruktur GmbH & Co.,peter gross infrastruktur co
Peter Harms GmbH,peter harms
Peter Knobloch GmbH,peter knobloch
Peter Müller,peter müller
Petra Apotheke,petra apotheke
Petra Klimmek,petra klimmek
Pezzo di Pane,pezzo di pane
Pfaffenroter Ladys,pfaffenroter ladys
Pfalz-Orthopädie,pfalz orthopädie
Pfalzklinikum,pfalzklinikum
Pfalzschliff,pfalzschliff
Pfeifer und Langen GmbH & Co. KG,pfeifer und langen co kg
Pfeiffer & May,pfeiffer may
Pfeiffer & May Dillingen,pfeiffer may dillingen
Pfeiffer & May Karlsruhe GmbH,pfeiffer may karlsruhe
Pfeiffer und May Freiburg,pfeiffer und may freiburg
Pferdepraxis Maifeld,pferdepraxis maifeld
PfiFF,pfiff
Pfiff,pfiff
Pfiff e.V.,pfiff e v
Pfizer,pfizer
Pfizer Freiburg,pfizer freiburg
Pfizer Pharma GmbH,pfizer pharma
Pflanzen-Kölle,pflanzen kölle
Pflanzenhaus Schöner,pflanzenhaus schöner
Pflege am Limit,pflege am limit
Pflege bei St. Otto,pflege bei st otto
Pflege zu Hause Küffel GmbH,pflege zu hause küffel
Pflegedienst Am Körner Hof,pflegedienst am körner hof
Pflegedienst Impuls,pflegedienst impuls
Pflegedienst Weirich,pflegedienst weirich
Pflegewohnstift Hönow,pflegewohnstift hönow
Pflegewohnstifte Potsdam,pflegewohnstifte potsdam
Pflegewächter,pflegewächter
Pflegezentrum Landwasser,pflegezentrum landwasser
Pfleiderer,pfleiderer
Ph.Hatzner Team Ford-Schritt,ph hatzner team ford schritt
Pharbil Waltrop GmbH,pharbil waltrop
PharmaSGP,pharmasgp
PharmaSGP Holding SE,pharmasgp
Pharmaplan,pharmaplan
Phase 5 International GmbH,phase 5 international
Philipp,philipp
Philipp Rothmann,philipp rothmann
Philipp Schickling,philipp schickling
Philips,philips
Philips MUC,philips muc
Phoebe Reade,phoebe reade
Phoenix Pharmahandel GmbH & Co.KG,phoenix pharmahandel co kg
Phoenixseeklinik,phoenixseeklinik
Phorms Berlin Süd,phorms berlin süd
Phorms Munich,phorms munich
Physio Athletics,physio athletics
Physio Concept Kuckuk,physio concept kuckuk
Physio Kombinat Montabaur,physio kombinat montabaur
Physio Posthausen,physio posthausen
Physio Schmidt,physio schmidt
Physio Stützpunkt,physio stützpunkt
Physio Violia,physio violia
Physio to go 2024,physio to go 2024
Physio-Ergo GmbH,physio ergo
PhysioRebell,physiorebell
PhysioStars,physiostars
Physiopraxis Tobias Hüttenberger,physiopraxis tobias hüttenberger
Physiorunner,physiorunner
Physios Köln,physios köln
Physiostützpunkt,physiostützpunkt
Physiothek Guntermann,physiothek guntermann
Physiotherapie Christine Richter,physiotherapie christine richter
Physiotherapie Kemper und Söhne,physiotherapie kemper und söhne
Physiotherapie Koschade,physiotherapie koschade
Physiotherapie Merzig,physiotherapie merzig
Physiotherapie Merzig PM GYM,physiotherapie merzig pm gym
Physiotherapie Oberneuland,physiotherapie oberneuland
Physiotherapie Praxis Dynamik,physiotherapie praxis dynamik
Physiotherapie Schug,physiotherapie schug
Physiotherapie Schäfer,physiotherapie schäfer
Physiotherapie Weißelberg,physiotherapie weißelberg
Phytonics,phytonics
Pia Weiss,pia weiss
Picanova GmbH,picanova
Pick & Pack 24,pick pack 24
PicoLAS,picolas
Pielen & Partner,pielen partner
Pier 51,pier 51
Pierre Büchner,pierre büchner
Pierre Fabre Pharma GmbH,pierre fabre pharma
Pietzsch Rechtsanwälte,pietzsch rechtsanwälte
Pilates-Studio Koblenz,pilates studio koblenz
PilatesZeit,pilateszeit
Pilkington,pilkington
Pilkington Automotive Deutschland,pilkington automotive
Pilkington Deutschland AG,pilkington
Pilny & Kollegen GbR,pilny kollegen gbr
Pilot Hamburg,pilot hamburg
Pimco,pimco
Pinakothek,pinakothek
Pinard de Picard GmbH & Co. KG,pinard de picard co kg
Pinck Ingenieure Consulting,pinck ingenieure consulting
Pinsent Masons,pinsent masons
Pinsent Masons Rechtsanwälte Steuerberater Solicitors Partnerschaft mbB,pinsent masons rechtsanwälte steuerberater solicitors partnerschaft mbb
Pioneers & Running,pioneers running
Pipe Pacers,pipe pacers
Pipetronics GmbH & Co. KG,pipetronics co kg
Pirelli,pirelli
Pirelli Deutschland GmbH,pirelli
Pistono Immobilien,pistono immobilien
Piterion GmbH,piterion
PitzekPower,pitzekpower
Pixel-Runners,pixel runners
Pixida GmbH,pixida
Pixida Group,pixida
Pixum,pixum
Pixum@ Diginet GmbH & Co. KG,pixum@ diginet co kg
Plan 56 GmbH Elektroplanungsbüro,plan 56 elektroplanungsbüro
Planbar Panthers,planbar panthers
Planersocietät,planersocietät
Planersocietät Team KA,planersocietät team ka
Planethome Berlin,planethome berlin
Planisware Deutschland GmbH,planisware
Planlos,planlos
Plant Engineering GmbH,plant engineering
PlantIng Hamburg,planting hamburg
Planungsbüro Isernhagen,planungsbüro isernhagen
Planungsgesellschaft Dittrich,planungsgesellschaft dittrich
Planungsgesellschaft Dittrich mbH,planungsgesellschaft dittrich mbh
Plaque Patrol praxis.ihbe,plaque patrol praxis ihbe
Platzbecker Verwaltung GmbH,platzbecker verwaltung
Plaul,plaul
Plenz,plenz
Plinke GmbH,plinke
Plunet Pacers,plunet pacers
Plusnet GmbH,plusnet
Pluxee,pluxee
Podigee,podigee
Pohlmann & Company Compliance und Governance Beratung GmbH & Co. KG,pohlmann company compliance und governance beratung co kg
Pohlmann Hofmann,pohlmann hofmann
Pohlmann Hofmann Insolvenzverwalter Rechtsanwälte Partnerschaft,pohlmann hofmann insolvenzverwalter rechtsanwälte partnerschaft
Pohlmann-Steuern,pohlmann steuern
Pointsharp,pointsharp
Polar Signals,polar signals
Pole Position,pole position
Polestar,polestar
Polestar Germany,polestar germany
Politikwissenschaft,politikwissenschaft
Polizei,polizei
Polizei Bremen,polizei bremen
Polizei Gelsenkirchen,polizei gelsenkirchen
Polizei Merzig,polizei merzig
Polizei und Justiz K-Runner,polizei und justiz k runner
Polizeipräsidium Westpfalz,polizeipräsidium westpfalz
Pollux ems GmbH - Testing Runners,pollux ems testing runners
Polly Ivanova,polly ivanova
Polytex,polytex
Poppe Elastomertechnik GmbH,poppe elastomertechnik
Portfolio Concept,portfolio concept
Porties Freiburg,porties freiburg
Porties Köln,porties köln
Porties München,porties münchen
Porties Stuttgart,porties stuttgart
PorzBreit-Heinis,porzbreit heinis
Poseidon Bäderdienst,poseidon bäderdienst
Possible,possible
Post,post
Postbank-Worldline,postbank worldline
Potenzial Werkstatt GbR,potenzial werkstatt gbr
Potthoff & Platzer,potthoff platzer
PowMio Developers,powmio developers
Power Diagnostix / Megger,power diagnostix / megger
Power Politics Pacers,power politics pacers
Power Puffins,power puffins
Power Run,power run
Power T,power t
Power Team,power team
Power Workers,power workers
Power of One,power of one
Powerade,powerade
Powered by ENOVA,powered by enova
Powerjosefs,powerjosefs
Pragen Pacers,pragen pacers
Praglowski Architekten,praglowski architekten
Prause Holzbauplanung,prause holzbauplanung
Prause Holzbauplanung GmbH & Co. KG,prause holzbauplanung co kg
Praxis Arche,praxis arche
Praxis Dr Cornelia Lehmann,praxis dr cornelia lehmann
"Praxis Dr Cornelia Lehmann, Pasing",praxis dr cornelia lehmann pasing
Praxis Dr. Cocic,praxis dr cocic
Praxis Dr. Huberle,praxis dr huberle
Praxis Dr. Schürmann,praxis dr schürmann
Praxis Dr. Suchodoll,praxis dr suchodoll
Praxis Dr. Tischer & Odintov,praxis dr tischer odintov
Praxis Dr. Vogt,praxis dr vogt
Praxis Dr.Kroth & Dr. Bosch,praxis dr kroth dr bosch
Praxis Dres Aliani und Bubel,praxis dres aliani und bubel
Praxis H4 Seelze,praxis h4 seelze
Praxis Hanik,praxis hanik
Praxis Höhn,praxis höhn
Praxis Kneipp,praxis kneipp
Praxis Küppers / Lymperopoulos,praxis küppers / lymperopoulos
Praxis Lübberding & Kolleg:innen,praxis lübberding kolleg:innen
Praxis Prof. Dr. Fegg und Kolleg:Inn,praxis prof dr fegg und kolleg:inn
Praxis Schall,praxis schall
Praxis für Osteopathie Laube,praxis für osteopathie laube
Praxis für Physiotherapie Ehre,praxis für physiotherapie ehre
Praxis-Rothamel,praxis rothamel
Praxis32,praxis32
Praxisklinik Dr. Lamest & Kollegen,praxisklinik dr lamest kollegen
Praxisklinik Dr. Zikarsky,praxisklinik dr zikarsky
Praxisteam Dr. Leupolz,praxisteam dr leupolz
Praxisteam Strähnz/Waldenburger,praxisteam strähnz/waldenburger
Praxiszentrum Emmendingen,praxiszentrum emmendingen
PreOmics GmbH,preomics
PreZero Service Deutschland GmbH,prezero service
Precitec All Star Runner,precitec all star runner
Preckel Automobile GmbH,preckel automobile
Predion Immobilienmakler,predion immobilienmakler
Premio Reifen + Autoservice,premio reifen + autoservice
Presswerk Krefeld,presswerk krefeld
Presto Gruppe,presto gruppe
Pretty Slow Motion,pretty slow motion
PrettyOakWalk,prettyoakwalk
Preu Bohlig,preu bohlig
PreussenElektra GmbH,preussenelektra
"Preyer - Data Driven, Street Proven",preyer data driven street proven
Priavoid,priavoid
PricewaterhouseCoopers GmbH WPG,pricewaterhousecoopers wpg
PricewaterhouseCoopers GmbH Wirtschaftsprüfungsgesellschaft,pricewaterhousecoopers wirtschaftsprüfungsgesellschaft
Prikryl Kosmetik,prikryl kosmetik
PrimUS Medical Instruments,primus medical instruments
PrimUS Medical Instruments GmbH,primus medical instruments
Primark,primark
Prime Runners,prime runners
Primestone Consulting,primestone consulting
Primetals Technologies,primetals technologies
Primetals Technologies Germany GmbH,primetals technologies germany
Prinzen Rolle,prinzen rolle
Privat Läufer,privat läufer
Privatbrauerei Erdinger - München,privatbrauerei erdinger münchen
Privatpraxis Dr. Wojanowski,privatpraxis dr wojanowski
Privatpraxis Redemann,privatpraxis redemann
Prize by Radisson,prize by radisson
Pro Projekte GmbH & Co. KG,pro projekte co kg
Pro Seniore,pro seniore
Pro Seniore Residenz Rosengarten,pro seniore residenz rosengarten
Pro-eltek GmbH,pro eltek
ProCurand,procurand
ProKASRO,prokasro
ProKonzept Immobilien,prokonzept immobilien
ProServ,proserv
ProService Versicherungsmakler GmbH,proservice versicherungsmakler
ProTech Media,protech media
Proact Deutschland GmbH,proact
Proalpha GmbH,proalpha
Procter & Gamble,procter gamble
Product Quality Management,product quality management
Prodware,prodware
Prodware Pace Setters,prodware pace setters
Prof Schierle und Seubert-Schommer,prof schierle und seubert schommer
Prof. Burkhardt Ing. GmbH & Co. KG,prof burkhardt ing co kg
Prof. Burkhardt Ingenieure,prof burkhardt ingenieure
Prof. Dr. Zeller & Partner,prof dr zeller partner
Prof. Neuburger & Partner GmbH,prof neuburger partner
Profi Parts,profi parts
Profilrunners,profilrunners
Profion,profion
Profion GmbH,profion
Profundis Labs,profundis labs
Profundis Labs GmbH & Co. KG,profundis labs co kg
Project GmbH,project
Projekt Freischwimmer,projekt freischwimmer
Projektron,projektron
Projx,projx
Proliance,proliance
Proliance GmbH,proliance
Prologistik,prologistik
Promedare,promedare
Promodoro Power,promodoro power
Propan Rheingas GmbH & Co. KG,propan rheingas co kg
Propeller Power,propeller power
Property Market Analysis,property market analysis
Property Pioneers,property pioneers
Prosecco Pace,prosecco pace
Proske GmbH,proske
Prosoz,prosoz
Prosydon,prosydon
Prosydon GmbH & Co. KG,prosydon co kg
Prot. Verwaltungsamt Otterbach,prot verwaltungsamt otterbach
Protina Pharmazeutische Gesellschaft,protina pharmazeutische gesellschaft
Protina Pharmazeutische Gesellschaft mbH,protina pharmazeutische gesellschaft mbh
Provinzial,provinzial
Provinzial Schutzengel-Team,provinzial schutzengel team
Pruna AI,pruna ai
Pröchtel,pröchtel
Psorisol Hautklinik GmbH,psorisol hautklinik
Public Runners,public runners
Puettis,puettis
Pulsbeschleuniger,pulsbeschleuniger
Pulsetrain,pulsetrain
Pulsfühler von Josephsburg,pulsfühler von josephsburg
PupsKnödel,pupsknödel
PuraVita,puravita
PushPartner,pushpartner
PwC Köln,pwc köln
Pyramid Computer,pyramid computer
Pyrolyse? Läuft!,pyrolyse? läuft!
Pyrum Innovations AG,pyrum innovations
Päd. AG Raber,päd raber
Pädagogische AG INSEL,pädagogische insel
Pädagogische Arbeitsgemeinschaft Raber GbR,pädagogische arbeitsgemeinschaft raber gbr
Pöhlmann Früchtl Oppermann,pöhlmann früchtl oppermann
Pöhlmann-Früchtl-Oppermann,pöhlmann früchtl oppermann
Q-Family,q family
Q.ANT,q ant
Q.ANT GmbH #greatteam,q ant #greatteam
QAD Europe GmbH,qad europe
QArun,qarun
QAware GmbH,qaware
QBE - Fired Up 2024!,qbe fired up 2024!
QBE Allstars 2025,qbe allstars 2025
QBE Hamburg Thunder 2025,qbe hamburg thunder 2025
QCells,qcells
QD,qd
QE,qe
QITS GmbH,qits
QPLIX,qplix
QPLIX GmbH,qplix
QUADRA Energy,quadra energy
QUADRA energy,quadra energy
QUADRILOG Beratergruppe,quadrilog beratergruppe
QUANTO runs better,quanto runs better
QUiNFOS & Bundesanzeiger Verlag,quinfos bundesanzeiger verlag
QUiNFOS & Co.,quinfos co
QVC Handel S.à r.l. & Co. KG,qvc handel s à r l co kg
Q_PERIOR AG,q_perior
Qair Deutschland,qair
Qintus Ingenieurhaus,qintus ingenieurhaus
Qioptiq Photonics GmbH & Co. KG,qioptiq photonics co kg
Qioptiq Photonics GmbH Co.KG,qioptiq photonics co kg
Qorvo Germany GmbH,qorvo germany
Qorvo Mobile Runners,qorvo mobile runners
Qorvo Munich GmbH,qorvo munich
Quadra Ingenieure,quadra ingenieure
Quadriga Media Berlin GmbH,quadriga media berlin
Quadrilog,quadrilog
Quadrilog - laufende Steuerberatung,quadrilog laufende steuerberatung
Qualcomm,qualcomm
Qualitest Runners,qualitest runners
Qualität im Eiltempo,qualität im eiltempo
Quanos Solutions GmbH,quanos solutions
QuantCo Runs,quantco runs
Quantrefy Runners,quantrefy runners
Quants on the Run,quants on the run
Quantum,quantum
Quantum Immobilien AG,quantum immobilien
Quantum Systems,quantum systems
Quantum- Systems GmbH,quantum systems
Queens 2025,queens 2025
Queey,queey
Queisser Bauplanung GmbH,queisser bauplanung
Quentic / AMCS,quentic / amcs
Quentic GmbH,quentic
Quest Germany,quest germany
QuickBird,quickbird
QuickBird Studios GmbH,quickbird studios
QuinScape GmbH,quinscape
"Quinn Emanuel Urquhart & Sullivan, LLP",quinn emanuel urquhart sullivan llp
Quiplyianer,quiplyianer
Qurasoft GmbH,qurasoft
Qvest,qvest
Qwello GmbH,qwello
Qwist,qwist
R&L-Ingenieure,r l ingenieure
R&P,r p
R&P Ruffert Ingenieurgesellschaft,r p ruffert ingenieurgesellschaft
R+V,r+v
R+V Allgemeine Versicherung AG,r+v allgemeine versicherung
R+V Runners,r+v runners
R+V Team,r+v team
R. Wirth CNC-Präzisionsteile GmbH,r wirth cnc präzisionsteile
R.I.P. Sebastian,r i p sebastian
R.I.P.-Runners,r i p runners
R.u.N - Rheuma und Niere,r u n rheuma und niere
RADIO SALÜ,radio salü
RADIO SALÜ Euro-Radio Saar GmbH,radio salü euro radio saar
RAFA,rafa
RAILPOOL,railpool
RAIO Engineering GmbH,raio engineering
RAJA,raja
RAPID PEAKS,rapid peaks
RAS,ras
RAW-Partner,raw partner
RAWBITE,rawbite
"RAe & Notare Eickhoff, Dr. Meyer pp.",rae notare eickhoff dr meyer pp
RBS,rbs
RBS wave GmbH,rbs wave
RC-Runners,rc runners
RCG,rcg
RCM Technologies,rcm technologies
RCP Group GmbH,rcp
RD & CB,rd cb
RD Runs,rd runs
RDS,rds
RE-IN,re in
RE.SQUARE,re square
REALEYES CREW,realeyes crew
RECA plastics GmbH,reca plastics
RECOVERER,recoverer
RED Medical Systems GmbH,red medical systems
RED Runners,red runners
REDEVCO,redevco
REDPATH DEILMANN GmbH,redpath deilmann
REHA SÜD GmbH,reha süd
REHA-Runners - Vielfalt läuft!,reha runners vielfalt läuft!
REHATEC Planungsgesellschaft,rehatec planungsgesellschaft
REICHEL RENNT,reichel rennt
REIF Bauunternehmung,reif bauunternehmung
REMEX SüdWest GmbH,remex südwest
REMONDIS,remondis
REMONDIS GmbH & Co. KG - Region Süd,remondis co kg region süd
REMONDIS Industrie Service,remondis industrie service
REMONDIS Laufteam Lippewerk,remondis laufteam lippewerk
REMONDIS RACERS,remondis racers
RENNMAUSS,rennmauss
REPLY,reply
RES Deutschland GmbH,res
RESA Systems,resa systems
RESORBA - AMS,resorba ams
RESORBA Medical GmbH / z.H. Social Committee,resorba medical / z h social committee
RESTART 25 _ ready to GO,restart 25 _ ready to go
RETERRA,reterra
RETN,retn
REVG Ride & Run Crew,revg ride run crew
REVI RUN,revi run
REVIDERM AG,reviderm
REWE DEIN TEAM,rewe dein team
REWE GROUP,rewe
REWE Group,rewe
REWISTO Rechtsanwälte,rewisto rechtsanwälte
REXEL Germany GmbH & Co. KG,rexel germany co kg
REYHER,reyher
RFT Kabel,rft kabel
RG Gesellschaft für Information und Organisation mbH,rg gesellschaft für information und organisation mbh
RG GmbH,rg
RGM Facility Management GmbH,rgm facility management
RH DT GmbH & Strahleninstitut Köln,rh dt strahleninstitut köln
RHEINSPORT,rheinsport
RI Research Instruments,ri research instruments
RIBE.de,ribe de
RIEDLINGER,riedlinger
RIETHMÜLLERplan,riethmüllerplan
RILIT Coatings GmbH,rilit coatings
RINET,rinet
RIO,rio
RIO Runners,rio runners
RISE RUNNERS,rise runners
RITTER GENT COLLEGEN,ritter gent collegen
RKH,rkh
RKW Architektur+ Dortmund,rkw architektur+ dortmund
RM IT Services GmbH,rm it services
RM Runners,rm runners
RMCon International,rmcon international
RMF,rmf
RMPSL Köln,rmpsl köln
RMR GmbH,rmr
RMR Verwaltungs GmbH,rmr verwaltungs
RMS,rms
RNG,rng
RNZ - Racer,rnz racer
RNZ - Radiologisch Nuklearmedizinisches Zentrum,rnz radiologisch nuklearmedizinisches zentrum
ROB-Runners,rob runners
ROFU Running Team,rofu running team
ROI-EFESO Management Consulting AG,roi efeso management consulting
ROLAND,roland
ROLAND Rechtsschutz-Versicherungs-AG,roland rechtsschutz versicherungs ag
ROSIC IMMOBILIEN,rosic immobilien
ROSIER,rosier
ROTHRUNNERS,rothrunners
ROTOX,rotox
ROTTHEGE,rotthege
ROWE GMBH,rowe
RPB Rückert GmbH,rpb rückert
RPS - WITH US TOMORROW,rps with us tomorrow
RPTU,rptu
RS Components GmbH,rs components
RSB,rsb
RSG läuft,rsg läuft
RSM Ebner Stolz,rsm ebner stolz
RTC Gruppe,rtc gruppe
RTI Group,rti
RUAG Aerospace Structures GmbH,ruag aerospace structures
RUD+SpanSet Ramstein,rud+spanset ramstein
RUFFINIHAUS Creative Hub,ruffinihaus creative hub
RUHR24 GmbH,ruhr24
RUHR24 GmbH & Co. KG,ruhr24 co kg
RUN Docleads RUN,run docleads run
RUN GFD,run gfd
RUN LIKE LAND-DATA GROUP,run like land data
RUN docleads RUN!,run docleads run!
RUNATiCnet,runaticnet
RUNNINGforKIDS,runningforkids
RUNdstad Digital,rundstad digital
RUNzinet,runzinet
RUN´4´APLEONA,run´4´apleona
RWP Rechtsanwälte,rwp rechtsanwälte
RWS,rws
RWS & DJE,rws dje
RWS Fenster- und Türen- Technik,rws fenster und türen technik
RWS GmbH,rws
RWZ Rhein-Main AG,rwz rhein main
RWZ Rhein-Main eG,rwz rhein main eg
RX Runners,rx runners
RZVN,rzvn
Raben Trans European GmbH,raben trans european
Rabot Energie,rabot energie
Racing Randi,racing randi
Rackstar Runners,rackstar runners
Radiculitis,radiculitis
Radio Emscher Lippe,radio emscher lippe
Radio Hamburg,radio hamburg
Radio Hannover,radio hannover
Radio Karlsruhe GmbH & Co. KG,radio karlsruhe co kg
Radio Salü,radio salü
RadioOnkologieNetzwerk - Ergéa Group,radioonkologienetzwerk ergéa
RadioReport Runners,radioreport runners
Radioactive Runners - Brokdorf,radioactive runners brokdorf
Radiologie München,radiologie münchen
Radiologie am Stiftsplatz,radiologie am stiftsplatz
"Radiologische, Strahlentherapeutische und Nuklearmedizinische Partnerschaftsgesellschaft",radiologische strahlentherapeutische und nuklearmedizinische partnerschaftsgesellschaft
Radius Fueled by Teamspirit,radius fueled by teamspirit
Radsport Ibert,radsport ibert
Rafael,rafael
Rahnschule,rahnschule
Raiba-Runners,raiba runners
Raible + Partner,raible + partner
Raible + Partner GmbH & Co. KG,raible + partner co kg
Raiffeisen Runners,raiffeisen runners
Raiffeisen Warenzentrale Rhein-Main,raiffeisen warenzentrale rhein main
Raiffeisenbank München-Süd eG,raiffeisenbank münchen süd eg
Raiffeisenbank Wyhl eG,raiffeisenbank wyhl eg
Raiffeisendruckerei,raiffeisendruckerei
Rail Cargo Group,rail cargo
Rail Cargo Logistics Germany GmbH,rail cargo logistics germany
Rail Heroes,rail heroes
Rail Power Systems GmbH,rail power systems
RailMaint GmbH,railmaint
Railistics GmbH,railistics
Railpool GmbH,railpool
Rainer Schulte-Loh,rainer schulte loh
RaiseNow GmbH,raisenow
Raisineers,raisineers
Rakuten Runners,rakuten runners
Ralf,ralf
Ralph Froehlich,ralph froehlich
Ralph Lauren GmbH,ralph lauren
Ramada Nürnberg Parkhotel,ramada nürnberg parkhotel
Ramboll,ramboll
Ramboll Deutschland GmbH,ramboll
Ramboll Hannover Runners,ramboll hannover runners
Random Racers,random racers
Randstad,randstad
Randstad Running Team,randstad running team
Ranger Runimals,ranger runimals
Ranner Projektmanagement,ranner projektmanagement
Ranner Projektmanagement GmbH,ranner projektmanagement
Raphael,raphael
Raphaelhaus Jugendhilfezentrum,raphaelhaus jugendhilfezentrum
Rapid Raccoons,rapid raccoons
Rapp AG,rapp
Rasende Rollatoren,rasende rollatoren
Raster & Pixel,raster pixel
Ratbacher Management GmbH,ratbacher management
Ratepay GmbH,ratepay
"Rath, Anders, Dr. Wanner & Partner mbB",rath anders dr wanner partner mbb
Ratiodata,ratiodata
Rauer CNC-Zerspanungstechnik,rauer cnc zerspanungstechnik
Rauer CNC-Zerspanungstechnik GmbH,rauer cnc zerspanungstechnik
Raul,raul
Raumplus Runners,raumplus runners
Rauscher GmbH Bildverarbeitung,rauscher bildverarbeitung
Raven51 & stellenonline,raven51 stellenonline
Raven51 AG,raven51
Ravilal,ravilal
Rawin Ali,rawin ali
Ray Sono,ray sono
Ray Sono AG,ray sono
RayTillery,raytillery
Re-In Retail International GmbH,re in retail international
Ready to Alert,ready to alert
Reaktor-Renner,reaktor renner
Real I.S. AG,real i s
Real Runners,real runners
Realschule++Karthause,realschule++karthause
RealschuleplusMendig,realschuleplusmendig
Rechnungshof Rheinland-Pfalz,rechnungshof rheinland pfalz
Recht flott,recht flott
Rechtsanwaltskammer München,rechtsanwaltskammer münchen
Rechtsanwaltskanzlei W. Rohden,rechtsanwaltskanzlei w rohden
Rechtsanwälte ALN,rechtsanwälte aln
Rechtsanwälte Dr. Friedrichs & Partner Rechtsanwälte Partnerschaft mbB,rechtsanwälte dr friedrichs partner rechtsanwälte partnerschaft mbb
Rechtsanwältin Barbara Kaniuka,rechtsanwältin barbara kaniuka
Reckless Inc.,reckless inc
Recom - Arrow - JST,recom arrow jst
Recor Hypertension Warrior,recor hypertension warrior
Recordati Rare Diseases,recordati rare diseases
Recordati Rare Diseases (Germany) GmbH,recordati rare diseases (germany)
Recordati Team,recordati team
Recruitment Legends,recruitment legends
Recurrent Energy,recurrent energy
Recycling Runner,recycling runner
Red Bull,red bull
Red Hat,red hat
Red Hat Germany,red hat germany
Red Hat GmbH,red hat
RedTeam Pentesting,redteam pentesting
Redas Logistics UG,redas logistics ug
Redcare Pharmacy,redcare pharmacy
ReeFresh / CPLI,reefresh / cpli
Reed Smith LLP,reed smith llp
Reel Handling & Lifting Systems GmbH,reel handling lifting systems
Reflects,reflects
Regierungspräsidium Freiburg,regierungspräsidium freiburg
Regio-Praxis Bötzingen,regio praxis bötzingen
RegioRunners,regiorunners
RegionRunners,regionrunners
Regionale Diakonie WW RL,regionale diakonie ww rl
Regionale Schulberatungsstelle,regionale schulberatungsstelle
Regionales Bildungszentrum Eckert gGmbH,regionales bildungszentrum eckert ggmbh
Regionalverkehr Köln GmbH,regionalverkehr köln
Regionetz GmbH,regionetz
Regler Systems GmbH,regler systems
Regnology,regnology
Regnology Group GmbH,regnology
Reha Bergmannstraße,reha bergmannstraße
Reha Neuhausen GmbH,reha neuhausen
Reha Peiner Straße,reha peiner straße
Reha-Konzept,reha konzept
Reha-Med Laufteam,reha med laufteam
Rehakliniken Glotterbad Klausenbach,rehakliniken glotterbad klausenbach
Rehazentrum Wöhrderwiese,rehazentrum wöhrderwiese
Rehazentrum Wöhrderwiese GmbH,rehazentrum wöhrderwiese
Rehe Service,rehe service
Rehe Service GmbH,rehe service
Rehlein renn!,rehlein renn!
Reifen Lorenz GmbH,reifen lorenz
Reifferscheid & Partner,reifferscheid partner
Reimann Investors Advisory GmbH,reimann investors advisory
Rein Spedition,rein spedition
Reisebank AG,reisebank
ReisefindLIng Lisa Bäuerle,reisefindling lisa bäuerle
ReisenAktuell GmbH,reisenaktuell
Reiterstaffel Mittelfranken,reiterstaffel mittelfranken
Reitner & Bucherer Partnerschaft,reitner bucherer partnerschaft
Reißzähne Team Schein Ost,reißzähne team schein ost
Relatio PR GmbH,relatio pr
Relaxed Runners,relaxed runners
Relaxed-und-Vital,relaxed und vital
Reloaded Runners,reloaded runners
Remy Kaufmann Schöneberg,remy kaufmann schöneberg
Renault Group,renault
Renault Trucks Deutschland,renault trucks
Rene Küffner,rene küffner
Renesas,renesas
Renesas Electronics Europe GmbH,renesas electronics europe
Renius IT Solutions,renius it solutions
Rennender Makler,rennender makler
Rennmaus,rennmaus
Rennmäuse,rennmäuse
Rennmäuse der Kita an der FU,rennmäuse der kita an der fu
Rennschnecken,rennschnecken
Rennzwerg & Schnaufschnecke,rennzwerg schnaufschnecke
"Rennzwerg,Schnaufschnecke&Laufprotz",rennzwerg schnaufschnecke laufprotz
René,rené
Reply,reply
ResMed Bremen,resmed bremen
ResMed Germany Inc.,resmed germany inc
ResMed Runners,resmed runners
ResNova Rechtsanwälte,resnova rechtsanwälte
Reservix,reservix
ResidenzRunners,residenzrunners
Residenzia Sozialbetriebe München,residenzia sozialbetriebe münchen
Residenzia Sozialbetriebe München GmbH,residenzia sozialbetriebe münchen
Resmed Germany Inc.,resmed germany inc
Resmed Runners,resmed runners
RessourceRevolutionaryRunners,ressourcerevolutionaryrunners
Ressourcenmangel,ressourcenmangel
RestLOOOOOOS!,restloooooos!
Restaurant aplafunky,restaurant aplafunky
Restlose Irrläufer,restlose irrläufer
Resuscitec GmbH,resuscitec
Retail Capital Partners AG,retail capital partners
Retarus GmbH,retarus
Retes,retes
Retis Speedy Gonzales,retis speedy gonzales
Retterspitz GmbH & Co. KG,retterspitz co kg
Rettungswache Polch,rettungswache polch
Reuter-TEAM,reuter team
Revo Hospitality Group,revo hospitality
Rewe Team Ebeleben,rewe team ebeleben
Rexroth Runners Langenhagen,rexroth runners langenhagen
Rhein- Wied Hospiz,rhein wied hospiz
Rhein-Erft Akademie,rhein erft akademie
Rhein-Erft Akademie GmbH,rhein erft akademie
Rhein-Maas Klinikum,rhein maas klinikum
Rhein-Mosel-Werkstatt gGmbH,rhein mosel werkstatt ggmbh
Rhein-Zeitung,rhein zeitung
RheinEnergie AG,rheinenergie
RheinHunsrück Wasser,rheinhunsrück wasser
Rheindigital,rheindigital
Rheinische Fachhochschule Köln,rheinische fachhochschule köln
Rheinische Hochschule Köln,rheinische hochschule köln
Rheinische Post Mediengruppe,rheinische post mediengruppe
Rheinisches Landestheater Neuss,rheinisches landestheater neuss
Rheinland- Runners,rheinland runners
Rheinland-Pfalz Tourismus GmbH,rheinland pfalz tourismus
Rheintacho Messtechnik GmbH,rheintacho messtechnik
Rheintec,rheintec
Rhenser Mineralbrunnen,rhenser mineralbrunnen
Rhenus,rhenus
Rhenus Assets&Services GmbH & Co. KG,rhenus assets services co kg
Rhenus Freight Logistics,rhenus freight logistics
Rhenus Freight Logistics GmbH & Co. KG,rhenus freight logistics co kg
Rhenus läuft!,rhenus läuft!
Rheumatologikum Hannover,rheumatologikum hannover
Rhode & Schwarz GmbH & Co KG,rhode schwarz co kg
Riccardo,riccardo
Richard Bergner Holding GmbH & Co. KG,richard bergner co kg
Richard Eichmueller e.K.,richard eichmueller e k
Richard Eichmüller e.K.,richard eichmüller e k
Richard Sauter GmbH,richard sauter
Richter & Frenzel,richter frenzel
Rico,rico
Ridder GmbH,ridder
Riedel Bau GmbH & Co. KG,riedel bau co kg
Riedel Immobilien GmbH,riedel immobilien
Riedel-Runners,riedel runners
Riegelein Schokoladen,riegelein schokoladen
Riesen Eumel 2025,riesen eumel 2025
RigipsRunner,rigipsrunner
Ring-Treuhand GmbH & Co. KG,ring treuhand co kg
Ringo,ringo
Rinkes Rockets,rinkes rockets
Risk Runners 2025,risk runners 2025
Rissmann GmbH,rissmann
Rittersbacher,rittersbacher
Rivagroup,rivagroup
River Rockets,river rockets
Riverland Reply,riverland reply
RoMi,romi
Road Runners,road runners
Road to Berlin,road to berlin
Roadrunners,roadrunners
RobCo,robco
RobbisRunners,robbisrunners
Robert,robert
Robert Bosch,robert bosch
Robert Bosch GmbH,robert bosch
Robert Gumz Immobilien,robert gumz immobilien
Robert Half / protiviti,robert half / protiviti
Robert Half Deutschland GmbH &Co. KG,robert half co kg
Robert Kukla GmbH,robert kukla
Robert Müller GmbH,robert müller
Robert Röhlinger GmbH,robert röhlinger
Robert Walters,robert walters
Robert Walters Hamburg,robert walters hamburg
Roberto,roberto
Robin,robin
Robin Look Runners,robin look runners
Robo-Runners,robo runners
Roche Diagnostics GmbH,roche diagnostics
Roche LegalGermany,roche legalgermany
Rock against Cancer,rock against cancer
Rockie Runners,rockie runners
Rockwell Automation,rockwell automation
Rockwell Automation GmbH,rockwell automation
Rodday Family,rodday family
Rodday Wundermanagement,rodday wundermanagement
Rodenstock GmbH,rodenstock
Roeckl Sporthandschuhe GmbH & Co. KG,roeckl sporthandschuhe co kg
Roeckl Sports,roeckl sports
RoesbergRunners,roesbergrunners
Rogator AG,rogator
Rohan,rohan
Rohde & Schwarz,rohde schwarz
Rohde & Schwarz GmbH & Co KG,rohde schwarz co kg
Rolf,rolf
Rolf Herzberger GmbH & Co. KG,rolf herzberger co kg
Rolladen König,rolladen könig
Rollfs Five,rollfs five
Rollladen Taller,rollladen taller
Rollstuhl Küffis,rollstuhl küffis
Roman,roman
Roman Mayer Logistik GmbH,roman mayer logistik
Ronnie Weber,ronnie weber
Root Global,root global
Rosen Apotheke,rosen apotheke
Rosen Apotheke Leiss oHG,rosen apotheke leiss ohg
Rosenberg Nord GmbH,rosenberg nord
Rosier,rosier
Rossi GmbH,rossi
Rossmann,rossmann
Rot nach Meile zwei,rot nach meile zwei
Rot nach Meile zwei : b2run,rot nach meile zwei : b2run
Rothweiler Feinwerkmechanik,rothweiler feinwerkmechanik
Rotkreuz-Runner,rotkreuz runner
Rotork GmbH,rotork
Rovio-Soft Runner,rovio soft runner
RowingOnLand,rowingonland
Roxin Rechtsanwälte Part mbB,roxin rechtsanwälte part mbb
Royal Canin,royal canin
Royal Purple Runners,royal purple runners
Roßbruch Consulting,roßbruch consulting
RplusP,rplusp
Rs Bausysteme,rs bausysteme
RuS,rus
Ruby GmbH,ruby
Ruck Zuck WUC Next Generation,ruck zuck wuc next generation
Rud Pedersen Public Affairs,rud pedersen public affairs
Rud. Otto Meyer Technik GmbH & Co. K,rud otto meyer technik co k
Rudolf,rudolf
Rudolf Architekten,rudolf architekten
Rug Runners,rug runners
RuhrKanzlei,ruhrkanzlei
Rummel Software GmbH,rummel software
Rummelsberger Diakonie e.V.,rummelsberger diakonie e v
Rumstieg,rumstieg
Run 4 Fun,run 4 fun
Run Baby Run!,run baby run!
Run DMC,run dmc
Run Fast. Stay Secure.,run fast stay secure
"Run Forrest, run!",run forrest run!
Run Laack,run laack
Run Solo,run solo
Run System Run,run system run
Run Up Team BER,run up team ber
Run by Data,run by data
Run for Fun with CCV,run for fun with ccv
Run for Life,run for life
Run for Your Life,run for your life
Run now pay later,run now pay later
Run to PREVENT,run to prevent
Run to Rise - Jifu,run to rise jifu
Run with Spieth,run with spieth
"Run, Winning Style",run winning style
Run-DMA,run dma
Run.HOBUM.Run,run hobum run
Run2Beer,run2beer
Run4Fun,run4fun
Run4Löschmann,run4löschmann
Run4Wohnglück,run4wohnglück
Run4invenio,run4invenio
Run9Linden,run9linden
RunBuddies,runbuddies
RunDDB,runddb
RunLogicalisRun,runlogicalisrun
RunStar,runstar
Runcentric,runcentric
Rundläufer,rundläufer
Rundum schöne Aussichten,rundum schöne aussichten
Runkel Rechtsanwälte,runkel rechtsanwälte
RunneRS,runners
Runner.Monks,runner monks
RunnerRistas,runnerristas
Runners B&C,runners b c
Runners from the Heuen,runners from the heuen
RunnersSisters,runnerssisters
Running Biomarkers,running biomarkers
Running Bulls,running bulls
Running CONTURies,running conturies
Running Configitees,running configitees
Running Connection by arnotec,running connection by arnotec
Running Crew 55,running crew 55
Running Down a Dream,running down a dream
Running Engineers,running engineers
Running FIT,running fit
Running Flamingos,running flamingos
Running Gag,running gag
Running Gags,running gags
Running Girls,running girls
Running Implenia,running implenia
Running KiKu,running kiku
Running Luigis,running luigis
Running Lumbars,running lumbars
Running Mommies,running mommies
Running Monkeys,running monkeys
Running Oil,running oil
Running Polo Bears,running polo bears
Running RISERs,running risers
Running ROLLERs,running rollers
Running Rays,running rays
Running Scouts,running scouts
Running Sisters,running sisters
Running Strong: Symeo & indie,running strong: symeo indie
Running Team,running team
Running Team Anecom,running team anecom
Running Team Dreßler,running team dreßler
Running Team Miele Center Nürnberg,running team miele center nürnberg
Running Winkulaner,running winkulaner
Running for your tomorrow,running for your tomorrow
Running simulations,running simulations
Running text&form : t'works,running text form : t'works
Running the Supply Chain,running the supply chain
Running the numbers,running the numbers
"Running, but Special",running but special
Runschnellweg-Runners,runschnellweg runners
Runsurance,runsurance
RuntasTIC,runtastic
Runtastisch,runtastisch
Runteacher,runteacher
Runteam Koppetsch,runteam koppetsch
Runtime Error,runtime error
Runtime Errors,runtime errors
Runtime Exceptions,runtime exceptions
Ruth Richter,ruth richter
Ruud Hadders,ruud hadders
Rws Fenster-Türen-Technik,rws fenster türen technik
Ryan,ryan
RÖCO GmbH,röco
RÖDL BAU.GRUPPE,rödl bau gruppe
Röchling Industrial Lahnstein,röchling industrial lahnstein
Rödl & Partner,rödl partner
Rödl & Partner GmbH,rödl partner
Rödl IT Operation,rödl it operation
Röhlig Logistics GmbH & Co. KG,röhlig logistics co kg
Röhm GmbH,röhm
Römer Ingenieure,römer ingenieure
Römer OfficeCenter GmbH,römer officecenter
Römerschule,römerschule
Römerschule Pachten,römerschule pachten
Römische Legionäre,römische legionäre
Röntgenpraxis am Marstall,röntgenpraxis am marstall
Röser,röser
Rötting & Wessels Part StbG mbB,rötting wessels part stbg mbb
Rübeling+Klar,rübeling+klar
Rücker + Schindele GmbH,rücker + schindele
Rücker+Schindele Beratende Ingenieure GmbH,rücker+schindele beratende ingenieure
Rückert + Müller GmbH,rückert + müller
Rückgrat-Gruppe,rückgrat gruppe
Rügenwalder Mühle,rügenwalder mühle
Rüstig Immobilien Service GmbH,rüstig immobilien service
S&D,s d
S&D Agile Runners,s d agile runners
S&F,s f
S-Direkt,s direkt
S-INB Weltweit,s inb weltweit
S-MM Roadrunners,s mm roadrunners
S. Fischer Verlage,s fischer verlage
S.I.S. Gruppe,s i s gruppe
S/H/G PartG mbB,s/h/g partg mbb
S2 - architekten,s2 architekten
S2H Gruppe / Infrasolute GmbH,s2h gruppe / infrasolute
SAB GmbH,sab
SABO Armaturen Service,sabo armaturen service
SABO-armaturen service GmbH,sabo armaturen service
SAE FFF,sae fff
SAG ARIS GmbH,sag aris
SAG Digital,sag digital
SAG-Gruppe,sag gruppe
SAGA,saga
SAGA 914,saga 914
SAHM-Ingenieure,sahm ingenieure
SAKS Hospitality GmbH,saks hospitality
SAKS Hotel Kaiserslautern,saks hotel kaiserslautern
SAMBERGER,samberger
SAMS,sams
SANITÄR UNION GmbH,sanitär union
SARIA A/S GmbH & Co. KG,saria a/s co kg
SAS X LUND X LEX,sas x lund x lex
SATHERM GmbH,satherm
SAUTER - Nuernberg,sauter nuernberg
SAUTER Cumulus NL Saarlouis,sauter cumulus nl saarlouis
SAUTER Deutschland,sauter
SAZ Services GmbH,saz services
SBA Architekten,sba architekten
SBA Architektur und Städtebau,sba architektur und städtebau
SBC,sbc
SBFV,sbfv
SBG,sbg
SBK Sozial-Betriebe-Köln GmbH,sbk sozial betriebe köln
SBMS,sbms
SBMS & SUKW,sbms sukw
SBR Ingenieure,sbr ingenieure
SBS-Ingenieure,sbs ingenieure
SBS-Ingenieure Ingenieurgesellschaft f.d. Bauwesen mbH,sbs ingenieure ingenieurgesellschaft f d bauwesen mbh
SC Schwarz-Gold,sc schwarz gold
SCANLAB,scanlab
SCANLAB GmbH,scanlab
SCB Tennis,scb tennis
SCC Events Leichtathletik,scc events leichtathletik
SCG Cell Therapy GmbH,scg cell therapy
SCG Germany,scg germany
SCHACHZUG GmbH,schachzug
SCHAUENBURG Industrietechnik GmbH,schauenburg industrietechnik
SCHERER STEUERBERATUNG,scherer steuerberatung
SCHLÜTER GRAF,schlüter graf
SCHMIDHUBER,schmidhuber
SCHMITT & Partner,schmitt partner
SCHOTT Pharma,schott pharma
SCHOTTEL GmbH,schottel
SCHRAMM GmbH,schramm
SCHRÄDER & Co.,schräder co
SCHUFA,schufa
SCHUFA Holding AG,schufa
SCHULTE RECHTSANWÄLTE.,schulte rechtsanwälte
SCHULZ,schulz
SCHUNCKIS,schunckis
SCHÜTZ GmbH & Co. KGaA,schütz co kgaa
SCOPE,scope
SD Worx GmbH,sd worx
SD50 Schweißvergnügen,sd50 schweißvergnügen
SE-Legal,se legal
SECOMP,secomp
SECONTEC,secontec
SECURITAS GmbH Sicherheitsdienste,securitas sicherheitsdienste
SEEBURGER AG,seeburger
SEG,seg
SEGHORN ALLSTARS,seghorn allstars
SEIA Space Cadets,seia space cadets
SEIDEL Service Team,seidel service team
SEIDLER TIEFBAU,seidler tiefbau
SELLWERK,sellwerk
SET GmbH,set
SEUFERT Rechtsanwälte,seufert rechtsanwälte
SEVEN PRINCIPLES,seven principles
SEW,sew
SEW-EURODRIVE GmbH & Co KG,sew eurodrive co kg
SEW-Eurodrive GmbH & Co KG,sew eurodrive co kg
SEYSTA,seysta
"SG Dt.Bank Deutschl.e.V., Lauft.Nbg.",sg dt bank deutschl e v lauft nbg
SG Gelsenkirchen,sg gelsenkirchen
SG Hamburg,sg hamburg
SG Hirsau Damen,sg hirsau damen
SG Iffoxx,sg iffoxx
SG Köln,sg köln
SG Rauschermühle,sg rauschermühle
SG Stadtwerke Karlsruhe,sg stadtwerke karlsruhe
SG Stern Dortmund,sg stern dortmund
SG Steuer- und Wirtschaftsakademie,sg steuer und wirtschaftsakademie
SG16,sg16
SGD Nord,sgd nord
SGD Süd,sgd süd
SGS,sgs
SGS - Super gute Sprinter,sgs super gute sprinter
SGS Germany,sgs germany
SGS IF Berlin TW,sgs if berlin tw
SGS-TÜV Saar,sgs tüv saar
SGS-TÜV Saar GmbH,sgs tüv saar
SHA Scheffler Helbich Architekten,sha scheffler helbich architekten
SHARKS,sharks
SHARP,sharp
SHD,shd
SHERPA X,sherpa x
SHF Runners,shf runners
SHI,shi
SHORT CUTS GmbH,short cuts
SHP Ingenieure,shp ingenieure
SI IT FIN,si it fin
SI PRO GmbH,si pro
SI PRO Runners 2025,si pro runners 2025
SIAK,siak
SICK AG,sick
SICK Vertriebs-GmbH,sick vertriebs gmbh
SIDLEY,sidley
SIG-Gascogne,sig gascogne
SIGMA,sigma
SIGMATECH Speedsters,sigmatech speedsters
SIGMArunTECH,sigmaruntech
SIGNAL IDUNA,signal iduna
SIGNAL IDUNA Krankenversicherung,signal iduna krankenversicherung
SIGNONianer,signonianer
SIGOS GmbH - a Mobileum Company,sigos a mobileum company
SII Deutschland GmbH,sii
SIKO,siko
SIKORA AG,sikora
SIO,sio
SIRIUS GmbH - document solutions,sirius document solutions
SIXT,sixt
SK,sk
SKC Beratungsgesellschaft mbH,skc beratungsgesellschaft mbh
SKD,skd
SKF Marine,skf marine
SKF-Roadrunner,skf roadrunner
SKI GmbH + Co.KG,ski + co kg
SKM Betreuungsverein Dillingen/Saar,skm betreuungsverein dillingen/saar
SKOPOS,skopos
SKOTTI (b)rennt,skotti (b)rennt
SKR Reisen,skr reisen
SKS Welding Systems,sks welding systems
SKT,skt
SKW Schwarz,skw schwarz
SK³,sk³
SLA,sla
SLOW & FURIOUS,slow furious
SLP Team,slp team
SLS Europe TEAM,sls europe team
SMART RUNNER,smart runner
SMART/LAB,smart/lab
SMB International GmbH,smb international
SMF GmbH,smf
SMP,smp
SMP Deutschland GmbH,smp
SMP Ingenieure,smp ingenieure
SMS group Witten,sms witten
SMS medipool GmbH,sms medipool
SMS72 RunClub,sms72 runclub
SMS72RunClub,sms72runclub
SNB Law,snb law
SNK,snk
SNOOK,snook
SNP Schlawien Partnerschaft,snp schlawien partnerschaft
SNP Schlawien Partnerschaft mbB,snp schlawien partnerschaft mbb
SNSB,snsb
SO RE,so re
SODA GROUP,soda
SODA Project & Design GmbH,soda project design
SODECIA,sodecia
SOE Bremen,soe bremen
SOFHA GmbH,sofha
SOK,sok
SONIMA,sonima
SONNTAG,sonntag
SONY,sony
SONY - STC,sony stc
SOPTIM AG,soptim
SOS Kinderdorf Bremen,sos kinderdorf bremen
SOS-Kinderdorf Nürnberg,sos kinderdorf nürnberg
SOS-Kinderdorf Saar,sos kinderdorf saar
SOS-Kinderdorf Worpswede,sos kinderdorf worpswede
SOS-Kinderdorf e.V.,sos kinderdorf e v
SOV,sov
SOZELIO Rechtsanwälte,sozelio rechtsanwälte
SPAES Aviation,spaes aviation
SPAES Cowboys,spaes cowboys
SPARQ,sparq
SPD Dillingen,spd dillingen
SPD-Kreisverband Saarlouis,spd kreisverband saarlouis
SPECK Pumpen,speck pumpen
SPECK Pumpen Verkaufsgesellschaft GmbH,speck pumpen verkaufsgesellschaft
SPECS,specs
SPECTARIS,spectaris
SPENDIT AG,spendit
SPICY RUNNERS,spicy runners
SPIE,spie
SPIE Efficient Facilities GmbH,spie efficient facilities
SPIE GmbH,spie
SPIE ICS,spie ics
SPIE InfoGraph GISMobil GmbH,spie infograph gismobil
SPIE Lück GmbH,spie lück
SPIE SAG GmbH,spie sag
SPIEGLTEC GmbH,spiegltec
SPIEGLTEC GmbH - engineering services,spiegltec engineering services
SPITZKE SE,spitzke
SPL Powerlines Germany GmbH,spl powerlines germany
SPOBIS FrontRunner,spobis frontrunner
SPORTFIVE,sportfive
SPORTFIVE Berlin,sportfive berlin
SPP Architekten+Ingenieure,spp architekten+ingenieure
SPZ München,spz münchen
SQLI Dortmund,sqli dortmund
SQPI Runners,sqpi runners
SQUER,squer
SR-Fit-Team,sr fit team
SRAM Riverside,sram riverside
SRCAB,srcab
SRH BTZ München,srh btz münchen
SRH Berufliches Trainingszentrum München,srh berufliches trainingszentrum münchen
SRP GmbH StBG,srp stbg
SRS Pflegezentrum Saarschleife GmbH,srs pflegezentrum saarschleife
SSAB Swedish Steel GmbH,ssab swedish steel
SSBI Munich Running Team,ssbi munich running team
SSD Group,ssd
SSF Ingenieure AG,ssf ingenieure
SSG AOK-BV,ssg aok bv
SSG Dillingen,ssg dillingen
SSG Saar Service GmbH,ssg saar service
SSP AG Aachen,ssp aachen
SSP Karlsruhe,ssp karlsruhe
SSP-Team,ssp team
SST-Crew,sst crew
SSV Ettlingen,ssv ettlingen
ST Microelectronics Application GmbH,st microelectronics application
STADT UND LAND,stadt und land
STAEDTLER SE,staedtler
STAGES CYCLING,stages cycling
STAHLGRUBER GmbH,stahlgruber
STAHLGRUBER LKQ Keeping you moving,stahlgruber lkq keeping you moving
STAHLS Europe GmbH,stahls europe
STARFACE Group - A Gamma company,starface a gamma company
START YOUR IMPOSSIBLE,start your impossible
STAUB & CO. - SILBERMANN GmbH,staub co silbermann
STAUB & CO. - Silbermann GmbH,staub co silbermann
STAY ON TRACK,stay on track
STB Mrosek,stb mrosek
STEICO,steico
STEINACKER,steinacker
STEINERT GmbH,steinert
STEMMER IMAGING Runners,stemmer imaging runners
STEULER B2Runner,steuler b2runner
STI GmbH,sti
STILASI,stilasi
STILL TEAM Stuttgart,still team stuttgart
STM,stm
STOP&GO Marderabwehr Team,stop go marderabwehr team
STOROpack,storopack
STPower,stpower
STR8 events,str8 events
STRABAG,strabag
STRABAG AG,strabag
STRABAG Nürnberg,strabag nürnberg
STRAFA-FA,strafa fa
STROLLO,strollo
STROMBERGER PR,stromberger pr
STRÖER,ströer
STULZ,stulz
STV Rechtsanwälte,stv rechtsanwälte
STZ-RIM Laufteam,stz rim laufteam
STZEL,stzel
SThree,sthree
SThree GmbH,sthree
SUCHMEISTEREI,suchmeisterei
SUKW,sukw
SUNTASTIC,suntastic
SUPERSONIC,supersonic
SUPTER SONIC SAUTER,supter sonic sauter
SUSE,suse
SUSE Software Solutions Germany GmbH,suse software solutions germany
SUSPA GmbH,suspa
SUXXEED Sales for your Success GmbH,suxxeed sales for your success
SUZ-COC,suz coc
SV EIME DAMEN,sv eime damen
SV Hinrichsfehn,sv hinrichsfehn
SV Informatik,sv informatik
SV Marienrachdorf,sv marienrachdorf
SV Werder Bremen,sv werder bremen
SVA,sva
SVB GmbH,svb
SVG Baden,svg baden
SVG Baden eG,svg baden eg
SVG Pfalz eG,svg pfalz eg
SVQ GmbH,svq
SVS-Vistek,svs vistek
SVS-Vistek GmbH,svs vistek
SW Pharma Runners,sw pharma runners
SWA - Steffen Wurster Architekten,swa steffen wurster architekten
SWAN GmbH,swan
SWANners,swanners
SWB,swb
SWECO,sweco
SWEP Germany GmbH,swep germany
SWEPINEERS,swepineers
SWIE Bauflitzer,swie bauflitzer
SWISS KRONO,swiss krono
SWISS KRONO GmbH,swiss krono
SWK & koveb,swk koveb
SWK Happy Runners,swk happy runners
SWK Stadtwerke Kaiserslautern,swk stadtwerke kaiserslautern
SWMH Service GmbH,swmh service
SWMS Power Crew,swms power crew
SWOMIS,swomis
SWOOOPIT,swooopit
SWP Architekten,swp architekten
SWR,swr
SWR Studio Koblenz,swr studio koblenz
SWRun3,swrun3
SWSM Sozialwerk Saar-Mosel gGmbH,swsm sozialwerk saar mosel ggmbh
SWSM gGmbH,swsm ggmbh
SWW München,sww münchen
SYLVENSTEIN Rechtsanwälte,sylvenstein rechtsanwälte
SYLVENSTEIN Rechtsanwälte Herzog & Partner PartmbB,sylvenstein rechtsanwälte herzog partner partmbb
SYMEO - RADAR NEXT LEVEL,symeo radar next level
SYNABI,synabi
SYNERGIE,synergie
SYNLAB International,synlab international
SYNLAB International GmbH,synlab international
SYNLAB Leinfelden,synlab leinfelden
SYNLAB MVZ Leverkusen,synlab mvz leverkusen
SYNLAB MVZ Nürnberg,synlab mvz nürnberg
SYZYGY Performance,syzygy performance
SZ,sz
SZ Runners,sz runners
Saab Deutschland GmbH,saab
Saal Digital Fotoservice GmbH,saal digital fotoservice
SaarForst Landesbetrieb,saarforst landesbetrieb
SaarGummi Fit,saargummi fit
SaarGummi Group,saargummi
SaarLor-Computec GmbH,saarlor computec
Saarbrücker Zeitung Medienhaus,saarbrücker zeitung medienhaus
Saarfinanz,saarfinanz
Saarland Heilstätten GmbH,saarland heilstätten
Saarländische Klinik für Forensische Psychiatrie,saarländische klinik für forensische psychiatrie
Saarpfalz-Kreis,saarpfalz kreis
Saarstahl AG,saarstahl
Saarstahl AG : NVG,saarstahl : nvg
Saarstahl AG | NVG,saarstahl | nvg
Saatchi & Saatchi GmbH,saatchi saatchi
Saaten-Union GmbH,saaten union
Sabine,sabine
Sabine Bausch,sabine bausch
Sabine Kersten,sabine kersten
Sabrina,sabrina
Sabrina & Eliana,sabrina eliana
Sachunterricht,sachunterricht
Saferoad Restraint Systems GmbH,saferoad restraint systems
Safety Runners,safety runners
Safety for the all electric society,safety for the all electric society
Sahlberg GmbH,sahlberg
Sailer Stepan Tragwerkteam,sailer stepan tragwerkteam
Saint-Gobain NorPro,saint gobain norpro
Saint-Gobain Rigips GmbH,saint gobain rigips
Salesforce,salesforce
Salon City,salon city
Saltcore Speedsters,saltcore speedsters
Saltis,saltis
Salty Crew,salty crew
Salvea Gelsenkirchen,salvea gelsenkirchen
Salzgitter Mannesmann,salzgitter mannesmann
Salzgitter Mannesmann Stahlservice,salzgitter mannesmann stahlservice
Samsung,samsung
Samsung SDI Europe GmbH,samsung sdi europe
Samsung Semiconductor Europe GmbH,samsung semiconductor europe
Samtgemeinde Selsingen,samtgemeinde selsingen
SanLucar,sanlucar
Sana Klinik München,sana klinik münchen
Sana Kliniken,sana kliniken
Sana Kliniken AG,sana kliniken
Sana Praevention Karlsruhe,sana praevention karlsruhe
Sander,sander
Sandmännchen,sandmännchen
Sandra,sandra
Sandra Silvanus-Friedrich,sandra silvanus friedrich
Sandro,sandro
Sane,sane
Sang Choy,sang choy
Sanitaer-Heizung Breuer Alsdorf,sanitaer heizung breuer alsdorf
Sanitätshaus Koczyba GmbH,sanitätshaus koczyba
Sanitätshaus Pfänder,sanitätshaus pfänder
Sankt Rochus Team,sankt rochus team
Santander,santander
Sara,sara
Sarah,sarah
Sarah Stucky Coaching,sarah stucky coaching
Sarah Wilhelm,sarah wilhelm
Sarah-Lena,sarah lena
Sascha Lücker Dennis Lücker,sascha lücker dennis lücker
Saskia,saskia
Sasse Runner,sasse runner
Sasse Runners,sasse runners
SasseOst,sasseost
Satherm GmbH,satherm
Sato Team,sato team
Saturn Berlin,saturn berlin
Sautastics,sautastics
Sauter Cumulus NL149 Runner,sauter cumulus nl149 runner
Sauter-Cumulus GmbH,sauter cumulus
Save the Date,save the date
Save the date,save the date
Savills,savills
Savills @ Stuggi,savills @ stuggi
Savills Köln,savills köln
Scalable Capital,scalable capital
Scalable GmbH,scalable
Scalania AG,scalania
Scalcione Runners,scalcione runners
Scaling Spaces,scaling spaces
Scandic München Macherei,scandic münchen macherei
Scandic Nürnberg Central,scandic nürnberg central
Scania,scania
Scania München,scania münchen
Scanlan & Partner mbB,scanlan partner mbb
Scanlan und Partner mbB,scanlan und partner mbb
Schaaf,schaaf
Schaebens,schaebens
Schaebens-Team,schaebens team
Schafferer,schafferer
Schalke 04 e.V. Fan-Block,schalke 04 e v fan block
Schalkefans,schalkefans
Schalltechnik Dr.-Ing. Schoeps GmbH,schalltechnik dr ing schoeps
Schalungslos Schnell,schalungslos schnell
Schampera,schampera
Scharnhorst,scharnhorst
Schaumberger Speedy`s,schaumberger speedy`s
Schaup,schaup
Schauspielhaus Düsseldorf,schauspielhaus düsseldorf
Scheibner Apotheken,scheibner apotheken
Scheidt & Friends,scheidt friends
Schellenberg & Schellenberg,schellenberg schellenberg
Schenker Deutschland AG,schenker
Scheren Logistik,scheren logistik
Scherer Büroelektronik GmbH,scherer büroelektronik
Schesn,schesn
SchickHAIRia,schickhairia
Schiele Maschinenbau GmbH,schiele maschinenbau
Schierholz Fördertechnik,schierholz fördertechnik
Schiessl Eisbrecher,schiessl eisbrecher
Schillerhainer geben Gas,schillerhainer geben gas
Schillerläufer,schillerläufer
Schillerschule Unna-Massen,schillerschule unna massen
Schillinggruppe,schillinggruppe
Schindler,schindler
Schindler Aufzüge - Region Südost,schindler aufzüge region südost
Schindler Aufzüge und Fahrtreppen GmbH,schindler aufzüge und fahrtreppen
Schindler Deutschland AG & Co. KG,schindler co kg
Schindler-Sprinter,schindler sprinter
Schlaugk Immobilien GmbH,schlaugk immobilien
Schlimmer geht immer,schlimmer geht immer
Schloßstraße Koblenz,schloßstraße koblenz
Schlüter-Systems KG,schlüter systems kg
Schlütersche Mediengruppe,schlütersche mediengruppe
Schmeing Bau,schmeing bau
Schmid Systemtechnik,schmid systemtechnik
Schmidbauer #bestesteam,schmidbauer #bestesteam
Schmidbauer GmbH & Co. KG,schmidbauer co kg
Schmidhuber Brand Experience GmbH,schmidhuber brand experience
Schmidl & Kollegen Steuerberatungsgesellschaft mbH,schmidl kollegen steuerberatungsgesellschaft mbh
Schmidt+Hauck,schmidt+hauck
Schmidt-Hagius Steuerberatung,schmidt hagius steuerberatung
Schmidtstallateur,schmidtstallateur
Schmitt + Sohn Aufzüge,schmitt + sohn aufzüge
Schmitti,schmitti
Schmolck GmbH & Co. KG,schmolck co kg
Schmusipuh,schmusipuh
Schnaithmann Maschinenbau GmbH,schnaithmann maschinenbau
Schneider + Partner Beratergruppe GmbH,schneider + partner beratergruppe
Schneider Electric,schneider electric
Schneider Karosseriebau,schneider karosseriebau
Schneidereit Professional,schneidereit professional
Schnell wie der BlitZ,schnell wie der blitz
SchnellRennPartnerschaft,schnellrennpartnerschaft
Schnelle MVD-Schnecken,schnelle mvd schnecken
Schnellen Flitzer,schnellen flitzer
Schneller als der Strom,schneller als der strom
Schnetzer Puskas,schnetzer puskas
Schoeller Werk,schoeller werk
Schokoladenmuseum Köln,schokoladenmuseum köln
Scholz & Friends,scholz friends
Scholz & Friends Berlin,scholz friends berlin
Schoofs Crew,schoofs crew
School Runnings,school runnings
Schramm GmbH,schramm
Schramm und Partner,schramm und partner
Schreibwaren Reeb,schreibwaren reeb
Schreiner Group GmbH & Co. KG,schreiner co kg
Schreinerei Rahm,schreinerei rahm
Schreinerei Würzburger,schreinerei würzburger
Schriftdolmetscher NRW,schriftdolmetscher nrw
Schrobsdorff Bau AG,schrobsdorff bau
Schroff GmbH,schroff
Schröer,schröer
SchuWa,schuwa
Schubert & Kollegen StB GmbH,schubert kollegen stb
Schubert & Kollegen Steuerberatung,schubert kollegen steuerberatung
Schubra Runners,schubra runners
Schuh+Sport Palast,schuh+sport palast
Schulbegleiter-Service,schulbegleiter service
Schule am Donnersberg,schule am donnersberg
Schule am Römerkastell,schule am römerkastell
Schulmanager Online GmbH,schulmanager online
Schulsozialarbeit,schulsozialarbeit
Schultheiss Wohnbau,schultheiss wohnbau
Schultheiß Projektentwicklung AG,schultheiß projektentwicklung
Schultheiß Runners,schultheiß runners
Schultze & Braun,schultze braun
Schulz,schulz
Schuster & Walther IT-Business GmbH,schuster walther it business
Schwabinger Reha-Sport,schwabinger reha sport
Schwan & Partner GmbH,schwan partner
Schwan-STABILO,schwan stabilo
Schwan-STABILO Business-Partner GmbH & Co. KG,schwan stabilo business partner co kg
Schwartz PR,schwartz pr
Schwartz Public Relations,schwartz public relations
Schwarz Produktion Stiftung & Co. KG,schwarz produktion stiftung co kg
Schwarz+Matt,schwarz+matt
SchwarzWald,schwarzwald
Schwarzwaldmilch,schwarzwaldmilch
Schwarzwaldregion Belchen,schwarzwaldregion belchen
Schweitzer Fachinformationen,schweitzer fachinformationen
Schweitzer GmbH,schweitzer
Schwerdtel,schwerdtel
Schwerdtel GmbH,schwerdtel
Schwestern Verband,schwestern verband
Schwesternschaft Nürnberg,schwesternschaft nürnberg
Schwesternverband,schwesternverband
Schwesternverband Pflege und Assistenz gGmbH,schwesternverband pflege und assistenz ggmbh
Schwitzen statt sitzen,schwitzen statt sitzen
Schyns Medizintechnik GmbH,schyns medizintechnik
Schäfer,schäfer
Schäfer Dein Bäcker GmbH,schäfer dein bäcker
Schängel Wear,schängel wear
Schöck Bauteile GmbH,schöck bauteile
Schöler&Micke Tischtennis Experten,schöler micke tischtennis experten
Schön Klinik,schön klinik
Schön Klinik Bad Aibling,schön klinik bad aibling
Schön Klinik Bad Aibling SE & Co. KG,schön klinik bad aibling co kg
Schön Klinik Berchtesgadener Land SE & Co KG,schön klinik berchtesgadener land co kg
Schön Klinik Düsseldorf,schön klinik düsseldorf
Schön Klinik Gruppe,schön klinik gruppe
Schön Klinik München Harlaching,schön klinik münchen harlaching
Schön Klinik München Schwabing SE & Co. KG,schön klinik münchen schwabing co kg
Schön Klinik München- Harlaching SE & Co KG,schön klinik münchen harlaching co kg
Schön Klinik Roseneck,schön klinik roseneck
Schön Klinik Runners,schön klinik runners
Schön Klinik SE,schön klinik
Schön Klinik Schwabing,schön klinik schwabing
Schön Klinik Vogtareuth,schön klinik vogtareuth
Schönau,schönau
Schönes,schönes
Schönfisch & Kollegen PartG mbB,schönfisch kollegen partg mbb
Schönhofen feat. Kottenschule,schönhofen feat kottenschule
Schüber Metalltechnik,schüber metalltechnik
Schülbees,schülbees
Schülergarten,schülergarten
Schülerhilfe GmbH & Co. KG,schülerhilfe co kg
Schülke & Mayr GmbH,schülke mayr
Schüllermann und Partner AG,schüllermann und partner
Schütz Dental GmbH,schütz dental
Schützenverein Döhlbergen-Rieda,schützenverein döhlbergen rieda
Schüßler-Plan,schüßler plan
Schüßler-Runners,schüßler runners
Score Media Group GmbH & Co. KG,score media co kg
SeaRenergy,searenergy
SeaRenergy Group,searenergy
Sealpac GmbH,sealpac
Sean Moldenhauer,sean moldenhauer
Search Engine Marketing Boutique GmbH,search engine marketing boutique
Sebastian,sebastian
Sebastian Niggemann,sebastian niggemann
Sebastian Wehrle & friends,sebastian wehrle friends
Sebinho Team,sebinho team
SecuriAktiv,securiaktiv
Securitas,securitas
Securitas Aviation,securitas aviation
Securitas Aviation International,securitas aviation international
Securitas Aviation Service GmbH & Co.KG,securitas aviation service co kg
Securitas Fire & Safety,securitas fire safety
Securitas GmbH Sicherheitstechnik,securitas sicherheitstechnik
Securiton Flitzer,securiton flitzer
Security Runners,security runners
Sedlmayr AG,sedlmayr
See& St.Nikolaus Apotheke Herrsching,see st nikolaus apotheke herrsching
SeelenGlück,seelenglück
Seewald Elektro,seewald elektro
SegenSolar - Your PV wholesaler,segensolar your pv wholesaler
Seger & Hirsch Ingenieurgesellschaft,seger hirsch ingenieurgesellschaft
Segewa GmbH,segewa
Segger Rechtsanwaltsgesellschaft mbH,segger rechtsanwaltsgesellschaft mbh
Seher Immobilien,seher immobilien
Sehsucht,sehsucht
Seifert TO - Läuft bei mir!,seifert to läuft bei mir!
Seilbahn Koblenz,seilbahn koblenz
Seitz Heimtiernahrung,seitz heimtiernahrung
Seitz RAe StB PartGes mbB,seitz rae stb partges mbb
Seitz Runners Club,seitz runners club
Sektschneckchen,sektschneckchen
Selbstläufer,selbstläufer
Selbstläufer Oberau,selbstläufer oberau
Self,self
Selgros Berlin Lichtenberg,selgros berlin lichtenberg
Selgros Powerschnecken,selgros powerschnecken
Selina,selina
Selina Hergenhahn,selina hergenhahn
Selinus Capital,selinus capital
Selinus Capital Advisors,selinus capital advisors
Sellvin AG,sellvin
Sellvin Power,sellvin power
Sellwerk München,sellwerk münchen
Selpaw,selpaw
Selux GmbH,selux
Semikron Danfoss,semikron danfoss
Semikron Elektronik GmbH & co. KG,semikron elektronik co kg
Sempt Apotheke Erding,sempt apotheke erding
Semrush,semrush
Senacor Technologies AG,senacor technologies
"Senatorin Wirtschaft, Arbeit, Europa",senatorin wirtschaft arbeit europa
"Senatorin Wirtschaft, Häfen, Transf.",senatorin wirtschaft häfen transf
SeniorComfort24,seniorcomfort24
Senioren Palais,senioren palais
Senioren Palais Saarpark,senioren palais saarpark
Seniorenbetreeung Haus Blandine KG,seniorenbetreeung haus blandine kg
Seniorenbetreuung Saar & Pflegeherze,seniorenbetreuung saar pflegeherze
Seniorenbetreuung Saar GbR,seniorenbetreuung saar gbr
Seniorenresidenz Ludwig-Steil-Haus,seniorenresidenz ludwig steil haus
Seniorenzentrum Elisabeth-Haus,seniorenzentrum elisabeth haus
Sennheiser electronic SE & Co. KG,sennheiser electronic co kg
SensoPart Industriesensorik GmbH,sensopart industriesensorik
Seokratie GmbH,seokratie
Seppelt GmbH & Co KG,seppelt co kg
Sequafy GmbH,sequafy
Sernetz Schäfer,sernetz schäfer
Serrala Group GmbH,serrala
Service-Franz-Immobilien,service franz immobilien
ServiceNow,servicenow
ServiceXpert GmbH,servicexpert
Serviceplan,serviceplan
Serviceplan - weRun,serviceplan werun
Serviceplan Group SE & Co. KG,serviceplan co kg
Serviceplan Hamburg,serviceplan hamburg
Seven Senders,seven senders
Seven2one,seven2one
Sexy Accounting Club,sexy accounting club
ShagallKlub,shagallklub
Shape Republic,shape republic
Shareholder Value,shareholder value
Sharp Devices Europe,sharp devices europe
Sharp NEC Display Solutions GmbH,sharp nec display solutions
Sharp NEC Displays,sharp nec displays
Sharp Reflections,sharp reflections
Sheraton Carlton Nürnberg,sheraton carlton nürnberg
Sherpa Design GmbH,sherpa design
Shinsho Europe,shinsho europe
ShiraTech-Knowtion,shiratech knowtion
Shirly-Lee,shirly lee
Shirunning,shirunning
Shit to Power - KMT macht was draus,shit to power kmt macht was draus
Shop Apotheke Service GmbH,shop apotheke service
Shore GmbH,shore
SiCrystal GmbH,sicrystal
Sibelco Deutschland,sibelco
Sicherheit und Gesundheit,sicherheit und gesundheit
Sidley Austin (CE) LLP,sidley austin (ce) llp
Siedlungswerk Nürnberg GmbH,siedlungswerk nürnberg
Sieg & Speith - jetzt wirds heiß!,sieg speith jetzt wirds heiß!
Sieger der Herzen,sieger der herzen
Siegfried Knobe Konstruktion - Planung- Montage GmbH,siegfried knobe konstruktion planung montage
Siemer + Partner,siemer + partner
Siepe GmbH - Better Together,siepe better together
Siewert & Kau Group,siewert kau
Sigma Aldrich Chemie GmbH,sigma aldrich chemie
Signaltec,signaltec
Signalwerk,signalwerk
Signode,signode
Sika - Bei uns läuft's,sika bei uns läuft's
Sika Deutschland GmbH,sika
Sika Manufacturing Deutschland GmbH,sika manufacturing
Silantes GmbH,silantes
Silbury,silbury
Silbury Deutschland GmbH,silbury
Silgan White Cap,silgan white cap
Silke,silke
Silke Grupp,silke grupp
Silver Atena,silver atena
Silver Atena GmbH,silver atena
Silverton Asset Solutions GmbH,silverton asset solutions
Silverton Runners,silverton runners
Silvia,silvia
Silvie,silvie
Simex Vertriebs GmbH & CO. KG /Moskovskaya,simex vertriebs co kg /moskovskaya
Simi,simi
Simi Reality Motion Systems,simi reality motion systems
Simi Reality Motion Systems GmbH,simi reality motion systems
Simmon + Simmons LLP,simmon + simmons llp
Simon,simon
Simon Hegele Gesellschaft für Logistik und Service mbH,simon hegele gesellschaft für logistik und service mbh
Simon Hegele Healthcare Solutions,simon hegele healthcare solutions
Simon Hoffmann,simon hoffmann
Simon Krombach,simon krombach
Simon-Kucher,simon kucher
Simone Stahl,simone stahl
Simovative,simovative
Simovative GmbH,simovative
SimpleRunners,simplerunners
Simply fresh Runners,simply fresh runners
Simply fresh runners,simply fresh runners
SimplyTest,simplytest
SimplyTest GmbH,simplytest
Sinch Speedy Bees,sinch speedy bees
SingleStarter,singlestarter
Sinnesfreunde GmbH,sinnesfreunde
Site Point GmbH,site point
Sitema-Klemmi,sitema klemmi
Sitt + Co. GmbH,sitt + co
Sixt Region West,sixt region west
Sixt SE,sixt
Skradde Rechtsanwälte,skradde rechtsanwälte
Sky is the limit,sky is the limit
SkyGate internetworking,skygate internetworking
Slalom Deutschland,slalom
Sloth Penguins,sloth penguins
Smallcases,smallcases
Smart City System,smart city system
Smart City System Parking Solutions GmbH,smart city system parking solutions
Smart Energy Solutions GmbH & Co. KG,smart energy solutions co kg
Smart Mechatronics,smart mechatronics
Smart Runners,smart runners
Smart and Digital,smart and digital
Smart minds. Strong teams.,smart minds strong teams
SmartCAE,smartcae
SmartDocuments Deutschland,smartdocuments
SmartFactory-KL,smartfactory kl
SmartRunners Berlin,smartrunners berlin
Smartpraxis,smartpraxis
Smartstream.tv GmbH,smartstream tv
Smells Like New,smells like new
Smithers-Oasis Germany GmbH,smithers oasis germany
Smurfit Kappa GmbH,smurfit kappa
Smørrebrød Sprinters,smørrebrød sprinters
Snail-Runner B³,snail runner b³
Snapp Mobile,snapp mobile
SnowTrex,snowtrex
Sobi,sobi
Social Runner,social runner
Socionext Europe GmbH,socionext europe
Socionext Neuried,socionext neuried
Socotec Building Solutions GmbH,socotec building solutions
Sofha,sofha
Sofitel Running Stars,sofitel running stars
SoftProject Digital Experts,softproject digital experts
SoftconCIS,softconcis
Softing Warriors,softing warriors
Software,software
Software AG,software
Software Sprinter,software sprinter
Software4You,software4you
Software4You Planungssysteme GmbH,software4you planungssysteme
SoftwareLoft,softwareloft
SoftwareOne deutschland GmbH,softwareone
Soho House Berlin,soho house berlin
Solactive AG,solactive
Solar Consulting,solar consulting
Solar Runners,solar runners
SolarRunners,solarrunners
Solarennt,solarennt
Soldan Holding + Bonbonspezialitäten GmbH,soldan + bonbonspezialitäten
SoleMates,solemates
Solemio GmbH,solemio
Soley,soley
Soley GmbH,soley
Soli Infratechnik GmbH,soli infratechnik
Solidaris,solidaris
Solidaris Revisions-GmbH,solidaris revisions gmbh
Solident Running Crew,solident running crew
Solisyon GmbH,solisyon
Solitans,solitans
Solutions Berlin,solutions berlin
Solventum Germany,solventum germany
Solviron Solutions,solviron solutions
Somphon,somphon
Sonar Real Estate,sonar real estate
Sonepar,sonepar
Sonepar Deutschland / Region Süd,sonepar / region süd
Sonepar Deutschland / Region Süd GmbH,sonepar / region süd
Sonepar Düsseldorf,sonepar düsseldorf
Sonic Healthcare Germany,sonic healthcare germany
Sonja,sonja
Sonnenfarmen GmbH,sonnenfarmen
Sonnenhof Atrium,sonnenhof atrium
Sonnenhof-Gruppe,sonnenhof gruppe
Sonnenläufer,sonnenläufer
Sonnenwinzer,sonnenwinzer
Sonova Consumer Hearing,sonova consumer hearing
Sontowski & Partner GmbH,sontowski partner
Sony Running Team,sony running team
Sonyrunnungteam,sonyrunnungteam
Sophia Beermann,sophia beermann
Sophie Drewa,sophie drewa
Sopra Financial Technology,sopra financial technology
Sopra Financial Technology GmbH,sopra financial technology
Sopra Steria,sopra steria
Sopra Steria - Speeders,sopra steria speeders
Sopra Steria SE,sopra steria
Sorat Hotel Saxx,sorat hotel saxx
Sorst Streckmetall GmbH,sorst streckmetall
Soulutions,soulutions
SozDia Stiftung Berlin,sozdia stiftung berlin
Sozelio Rechtsanwälte,sozelio rechtsanwälte
SozialBank,sozialbank
SozialBank AG,sozialbank
Sozialdienst katholischer Frauen e.V. München,sozialdienst katholischer frauen e v münchen
Sozialgericht Gelsenkirchen,sozialgericht gelsenkirchen
Sozialgericht Nürnberg,sozialgericht nürnberg
Sozialservice-Gesellschaft des BRK,sozialservice gesellschaft des brk
Sozialservice-Gesellschaft des BRK GmbH,sozialservice gesellschaft des brk
Sozialstation Breisach,sozialstation breisach
Sozialstation Bötzingen,sozialstation bötzingen
Sozialstation Dreisamtal,sozialstation dreisamtal
Sozialverband VdK KV Kaiserslautern,sozialverband vdk kv kaiserslautern
Sozialwerk Bremen,sozialwerk bremen
Sozialwerk Nürnberg,sozialwerk nürnberg
Sozialwerk St. Georg e.V.,sozialwerk st georg e v
Space Runners,space runners
Spaceopal,spaceopal
Spaceopal GmbH,spaceopal
Spalluto,spalluto
Sparda Bank Südwest,sparda bank südwest
Sparda-Bank München,sparda bank münchen
Sparda-Bank Nürnberg,sparda bank nürnberg
Sparda-Bank Nürnberg eG,sparda bank nürnberg eg
Sparda-Bank Südwest eG,sparda bank südwest eg
Sparda-wir laufen voran,sparda wir laufen voran
Sparhandy,sparhandy
Sparkasse Baden-Baden Gaggenau,sparkasse baden baden gaggenau
Sparkasse Donnersberg,sparkasse donnersberg
Sparkasse Düren,sparkasse düren
Sparkasse Freiburg- NB,sparkasse freiburg nb
Sparkasse Fürstenfeldbruck,sparkasse fürstenfeldbruck
Sparkasse Hanau,sparkasse hanau
Sparkasse Kaiserslautern,sparkasse kaiserslautern
Sparkasse Koblenz,sparkasse koblenz
Sparkasse KölnBonn,sparkasse kölnbonn
Sparkasse Langen Seligenstadt,sparkasse langen seligenstadt
Sparkasse Merzig-Wadern,sparkasse merzig wadern
Sparkasse Märkisch-Oderland,sparkasse märkisch oderland
Sparkasse Neunkirchen,sparkasse neunkirchen
Sparkasse Neuwied,sparkasse neuwied
Sparkasse Pforzheim Calw,sparkasse pforzheim calw
Sparkasse Staufen-Breisach,sparkasse staufen breisach
Sparschweinchen,sparschweinchen
Spart-IQ-s,spart iq s
Sparwasser & Schmidt,sparwasser schmidt
SpaßTrifftLeistung,spaßtrifftleistung
Spedition Peiffer,spedition peiffer
Speed Boys,speed boys
Speed Brainers,speed brainers
Speedgoats,speedgoats
Speedrunner B&H 2024,speedrunner b h 2024
Speedy Gonzalez,speedy gonzalez
Speedy Owls,speedy owls
Speedy Qwellonians,speedy qwellonians
Speedy Zizou,speedy zizou
SpeedyStriders-Miles of Smiles Vibes,speedystriders miles of smiles vibes
Speekly,speekly
Speerspitze Team Violet,speerspitze team violet
Speexx,speexx
Spendscape,spendscape
Sperl Runners,sperl runners
Spie Buchmann GmbH,spie buchmann
Spiele-Palast,spiele palast
Spielwarenmesse eG,spielwarenmesse eg
Spiggle & Theis Team 23,spiggle theis team 23
Spinner,spinner
Spinnerei Lampertsmühle,spinnerei lampertsmühle
Spized,spized
Spized Girls,spized girls
Spized Runners,spized runners
SpoRAC e.V.,sporac e v
Sporbeck Crew,sporbeck crew
Sport Böhm / Bauunternehmung Meisel,sport böhm / bauunternehmung meisel
Sport Check Pacemaker,sport check pacemaker
Sport Five,sport five
Sport- & Tagungszentrum Hachen,sport tagungszentrum hachen
Sport-Club Freiburg e.V.,sport club freiburg e v
Sport-Zahnteam,sport zahnteam
Sport1 GmbH,sport1
Sport4Development,sport4development
SportScheck,sportscheck
SportScheck GmbH,sportscheck
SportScheck Pacemaker,sportscheck pacemaker
Sportbund Rheinland,sportbund rheinland
Sportcheck,sportcheck
Sportec Solutions,sportec solutions
Sportfreunde Chiller,sportfreunde chiller
Sportgruppe Reimann,sportgruppe reimann
Sportgruppe Rügen,sportgruppe rügen
Sportgruppe Wyhl,sportgruppe wyhl
Sportissimo,sportissimo
Sportjoe,sportjoe
Sportmeister,sportmeister
SportsUnited,sportsunited
Sportscheck Hannover Mitte,sportscheck hannover mitte
Sportverein Pfiff,sportverein pfiff
Sporty Foxes,sporty foxes
Sporty Monkeys,sporty monkeys
Spreeradio,spreeradio
Sprint Sanierung,sprint sanierung
Sprint Sanierung GmbH,sprint sanierung
Sprint Stars,sprint stars
Sprinters in Neuromonitoring,sprinters in neuromonitoring
SquaredForce,squaredforce
St .Johannes,st johannes
St. Franziskus,st franziskus
St. Franziskus Alten- und Pflegeheim,st franziskus alten und pflegeheim
St. Gundekar-Werk Eichstätt,st gundekar werk eichstätt
St. Joseph Kinder- und Jugendhilfe,st joseph kinder und jugendhilfe
St. Marien-Hospital GmbH,st marien hospital
St. Martinus-Krankenhaus,st martinus krankenhaus
St. Martinus-Krankenhaus Düsseldorf,st martinus krankenhaus düsseldorf
St. Niki,st niki
St. Niki läuft!,st niki läuft!
St. Nikolaus Apotheke,st nikolaus apotheke
St. Nikolaus-Stiftshospital,st nikolaus stiftshospital
St. Theresien-Krankenhaus Nürnberg,st theresien krankenhaus nürnberg
St. Thomas Realschule plus Andernach,st thomas realschule plus andernach
St.Paulus Gesellschaft,st paulus gesellschaft
StA Düsseldorf,sta düsseldorf
StB Thomas Mayer,stb thomas mayer
StB Winkler-Binder & Binder GbR,stb winkler binder binder gbr
StBV NRW,stbv nrw
StEB Köln,steb köln
StMELF,stmelf
StMUVlitzer,stmuvlitzer
"StWN, N-ERGIE, VAG",stwn n ergie vag
Staatliche Archive Münchens,staatliche archive münchens
Staatliche Berufsoberschule Nürnberg,staatliche berufsoberschule nürnberg
Staatliches Bauamt Erlangen-Nürnberg,staatliches bauamt erlangen nürnberg
Staatliches Museum Ägyptischer Kunst,staatliches museum ägyptischer kunst
"Staatsministerium für Familie, Arbeit und Soziales",staatsministerium für familie arbeit und soziales
Stabilus - Team HAHN Gasfedern,stabilus team hahn gasfedern
Stabilus Team,stabilus team
Stackfield,stackfield
Stackfield GmbH,stackfield
Stadibau GmbH,stadibau
Stadler + Schaaf,stadler + schaaf
Stadt Aachen,stadt aachen
Stadt Ahlen,stadt ahlen
Stadt Bad Brückenau,stadt bad brückenau
Stadt Bendorf/ Rhein,stadt bendorf/ rhein
Stadt Dillingen / Saar,stadt dillingen / saar
Stadt Dortmund,stadt dortmund
Stadt Emmendingen,stadt emmendingen
Stadt Endingen,stadt endingen
Stadt Energie Speicher,stadt energie speicher
Stadt Erkrath,stadt erkrath
Stadt Ettlingen,stadt ettlingen
Stadt Ettlingen Stadtwerke Ettlingen,stadt ettlingen stadtwerke ettlingen
Stadt Freiburg,stadt freiburg
Stadt Gelsenkirchen,stadt gelsenkirchen
Stadt Köln Amt für öffentl. Ordnung,stadt köln amt für öffentl ordnung
Stadt Lahnstein,stadt lahnstein
Stadt Lebach,stadt lebach
Stadt Mayen,stadt mayen
Stadt Nürnberg,stadt nürnberg
Stadt Ratingen,stadt ratingen
Stadt Rheinstetten,stadt rheinstetten
Stadt Roth,stadt roth
Stadt Sehnde,stadt sehnde
Stadt Sulzburg,stadt sulzburg
Stadt Völklingen,stadt völklingen
Stadt Waldkirch,stadt waldkirch
Stadt Wildeshausen,stadt wildeshausen
Stadt Würselen - Team Düvel,stadt würselen team düvel
Stadt-Land-plus,stadt land plus
StadtKinder,stadtkinder
Stadtentwässerung Herne (SEH),stadtentwässerung herne (seh)
"Stadtentwässerungsbetriebe Köln, AöR",stadtentwässerungsbetriebe köln aör
Stadtmission Nürnberg e.V.,stadtmission nürnberg e v
Stadtsparkasse Düsseldorf,stadtsparkasse düsseldorf
Stadtsportbund Hannover e.V.,stadtsportbund hannover e v
Stadtteilzentrum Steglitz e.V.,stadtteilzentrum steglitz e v
Stadtverwaltung,stadtverwaltung
Stadtverwaltung Freiburg,stadtverwaltung freiburg
Stadtverwaltung Kaiserslautern,stadtverwaltung kaiserslautern
Stadtverwaltung Koblenz,stadtverwaltung koblenz
Stadtwerke Dillingen,stadtwerke dillingen
Stadtwerke Emmendingen,stadtwerke emmendingen
Stadtwerke Freiburg GmbH,stadtwerke freiburg
Stadtwerke Gelsenkirchen,stadtwerke gelsenkirchen
Stadtwerke Karlsruhe,stadtwerke karlsruhe
Stadtwerke Köln GmbH,stadtwerke köln
Stadtwerke Köln Konzern,stadtwerke köln konzern
Stadtwerke Langen GmbH,stadtwerke langen
Stadtwerke Merzig GmbH,stadtwerke merzig
Stadtwerke München,stadtwerke münchen
Stadtwerke München GmbH,stadtwerke münchen
Stadtwerke Neustadt a.d.Aisch GmbH,stadtwerke neustadt a d aisch
Stadtwerke Neuwied GmbH,stadtwerke neuwied
Stadtwerke Overath,stadtwerke overath
Stadtwerke Ramstein-Miesenbach GmbH,stadtwerke ramstein miesenbach
Stadtwerke Saarlouis GmbH,stadtwerke saarlouis
Stadtwerke Schwerte,stadtwerke schwerte
Stadtwerke Waldkirch,stadtwerke waldkirch
Stadtwerke Waldkirch GmbH,stadtwerke waldkirch
Stadweke München GmbH,stadweke münchen
Stadwerke Köln Konzern,stadwerke köln konzern
Staffinity Consulting,staffinity consulting
Stahlkontor GmbH & Co. KG,stahlkontor co kg
Stahlkontor GmbH + Co. KG,stahlkontor + co kg
Stahlwerk Bous,stahlwerk bous
Stahlwerk Bous GmbH,stahlwerk bous
Stall Asterblüte,stall asterblüte
Stall Asterblüte GmbH,stall asterblüte
Staperior Consulting GmbH,staperior consulting
Start To Finish,start to finish
Starteam,starteam
State Street Bank & Trust,state street bank trust
Stationäres Hospiz St. Martin,stationäres hospiz st martin
Statistisches Landesamt RLP,statistisches landesamt rlp
Statkraft,statkraft
Statkraft Markets GmbH,statkraft markets
Staub & Co,staub co
Staub & Co. - Silbermann GmbH,staub co silbermann
Steadforce,steadforce
Steadforce GmbH,steadforce
Stefan,stefan
Stefan &Lutz,stefan lutz
Stefan Ehlert,stefan ehlert
Stefan Hutterer,stefan hutterer
Stefan Schuldt,stefan schuldt
Stefan Siegmann,stefan siegmann
Stefan Zweck,stefan zweck
Stefan und Lutz,stefan und lutz
Stefanie,stefanie
Stefer,stefer
Steffen,steffen
Steffen Forchheim,steffen forchheim
Steffi,steffi
Steico,steico
Steigenberger Hotel Bremen,steigenberger hotel bremen
Steile Zähne,steile zähne
Steiler Zahn,steiler zahn
Steinbeis Europa Zentrum,steinbeis europa zentrum
Steinhart GmbH Gala-Bau,steinhart gala bau
Steinway & Sons,steinway sons
Stellantis & You Düsseldorf,stellantis you düsseldorf
Stellenpakete Sprinter,stellenpakete sprinter
Stelzmann Transport & Getränke GmbH,stelzmann transport getränke
Stemmer Imaging,stemmer imaging
Step Ahead GmbH,step ahead
Step Sisters,step sisters
StepStone Deutschland GmbH,stepstone
Stephan Birkheuser,stephan birkheuser
Stephan Schmidt Group,stephan schmidt
Stephanie Hübner,stephanie hübner
Stephanie Lohse,stephanie lohse
Stephanie Schmidt (Einzelstarter),stephanie schmidt (einzelstarter)
Stepstone,stepstone
Sterr-Kölln & Partner Laufteam,sterr kölln partner laufteam
Steuer-Fachschule Dr. Endriss,steuer fachschule dr endriss
SteuerBEHRatung X Friends,steuerbehratung x friends
Steuerberater Breitbarth,steuerberater breitbarth
Steuerberater Oliver Fuchs,steuerberater oliver fuchs
Steuerberater Prof. Dieter Weller,steuerberater prof dieter weller
Steuerberater Stiebritz und Klein,steuerberater stiebritz und klein
Steuerberater Wolfgang Müller,steuerberater wolfgang müller
Steuerberaterin Susanne Bies,steuerberaterin susanne bies
Steuerberaterkammer Stuttgart,steuerberaterkammer stuttgart
Steuerberatung Schönenberg,steuerberatung schönenberg
Steuerberatung Seidel,steuerberatung seidel
Steuerbüro Wobbe & Partner,steuerbüro wobbe partner
Steuerkanzlei Knipping,steuerkanzlei knipping
Steuerkanzlei Konerding & Thomas Steuerberater PartG mbB,steuerkanzlei konerding thomas steuerberater partg mbb
Steuerkanzlei Raphaela Hallermeier,steuerkanzlei raphaela hallermeier
Steuern steuern!,steuern steuern!
Steuerrechts-Institut KNOLL,steuerrechts institut knoll
Steuerspatzen,steuerspatzen
Steuerstrategen.de,steuerstrategen de
Stickerstars,stickerstars
Stiftung Deutsche Sporthilfe,stiftung deutsche sporthilfe
Stiftung Hospital zum Heiligen Geist,stiftung hospital zum heiligen geist
Stiftung Hospital zum heiligen Geist,stiftung hospital zum heiligen geist
Stiftung ICP München,stiftung icp münchen
Stiftung Katholische Altenhilfe,stiftung katholische altenhilfe
Stiftung Menschen für Menschen,stiftung menschen für menschen
Stiftung Pfennigparade,stiftung pfennigparade
Stiftung Wadentest,stiftung wadentest
Stiftung Wadentest Misereor,stiftung wadentest misereor
Stiftung kreuznacher diakonie,stiftung kreuznacher diakonie
Stock Seidel Schrader Rechtsanwälte,stock seidel schrader rechtsanwälte
Stockert Laufteam,stockert laufteam
Stokke Family,stokke family
Storengy,storengy
Stork,stork
Storm Reply GmbH,storm reply
Storopack,storopack
Strabag,strabag
Strahlentherapie,strahlentherapie
Strahlentherapie Nymphenburg,strahlentherapie nymphenburg
Strascheg Center for Entrepreneurship,strascheg center for entrepreneurship
Strate Running Team,strate running team
Strategic Sprinters,strategic sprinters
Strategix,strategix
Strategy Engineers GmbH & Co. KG,strategy engineers co kg
Straubenhardt läuft,straubenhardt läuft
Straumann GmbH,straumann
Straßer,straßer
Stream Runners,stream runners
Streck Transport,streck transport
StreckMackSchwedhelm,streckmackschwedhelm
Streckenakkreditierer,streckenakkreditierer
Streetwalker,streetwalker
Stremmer Sand + Kies GmbH,stremmer sand + kies
Stricker Architekten,stricker architekten
Stritzl Projektpartner,stritzl projektpartner
Stroke Unit Brüderhaus,stroke unit brüderhaus
StromRacer,stromracer
Stromer,stromer
Strub Eisenhardt Lass,strub eisenhardt lass
StrukturWandler Consulting & Coaching,strukturwandler consulting coaching
Struth Garten- u. Landschaftspflege,struth garten u landschaftspflege
Stryker Leibinger GmbH & Co. KG,stryker leibinger co kg
Stryker Leibinger GmbH & Co.KG,stryker leibinger co kg
Ströer,ströer
Ströer Media Deutschland GmbH,ströer media
Studentenwerk Hannover,studentenwerk hannover
Studentenwerk München,studentenwerk münchen
Studiendruck der Fachschaft Maschinenbau e. V.,studiendruck der fachschaft maschinenbau e v
Studieninstitut Ruhr,studieninstitut ruhr
Studienkreis,studienkreis
Studierendenwerk Freiburg,studierendenwerk freiburg
Studierendenwerk Kaiserslautern,studierendenwerk kaiserslautern
Studio 100 Media GmbH,studio 100 media
StudioCanal,studiocanal
Studiosus Reisen,studiosus reisen
StudySmarter,studysmarter
Studydrive Sprinters,studydrive sprinters
Sturm der Liebe,sturm der liebe
Stute,stute
Stuttgarter Hofbräu Käpsele,stuttgarter hofbräu käpsele
Städt. Wohnungsgesellschaft Ddorf,städt wohnungsgesellschaft ddorf
Städtische Werke Nürnberg GmbH,städtische werke nürnberg
Stürmchen,stürmchen
Stürtz Maschinenbau GmbH,stürtz maschinenbau
Sugar and Heart Team,sugar and heart team
Sulzer GmbH,sulzer
Sumitomo,sumitomo
Sumitomo (SHI) Demag,sumitomo (shi) demag
Sumitomo (SHI) Demag Plastics Machinery GmbH,sumitomo (shi) demag plastics machinery
Sun Shine,sun shine
Sunshine Energieberatung,sunshine energieberatung
Sunzinet,sunzinet
Supernullen,supernullen
Supply Chain Sprinters,supply chain sprinters
SupplyOn AG,supplyon
Supreme Running,supreme running
Surecomp Trade Runners,surecomp trade runners
SurfLabX GmbH,surflabx
Surface Contacts,surface contacts
Surplex,surplex
Susann,susann
Susanne,susanne
Susanne Büttner,susanne büttner
Sustainabears,sustainabears
Sustainabees,sustainabees
Suxxeed Sales for your Success GmbH,suxxeed sales for your success
Sven Karrasch,sven karrasch
Sven Zander,sven zander
Sweco,sweco
Sweco GmbH,sweco
Sweco Gmbh,sweco
Sweco Runners,sweco runners
Swedish Orphan Biovitrum GmbH,swedish orphan biovitrum
Swiftie,swiftie
Swiss Life AG,swiss life
Swiss Life Asset Managers,swiss life asset managers
Swiss Life Asset Managers GmbH,swiss life asset managers
Swiss Life Sportclub,swiss life sportclub
Swiss Re,swiss re
Swiss Re Europe,swiss re europe
"Swiss Re Europe S.A., Niederlassung Deutschland",swiss re europe s a niederlassung
Swisspower Renewables,swisspower renewables
Swoboda Schorndorf KG,swoboda schorndorf kg
SySS Sports Team,syss sports team
Sycor IQ Solutions GmbH,sycor iq solutions
Sympatex,sympatex
Sympatex Technologies GmbH,sympatex technologies
SynG4,syng4
Synabi Business Solutions GmbH,synabi business solutions
Synatec,synatec
Synchronized Chaos,synchronized chaos
Synlabläuft,synlabläuft
Synopsys,synopsys
Synopsys GmbH,synopsys
Synpulsians,synpulsians
Syring,syring
SysTec,systec
Syserso Networks GmbH,syserso networks
Syspons,syspons
Systec & Solutions,systec solutions
Systemates,systemates
Systems Engineering,systems engineering
Syxos,syxos
Syxos GmbH,syxos
Szaidel Cosmetic,szaidel cosmetic
SÖR- Servicebetrieb Öffentlicher Raum Nürnberg,sör servicebetrieb öffentlicher raum nürnberg
SÖR- Stadt Nürnberg,sör stadt nürnberg
SÜDVERS,südvers
SÜDVERS Service & Management GmbH,südvers service management
SÜDVERS. Läuft.,südvers läuft
SÜSS MicroTec,süss microtec
Sägewerker,sägewerker
SöRENNsen,sörennsen
Söring,söring
Süddeutsche Zeitung,süddeutsche zeitung
Südwolle Group GmbH,südwolle
Süwag,süwag
T&S Elektrotechnik GmbH,t s elektrotechnik
T&S Munich,t s munich
T&S Stuttgart,t s stuttgart
T&W - Steuerflitzer,t w steuerflitzer
T-square,t square
T.P.I. Trippe und Partner Laufteam,t p i trippe und partner laufteam
TAIFUN Software,taifun software
TAILORMADE GmbH,tailormade
TAP Attack,tap attack
TAP Sörensen GmbH,tap sörensen
TASCHEN - Books for Optimists,taschen books for optimists
TAUWERK IT,tauwerk it
TB Digital Services GmbH,tb digital services
TB Markert,tb markert
TB Markert Stadtplaner * Landschaftsplaner PartG mbB,tb markert stadtplaner * landschaftsplaner partg mbb
TBD - To Be Dauerläufer,tbd to be dauerläufer
TCO,tco
TCS,tcs
TD - Tolle Druppe,td tolle druppe
TDK,tdk
TDK Electronics AG,tdk electronics
TDK Micronas GmbH,tdk micronas
TDK Sensors,tdk sensors
TDK-Micronas GmbH,tdk micronas
TE Connectivity,te connectivity
TEAL,teal
TEAM ACE 21,team ace 21
TEAM ACTIWARE,team actiware
TEAM AGAPLESION,team agaplesion
TEAM BAFzA Bundesamt für Familie,team bafza bundesamt für familie
TEAM BREMER,team bremer
TEAM CEVA,team ceva
TEAM CUE,team cue
TEAM ELEKTRO DECKER,team elektro decker
TEAM ELIS KÖLN,team elis köln
TEAM EVERBRENT,team everbrent
TEAM FRACHT,team fracht
TEAM FÜR TECHNIK - München,team für technik münchen
TEAM GOLDENER ENGEL IHRINGEN,team goldener engel ihringen
TEAM GRÜN Furtner-Althaus Garten- un,team grün furtner althaus garten un
TEAM GSG OLDENBURG,team gsg oldenburg
TEAM GVG,team gvg
TEAM HÖCKER,team höcker
TEAM IBR,team ibr
TEAM IGESS,team igess
TEAM K. Rogge Spezialisten,team k rogge spezialisten
TEAM KAME,team kame
TEAM KOZLOWSKI,team kozlowski
TEAM LAKAL,team lakal
TEAM LANG BAU,team lang bau
TEAM LEBEN,team leben
TEAM LEWIS,team lewis
TEAM Landkreis St. Wendel,team landkreis st wendel
TEAM MSE,team mse
TEAM RAWTIME,team rawtime
TEAM RWD,team rwd
TEAM SCHÜLLER KÜCHEN,team schüller küchen
TEAM SKYLOTEC,team skylotec
TEAM SONNTAG,team sonntag
TEAM Springer,team springer
TEAM TOPSTEP,team topstep
TEAM WaBeQ,team wabeq
TEAM YEH,team yeh
TEAM-ICE,team ice
TEAMGEIST,teamgeist
TEAM_FK-Architekten,team_fk architekten
TEArunner´s,tearunner´s
TECHNOLOGY & STRATEGY GROUP,technology strategy
TECNO PLAST,tecno plast
TECNO-PLAST,tecno plast
TECOBA,tecoba
TECOSIM Turbo Team,tecosim turbo team
TEDi GmbH & Co. KG,tedi co kg
TEG,teg
TEGA PRIME,tega prime
TEMPTON Technik GmbH,tempton technik
TEN BRINKE NÜRNBERG,ten brinke nürnberg
TEN Ingenieure,ten ingenieure
TEREOS,tereos
TERMA GmbH,terma
TERRAG,terrag
TERRANUS,terranus
TERRAS Tiefbau Gruppe,terras tiefbau gruppe
TESIS,tesis
TESTO - Be Sure!,testo be sure!
TEUTONIC CROSSFIT,teutonic crossfit
TG Squad,tg squad
TGA-Renngenieure,tga renngenieure
TGA-Titanen,tga titanen
TGBBZ DIllingen,tgbbz dillingen
TGC Gruppe,tgc gruppe
TGM Kanis Turbinen GmbH,tgm kanis turbinen
TGO-Lauffreunde,tgo lauffreunde
TGS BBZ Saarlouis,tgs bbz saarlouis
TGSBBZ Saarlouis,tgsbbz saarlouis
TH,th
THALGO Running Team,thalgo running team
THE CAM FORCE,the cam force
THE MAK'ED TEAM GmbH & Co. KG,the mak'ed team co kg
THE REAL LEHNITZ RUNNERS,the real lehnitz runners
THE RUNNING GAG,the running gag
THEOPARK RAe und Stb. Part. mbB,theopark rae und stb part mbb
THESE GUYS from SCHACHZUG,these guys from schachzug
THINK SAFE. THINK ICS.,think safe think ics
THOMAS SABO GmbH & Co. KG,thomas sabo co kg
THOST Freiburg,thost freiburg
THOST Projektmanagement,thost projektmanagement
THOST Projektmanagement GmbH,thost projektmanagement
THOST Team Berlin,thost team berlin
THOST Team Hamburg,thost team hamburg
THOSTies,thosties
THS,ths
THW Helferverein Groß-Gerau e.V,thw helferverein groß gerau e v
THW OV Mettlach,thw ov mettlach
TIGGES Rechtsanwälte,tigges rechtsanwälte
TIGRIS Runners,tigris runners
TIMETOACT GROUP,timetoact
TIMOCOM GmbH,timocom
TIVOLI - ASB,tivoli asb
TK Aufzüge GmbH,tk aufzüge
TK Elevator,tk elevator
TK FUN,tk fun
TKE,tke
TKH Hannover,tkh hannover
TKMS,tkms
TLH Solutions KG,tlh solutions kg
TLI Steuerberatungsgesellschaft Dobner GmbH & Co. KG,tli steuerberatungsgesellschaft dobner co kg
TLSC-E,tlsc e
TLSC-E/A,tlsc e/a
TLSCE,tlsce
TLT Turbo Team,tlt turbo team
TME RUN CLUB,tme run club
TMM Selbstläufer,tmm selbstläufer
TMP Germany GmbH,tmp germany
TMP Runners,tmp runners
TNG Technology Consulting,tng technology consulting
TNG Technology Consulting GmbH,tng technology consulting
TOLAB seven GmbH,tolab seven
TOM's LKW - Fahrschule,tom's lkw fahrschule
TOMRA Sorting,tomra sorting
TOP GYM Fitness GmbH,top gym fitness
TOPAS,topas
TOPMOTIVE,topmotive
TOPTEQ Running Crew,topteq running crew
TOPdesk,topdesk
TOPdesk Deutschland GmbH,topdesk
TOURISMUSEXPERTEN,tourismusexperten
TOYOTA GAZOO Racing Europe,toyota gazoo racing europe
TPG,tpg
TPG The Project Group,tpg the project
TPG The Project Group GmbH,tpg the project
TPSH Group,tpsh
TRAMAG Transformatorenfabrik GmbH & Co.KG,tramag transformatorenfabrik co kg
TRB,trb
TRI Go Slowers,tri go slowers
TRI Go runners,tri go runners
TRIBICON Heroes,tribicon heroes
TRIMET Aluminium,trimet aluminium
TRIUNE,triune
TROESTER GmbH & Co. KG,troester co kg
TRP,trp
TRS - Technology Refresh Services GmbH,trs technology refresh services
TRSAT,trsat
TRU Fitness,tru fitness
TRUMPF,trumpf
TRUMPF Hüttinger GmbH aus Stutensee,trumpf hüttinger aus stutensee
TRUSTEQ Running Crew,trusteq running crew
TRUVA Executive GmbH,truva executive
TS,ts
TSG Wahre Erste,tsg wahre erste
TSG-Runners,tsg runners
TSO TAX,tso tax
TSO-DATA : IT im Herzen,tso data : it im herzen
TSO-DATA Nürnberg GmbH,tso data nürnberg
TSV Anderten,tsv anderten
TSV Meerbusch,tsv meerbusch
TSV München von 1860 e.V.,tsv münchen von 1860 e v
TSV Raesfeld,tsv raesfeld
TT RunClub,tt runclub
TTB-Runners,ttb runners
TTEC GmbH,ttec
"TTI, Inc. - Europe",tti inc europe
"TTI, Inc. Team",tti inc team
TTK Running Team,ttk running team
TULIPS,tulips
TUM Venture Labs,tum venture labs
TUNAP,tunap
TUS Pommern,tus pommern
TV Überherrn,tv überherrn
TVF Fernsehen in Franken Programm,tvf fernsehen in franken programm
TVM Laufen aus Leidenschaft,tvm laufen aus leidenschaft
TWAICE Technologies GmbH,twaice technologies
TWAICIANS,twaicians
TWE GmbH&Co.KG,twe gmbh co kg
TWG Dillingen,twg dillingen
TWS Partners AG,tws partners
TZL Rehab Racers,tzl rehab racers
TaLo,talo
TaLo & Talyo Rockets,talo talyo rockets
"TabitSprint: Ein Team, ein Ziel!",tabitsprint: ein team ein ziel!
Taboola Germany,taboola germany
Taboola Germany GmbH,taboola germany
Tacke + Lindemann GmbH,tacke + lindemann
Tactonom: Sensing the Way,tactonom: sensing the way
Tafel Deutschland & Tafel-Akademie,tafel tafel akademie
Tageklinik konservative Orthopädie,tageklinik konservative orthopädie
Tajana,tajana
Takasago,takasago
Takasago Europe GmbH,takasago europe
Takeda Pharma Vertrieb GmbH & Co. KG,takeda pharma vertrieb co kg
Takjas,takjas
Taktikfreunde 73,taktikfreunde 73
Talamirenasa,talamirenasa
TalentRocket GmbH,talentrocket
Talixo,talixo
Tamaris by Solaris,tamaris by solaris
Tanisha,tanisha
Tanja Balletshofer,tanja balletshofer
Tanja Behrens,tanja behrens
Tankmüller,tankmüller
Tastenexpress-Fam,tastenexpress fam
Tata Steel Hille & Müller GmbH,tata steel hille müller
Tatjana,tatjana
Tatort Tempo,tatort tempo
Tattersall-Lorenz Immobilienmanagement GmbH,tattersall lorenz immobilienmanagement
TauRes,taures
Taunus-Schule,taunus schule
Tax us if you can,tax us if you can
Taxperten,taxperten
Taylor Wessing,taylor wessing
Tchibo Beans 2024,tchibo beans 2024
Tea Runner`s,tea runner`s
TealAhoi,tealahoi
Team,team
Team (R)Evolution,team (r)evolution
Team 112,team 112
Team 2023,team 2023
Team @ Work,team @ work
Team A.v.H.,team a v h
Team ALDI WEYHE,team aldi weyhe
Team AMEVIDA,team amevida
Team ANDUS ELECTRONIC,team andus electronic
Team ARQIS,team arqis
Team ASTRACON,team astracon
Team AVIA,team avia
Team AVM,team avm
Team AWO im Kreis Heinsberg,team awo im kreis heinsberg
Team Abis,team abis
Team Adtran,team adtran
Team Akazienhof,team akazienhof
Team Aktiv 1-2-3,team aktiv 1 2 3
Team Allos,team allos
Team Alterric,team alterric
Team Amgen,team amgen
Team Andersen,team andersen
Team Anushka und Mary,team anushka und mary
Team Aperol Sprint,team aperol sprint
Team Artellium,team artellium
Team Arthrex,team arthrex
Team Arvena Hotels,team arvena hotels
Team Asahi,team asahi
Team Asseco,team asseco
Team Audible,team audible
Team Augenpraxiswest,team augenpraxiswest
Team Autobahn,team autobahn
Team AxFlow,team axflow
Team BD Angiomed,team bd angiomed
Team BF Potsdam,team bf potsdam
Team BG Verkehr,team bg verkehr
Team BGZ,team bgz
Team BLANDFORT,team blandfort
Team BSG DEVK,team bsg devk
Team BT,team bt
Team BUHLMANN RFS,team buhlmann rfs
Team BUWOG,team buwog
Team BVS,team bvs
Team BVV,team bvv
Team Bad Krozingen,team bad krozingen
Team Badenhop,team badenhop
Team Baker Tilly Düsseldorf,team baker tilly düsseldorf
Team Balluff,team balluff
Team Barrel,team barrel
Team Baumpflege,team baumpflege
Team Behn Steuerberatung,team behn steuerberatung
Team Bernstein,team bernstein
Team Beverage AG,team beverage
Team Bez Nazwy,team bez nazwy
Team Biengen,team biengen
Team Binser,team binser
Team Bobath,team bobath
Team Bodystreet,team bodystreet
Team Bolero,team bolero
Team Bosenberg,team bosenberg
Team Brauco,team brauco
Team Buchpark,team buchpark
Team Bundeswehr,team bundeswehr
Team Bär,team bär
Team CGM,team cgm
Team CGM CLINICAL,team cgm clinical
Team CGN,team cgn
Team CJW,team cjw
Team CLIMATE,team climate
Team CR3,team cr3
Team CarGarantie,team cargarantie
Team Catella,team catella
Team Cellex,team cellex
Team Charlotte,team charlotte
Team Citylight,team citylight
Team Coelho,team coelho
Team Concordia,team concordia
Team Convini,team convini
Team Corall,team corall
Team DAV,team dav
Team DBS,team dbs
Team DRF Luftrettung,team drf luftrettung
Team DRK,team drk
Team DRVN,team drvn
Team DVA/BWV,team dva/bwv
Team DZ BANK,team dz bank
Team Dachser,team dachser
Team Delica,team delica
Team Deloro,team deloro
Team Delticom,team delticom
Team Dental,team dental
Team DeutschlandCard,team deutschlandcard
Team DiaSys,team diasys
Team DocWagner,team docwagner
Team Doppler,team doppler
Team Dortmund,team dortmund
Team Dr. Vogt,team dr vogt
Team Druckluft Könitzer,team druckluft könitzer
Team Dörries Yachts,team dörries yachts
Team E&Z,team e z
Team EBKA,team ebka
Team ECP,team ecp
Team EEP,team eep
Team EGroupware,team egroupware
Team EKuJO,team ekujo
Team ESTB,team estb
Team EY,team ey
Team Eberhard,team eberhard
Team Ehrenbreitstein parkrun,team ehrenbreitstein parkrun
Team Eichdirektion Nord,team eichdirektion nord
Team Eisbär,team eisbär
Team Elli Oil,team elli oil
Team Elpro,team elpro
Team Emonsianer,team emonsianer
Team Empolis,team empolis
Team Encore,team encore
Team Endriss,team endriss
Team Erdinger,team erdinger
Team Erlangen,team erlangen
Team Erler,team erler
Team Erneuerbare,team erneuerbare
Team Eticor,team eticor
Team Eurofins Umwelt West,team eurofins umwelt west
Team Evi,team evi
Team FAHL,team fahl
Team FAW,team faw
Team FCO,team fco
Team FIRU,team firu
Team FISCHER,team fischer
Team FPS,team fps
Team FRITZ,team fritz
Team FUNKE,team funke
Team Faltin,team faltin
Team Fazio,team fazio
Team Finance,team finance
Team Finbridge NRW,team finbridge nrw
Team Fleischhauer,team fleischhauer
Team Fliesenzentrum Canizzo,team fliesenzentrum canizzo
Team Forum,team forum
Team Forward,team forward
Team Frankfurt Oder,team frankfurt oder
Team Frauengesundheit,team frauengesundheit
Team Freiberger,team freiberger
Team Fressle,team fressle
Team Fritsch,team fritsch
Team Funk,team funk
Team Funny Runners,team funny runners
Team GAULY Berlin,team gauly berlin
Team GB,team gb
Team GEERS,team geers
Team GEKA,team geka
Team GHW,team ghw
Team GIM,team gim
Team GKBP-Köln,team gkbp köln
Team GNius,team gnius
Team GRUMA,team gruma
Team Gehirnjogging,team gehirnjogging
Team Gesundheitswerk,team gesundheitswerk
Team GfA / Kolb,team gfa / kolb
Team GiB & AZH,team gib azh
Team GiD,team gid
Team Gielissen,team gielissen
Team Gienger,team gienger
Team Gienger & Funk,team gienger funk
Team Givaudan Baierbrunn,team givaudan baierbrunn
Team GloreSoft,team gloresoft
Team Goethe,team goethe
Team Granzow,team granzow
Team H - Hauptsache durch,team h hauptsache durch
Team HDI,team hdi
Team HGK,team hgk
Team HHV,team hhv
Team HPS,team hps
Team HR Path Germany,team hr path germany
Team HWS,team hws
Team Hagen,team hagen
Team Hamburg,team hamburg
Team HandStand,team handstand
Team Handwerk,team handwerk
Team Handwerkskammer,team handwerkskammer
Team HanseMerkur,team hansemerkur
Team Haster,team haster
Team Haus Margarete,team haus margarete
Team Haus am See,team haus am see
Team Hebamme,team hebamme
Team Hecht,team hecht
Team Hecom,team hecom
Team Hegemann-Reiners,team hegemann reiners
Team Herten,team herten
Team Herzraser,team herzraser
Team Heuser,team heuser
Team Hoch,team hoch
Team Hochspannung,team hochspannung
Team Hopmann,team hopmann
Team Huissel,team huissel
Team Häußler & Partner,team häußler partner
Team Höber GmbH,team höber
Team IB Südbaden,team ib südbaden
Team IG Metall,team ig metall
Team IGK,team igk
Team IKEA FREIBURG,team ikea freiburg
Team IKS,team iks
Team ITC Logistic,team itc logistic
Team IWK,team iwk
Team Inklusion,team inklusion
Team Innoface,team innoface
Team Innomotics,team innomotics
Team Innovabee,team innovabee
Team Intelizign,team intelizign
Team Interchalet,team interchalet
Team Interflex,team interflex
Team Intrabit,team intrabit
Team Irlenbusch,team irlenbusch
Team JOCO,team joco
Team JSWD BLN,team jswd bln
Team JSWD CGN,team jswd cgn
Team Jazz Germany,team jazz germany
Team JeTi :-),team jeti : )
Team Jenbacher Nürnberg,team jenbacher nürnberg
Team Johnny,team johnny
Team Jumu,team jumu
Team Justiz,team justiz
Team K,team k
Team KAYAK,team kayak
Team KETEK,team ketek
Team KGI,team kgi
Team KJS,team kjs
Team KJSW,team kjsw
Team KNF - Pump It Up,team knf pump it up
Team KONE,team kone
Team KVJS,team kvjs
Team KZBV,team kzbv
Team KZVK,team kzvk
Team KaRo,team karo
Team Kalli,team kalli
Team Kanzlei BBK,team kanzlei bbk
Team Kanzlei Schulze-Borges,team kanzlei schulze borges
Team Kasper,team kasper
Team Kelvion,team kelvion
Team Kerck,team kerck
Team Kerry,team kerry
Team Kienast Unternehmensgruppe,team kienast unternehmensgruppe
Team Kisyna,team kisyna
Team Klemm und Frank,team klemm und frank
Team Kohlhauer,team kohlhauer
Team Kraus & Naimer,team kraus naimer
Team Kroschke,team kroschke
Team KulturKaufhaus,team kulturkaufhaus
Team Köln,team köln
Team Küttner,team küttner
Team LBB Koblenz,team lbb koblenz
Team LBV,team lbv
Team LEAN,team lean
Team LEDVANCE,team ledvance
Team LUTZ,team lutz
Team LWL,team lwl
Team Land NRW,team land nrw
Team Langendreer,team langendreer
Team Langnese Honig,team langnese honig
Team Laufcampus,team laufcampus
Team Laufladen,team laufladen
Team Lechler,team lechler
Team LeftLane,team leftlane
Team Leinemann,team leinemann
Team Leiterplatte,team leiterplatte
Team Lesora,team lesora
Team Lewis,team lewis
Team Lichterschatten,team lichterschatten
Team Lidl Eggolsheim,team lidl eggolsheim
Team Linde-Run,team linde run
Team Lippe,team lippe
Team Loretto & St. Josefs,team loretto st josefs
Team Luther München,team luther münchen
Team LuxTek,team luxtek
Team MASEVEN,team maseven
Team MBK,team mbk
Team MEDIAN Grünheide,team median grünheide
Team MERH-IP,team merh ip
Team MGZ,team mgz
Team MHB,team mhb
Team MMC,team mmc
Team MRM,team mrm
Team MSE,team mse
Team MVTec,team mvtec
Team MWAY,team mway
Team Mabuchi,team mabuchi
Team Magnetic,team magnetic
Team Malle,team malle
Team Mana,team mana
Team Marktkauf,team marktkauf
Team Marriott Int. Potsdamer Platz,team marriott int potsdamer platz
Team Masterflex,team masterflex
Team Med-Quartier,team med quartier
Team Medius,team medius
Team Mila,team mila
Team Minerva,team minerva
Team Monolithic Power Systems (MPS),team monolithic power systems (mps)
Team Montessori,team montessori
Team Morten,team morten
Team Moskovskaya,team moskovskaya
Team Motschekiebche,team motschekiebche
Team Mubea Aerostructures,team mubea aerostructures
Team Munich,team munich
Team Murtfeldt,team murtfeldt
Team Mövenpick,team mövenpick
Team Münch,team münch
Team München,team münchen
Team N &W,team n w
Team NAL,team nal
Team NRW.URBAN,team nrw urban
Team Natürlich Reisen,team natürlich reisen
Team Neighborfoot,team neighborfoot
Team Nero,team nero
Team Netflix - Now Running,team netflix now running
Team Neunkirchen,team neunkirchen
Team Nicolai,team nicolai
Team Nord,team nord
Team Nürnberg,team nürnberg
Team O&H,team o h
Team O-I,team o i
Team OETJEN,team oetjen
Team Ocean Breeze,team ocean breeze
Team Odenwäller,team odenwäller
Team On Fire,team on fire
Team Oranje,team oranje
Team P.W.S. Architekten,team p w s architekten
Team PABF / NKG,team pabf / nkg
Team PATRONAS,team patronas
Team PDW,team pdw
Team PER,team per
Team PGS,team pgs
Team PIN AG,team pin
Team Parey,team parey
Team Pelka,team pelka
Team Performance,team performance
Team Pia,team pia
Team Plan 3,team plan 3
Team Plating,team plating
Team Poersch,team poersch
Team PreOmics,team preomics
Team Pressewerk,team pressewerk
Team Prinz,team prinz
Team Pro Sky,team pro sky
Team ProSecur,team prosecur
Team Prodinger,team prodinger
Team Prosegur Nürnberg,team prosegur nürnberg
Team Puetter,team puetter
Team Purple,team purple
Team Q-FOX(R),team q fox(r)
Team Q-FOX®,team q fox®
Team Quanos,team quanos
Team Qwantix,team qwantix
Team R+V,team r+v
Team RECKLI,team reckli
Team RHB Hannover,team rhb hannover
Team RKW,team rkw
Team RMMV,team rmmv
Team RU,team ru
Team RWM GmbH & Co. KG,team rwm co kg
Team Radi,team radi
Team Raiffeisenbank Kaiserstuhl eG,team raiffeisenbank kaiserstuhl eg
Team Ramstein,team ramstein
Team Ray Events,team ray events
Team Recosyn,team recosyn
Team Remagen,team remagen
Team Residenz Gruppe,team residenz gruppe
Team Retterspitz,team retterspitz
Team Riedl,team riedl
Team Riesener,team riesener
Team Robert,team robert
Team Rochus,team rochus
Team Rockwool,team rockwool
Team Rollfink Nijssen,team rollfink nijssen
Team Roloff- Baukultur,team roloff baukultur
Team Romaco Karlsruhe,team romaco karlsruhe
Team Romaco Pharmatechnik,team romaco pharmatechnik
Team Rommerskirchen,team rommerskirchen
Team Roos Bau vom Hochsimmer,team roos bau vom hochsimmer
Team Rosa,team rosa
Team Ruf,team ruf
Team Röntgenpraxis Georgstrasse,team röntgenpraxis georgstrasse
Team SAM,team sam
Team SBP,team sbp
Team SCHAUENBURG,team schauenburg
Team SCHÖLLY,team schölly
Team SEE,team see
Team SETLabs Research,team setlabs research
Team SOPHIE,team sophie
Team SP,team sp
Team SPITZWEG,team spitzweg
Team STAUDI,team staudi
Team STD,team std
Team SUSS MicroTec,team suss microtec
Team SYNERGIE,team synergie
Team Saarschleife,team saarschleife
Team Salihi,team salihi
Team Salm,team salm
Team Sarah,team sarah
Team Schadstoff,team schadstoff
Team Schalke 04,team schalke 04
Team Schaltbau,team schaltbau
Team Schaub,team schaub
Team Schiffer,team schiffer
Team Schirra keep on runing,team schirra keep on runing
Team Schnecke,team schnecke
Team Schnittholz,team schnittholz
Team Scholz & Friends,team scholz friends
Team Schorle,team schorle
Team Schunn,team schunn
Team Schwarz,team schwarz
Team ScriptRunner,team scriptrunner
Team Seapoint,team seapoint
Team Sebastian Wehrle & friends,team sebastian wehrle friends
Team Secat,team secat
Team Secon,team secon
Team Sedo,team sedo
Team Seitz,team seitz
Team Senacor,team senacor
Team Siemtje,team siemtje
Team Slo-Mo,team slo mo
Team Sonne,team sonne
Team Sozial,team sozial
Team Spaß,team spaß
Team Special Olympics,team special olympics
Team Sportscheck,team sportscheck
Team Sprenker & Röder + MSI,team sprenker röder + msi
Team St. Elisabeth Klinik,team st elisabeth klinik
Team Staaken,team staaken
Team Stadibau,team stadibau
Team StadtWerke Rösrath,team stadtwerke rösrath
Team Steigenberger,team steigenberger
Team Steuerflucht,team steuerflucht
Team Steuern,team steuern
Team Straubenhardt,team straubenhardt
Team Straumann,team straumann
Team Stüken,team stüken
Team Sunvigo,team sunvigo
Team THOST,team thost
Team TITANIC Hotel Berlin,team titanic hotel berlin
Team TRUST,team trust
Team TWRS GmbH,team twrs
Team Team,team team
Team Techniker Krankenkasse Dortmund,team techniker krankenkasse dortmund
Team Tequila-Turbo,team tequila turbo
Team Theralingua,team theralingua
Team TiHo Hannover,team tiho hannover
Team Tierphysiotherapie Molina,team tierphysiotherapie molina
Team Titanic,team titanic
Team Together Ahead,team together ahead
Team Tout Terrain,team tout terrain
Team Turbo,team turbo
Team Turkenburg,team turkenburg
Team Töns,team töns
Team Uebler,team uebler
Team Ungewitter,team ungewitter
Team Uniplan,team uniplan
Team VDW,team vdw
Team VERBI,team verbi
Team VG Dierdorf,team vg dierdorf
Team VG-KA,team vg ka
Team VGF,team vgf
Team VKKD,team vkkd
Team VNP,team vnp
Team VOM e.V.,team vom e v
Team Vanessa,team vanessa
Team Vedder,team vedder
Team Vegavero,team vegavero
Team Verified,team verified
Team Verivox,team verivox
Team Verti,team verti
Team Vibracoustic Neuenburg,team vibracoustic neuenburg
Team Vielfalt,team vielfalt
Team Vielfalt (Diakonie),team vielfalt (diakonie)
Team Villa,team villa
Team Voerde ENDO-FLEX,team voerde endo flex
Team Vogt,team vogt
Team Volkmann,team volkmann
Team WPM-Ingenieure,team wpm ingenieure
Team WSP,team wsp
Team WUD,team wud
Team Wadenkrampf,team wadenkrampf
Team Wagi,team wagi
Team Walby,team walby
Team Warner,team warner
Team Waschbär,team waschbär
Team Wasem,team wasem
Team Waterland,team waterland
Team Werner,team werner
Team West,team west
Team Whopper,team whopper
Team Wiegers,team wiegers
Team Wolff,team wolff
Team Wolfshöhe,team wolfshöhe
Team WortReich,team wortreich
Team YAKULT,team yakult
Team ZGZ,team zgz
Team ZO,team zo
Team ZSP Patentanwälte,team zsp patentanwälte
Team Zitrone,team zitrone
Team Zoar,team zoar
Team Zukunft gemeinsam gestalten,team zukunft gemeinsam gestalten
Team aconium,team aconium
Team arano group,team arano
Team arelium,team arelium
Team bibo Tragwerksplanung,team bibo tragwerksplanung
Team bonett,team bonett
Team ce:co,team ce:co
Team censhare - CenRunners,team censhare cenrunners
Team cloudpunks,team cloudpunks
Team conuno,team conuno
Team corvo,team corvo
Team crossconsulting,team crossconsulting
Team dbb DLZ Süd,team dbb dlz süd
Team dm,team dm
Team doubleSlash,team doubleslash
Team düsselfibre,team düsselfibre
Team eccelerate,team eccelerate
Team empower,team empower
Team eneo Elements,team eneo elements
Team focus,team focus
Team foodloose,team foodloose
Team für Technik - Karlsruhe,team für technik karlsruhe
Team good healthcare group,team good healthcare
Team hartech,team hartech
Team ibs,team ibs
Team inno-spec,team inno spec
Team mecom - with satellite support,team mecom with satellite support
Team medi & CEP,team medi cep
Team mentec,team mentec
Team mhplus Ladies,team mhplus ladies
Team mit Klasse(n)-Ein KLASSE(N)TEAM,team mit klasse(n) ein klasse(n)team
Team noris network,team noris network
Team novaCapta,team novacapta
Team on-wert,team on wert
Team secat,team secat
Team telegra,team telegra
Team temps,team temps
Team tetys,team tetys
Team timeout,team timeout
Team ver.di,team ver di
Team visioncheckout,team visioncheckout
Team voiio,team voiio
Team von Kathen,team von kathen
Team wiko,team wiko
Team zigzag,team zigzag
Team-Building,team building
Team-Burgi,team burgi
Team-Dialyse,team dialyse
Team-GSKH,team gskh
Team-Performer,team performer
Team-Pröchel,team pröchel
Team-Unal,team unal
Team75 Motorsport GmbH,team75 motorsport
TeamBank AG,teambank
TeamClemi,teamclemi
TeamCon,teamcon
TeamDoubleTrouble,teamdoubletrouble
TeamGymondo,teamgymondo
TeamNexperia,teamnexperia
TeamSpeed,teamspeed
TeamTheke,teamtheke
Team_MHL,team_mhl
Teamfit & Horizon Alpha,teamfit horizon alpha
Teamgeist hochdosiert - sk-Apotheken,teamgeist hochdosiert sk apotheken
Teamläufer,teamläufer
Teampower Norma,teampower norma
Teamsport Philipp SAAR,teamsport philipp saar
TecAlliance,tecalliance
TecAlliance GmbH,tecalliance
TechniData IT AG,technidata it
Technica Engineering GmbH,technica engineering
Techniker Krankenkasse,techniker krankenkasse
Technilog,technilog
Technilog Ludwigsfelde,technilog ludwigsfelde
TechnipFMC,technipfmc
Technische Universität Nürnberg,technische universität nürnberg
Technolas Perfect Vision GmbH,technolas perfect vision
Teckslot,teckslot
Tecnotion GmbH,tecnotion
Tectrion,tectrion
Teddy,teddy
Teilchen - Beschleuniger,teilchen beschleuniger
Teilhabe 2.0,teilhabe 2 0
Teilprojekt Sport,teilprojekt sport
Tekaris GmbH,tekaris
Teko,teko
Teko - Running Team,teko running team
Tektoplan,tektoplan
TeleSys Kommunikationstechnik GmbH,telesys kommunikationstechnik
Telefonbuch Verlag Hans Müller GmbH & Co. KG,telefonbuch verlag hans müller co kg
Telegärtner,telegärtner
Telekonnekt Tempo Titans,telekonnekt tempo titans
Telelift GmbH,telelift
TelemaxX Telekommunikation GmbH,telemaxx telekommunikation
Telemetrie Elektronik,telemetrie elektronik
Teleperformance Berlin 1,teleperformance berlin 1
Telis Finanz AG Manfred Offergeld,telis finanz manfred offergeld
Telluride,telluride
Telonic Bodyguards,telonic bodyguards
Telonic GmbH,telonic
Tem Innovations GmbH,tem innovations
Tempton Nürnberg Laufgruppe,tempton nürnberg laufgruppe
TenneT,tennet
Tennet TSO GmbH,tennet tso
Tennis-Point GmbH,tennis point
Ter Meer Steinmeister & Partner,ter meer steinmeister partner
Terma Team-München,terma team münchen
Ternus & Ternus SteuerberatungsGmbH,ternus ternus steuerberatungsgmbh
Terra KVG,terra kvg
Terra Naturkost,terra naturkost
TerraRun,terrarun
TerraVista,terravista
Terrafinanz Wohnbau GmbH & Co. KG,terrafinanz wohnbau co kg
Terrag,terrag
Terranus GmbH,terranus
Tesla Automation GmbH,tesla automation
Tesla Engineering Germany GmbH,tesla engineering germany
"Test Fuchs, Ing. Fritz Fuchs GmbH",test fuchs ing fritz fuchs
Testberichte.de,testberichte de
Testlauf,testlauf
Testo Industrial Services GmbH,testo industrial services
Tetra Pak Processing GmbH,tetra pak processing
Tetra Pak Runners,tetra pak runners
Tettau-Entschieden-für-Erneuerbare,tettau entschieden für erneuerbare
Textron eAviation,textron eaviation
Tgr-e,tgr e
Thai Food 2 Restaurants,thai food 2 restaurants
Thales,thales
Thalia Booklovers,thalia booklovers
Thamm Catering GmbH,thamm catering
The Alex Hotel,the alex hotel
The Alex Hotel GmbH,the alex hotel
The Berlin Lion,the berlin lion
The Blue Way,the blue way
The Boston Consulting Group GmbH,the boston consulting
The Boutique Agency,the boutique agency
The Box Office Blitzers,the box office blitzers
The Chicas,the chicas
The Consulting4IT Endurance Crew,the consulting4it endurance crew
The Corrs,the corrs
The Cyber Runners,the cyber runners
The Data Protectors,the data protectors
The Discount Gang,the discount gang
The Drivengers,the drivengers
The Exploration Company,the exploration company
The Exploration Company GmbH,the exploration company
The Extra Milers,the extra milers
The FUn GROup Runners,the fun runners
The Fabulous 4,the fabulous 4
The Fantastic Four,the fantastic four
The Faro's,the faro's
The Fast Flow Meters,the fast flow meters
The Five Flyers,the five flyers
The Flying Pirol,the flying pirol
The Gap Partnership,the gap partnership
The HQSprinters,the hqsprinters
The Hartmans,the hartmans
The Hotellistars,the hotellistars
The IKORians,the ikorians
The Lorenz Bahlsen Snack-World GmbH & Co KG Germany,the lorenz bahlsen snack world co kg germany
The Lost Wallets,the lost wallets
The Marvels,the marvels
The MathWorks GmbH,the mathworks
The Mobility House,the mobility house
The Mobility House #zerozero,the mobility house #zerozero
The Mobility House GmbH,the mobility house
The Perfect Fit,the perfect fit
The Pipeline Runners,the pipeline runners
The Power Behind Power,the power behind power
The Power of Running People,the power of running people
The Powerpuff Girls,the powerpuff girls
The Pulse of Beauty,the pulse of beauty
The Railroad Runners,the railroad runners
The Remote Runners,the remote runners
The Running Credits,the running credits
The Running Gag,the running gag
The Running Matrix,the running matrix
The Seven Musketeers,the seven musketeers
The Sleep Runners,the sleep runners
The Snuggies!!!,the snuggies!!!
The Sprint(ers),the sprint(ers)
The Steady Runners,the steady runners
The Sump Runners,the sump runners
The Team,the team
The Turbo Engineers,the turbo engineers
The Winners,the winners
The fast walkers,the fast walkers
The power of people,the power of people
The way of freshness,the way of freshness
The Ämt Freiburg,the ämt freiburg
Theater&Berge,theater berge
Theobald + Partner Ingenieure,theobald + partner ingenieure
Theodor Rietmann GmbH,theodor rietmann
Therapeuticum Gehrden,therapeuticum gehrden
Theraphysia,theraphysia
Therapie Company,therapie company
Therapie OK,therapie ok
Therapie mit Konzept,therapie mit konzept
Therapiezentrum Durlach,therapiezentrum durlach
Therapiezentrum Wildnauer,therapiezentrum wildnauer
Theresienheim,theresienheim
Thermische Löser,thermische löser
Thermo Electron (Karlsruhe) GmbH,thermo electron (karlsruhe)
Thermo Fisher Scientific,thermo fisher scientific
Thermoquell Börner GmbH & Co.,thermoquell börner co
ThermoquellPro,thermoquellpro
Thieme,thieme
Thieme Compliance,thieme compliance
Thimmel & Partner Rechtsanwälte,thimmel partner rechtsanwälte
Think Blue,think blue
Third of Life GmbH,third of life
Tholles Team,tholles team
Thomas,thomas
Thomas GmbH,thomas
Thomas Grüßen,thomas grüßen
Thomas Hahnel,thomas hahnel
Thomas Heitmann Installationen,thomas heitmann installationen
Thomas Hollstein,thomas hollstein
Thorlabs GmbH,thorlabs
Thorwart,thorwart
Thorwart Rechtsanwälte Steuerberater Wirtschaftsprüfer Partnerschaft mbB,thorwart rechtsanwälte steuerberater wirtschaftsprüfer partnerschaft mbb
Threat Hunters on the Run,threat hunters on the run
Three Solutions GbR,three solutions gbr
Thuasne Runner,thuasne runner
Thum Patent Runners,thum patent runners
Thyssengas,thyssengas
Thyssengas GmbH,thyssengas
Thüga,thüga
Thüga Aktiengesellschaft,thüga aktiengesellschaft
TiMaSiKa,timasika
Tick,tick
Tiefbauamt Bauverwaltung,tiefbauamt bauverwaltung
Tierarztpraxis Hilgers,tierarztpraxis hilgers
Tierarztpraxis Jamann,tierarztpraxis jamann
Tierarztpraxis Timmermann und Ternes,tierarztpraxis timmermann und ternes
Tierarztpraxis am Dorney,tierarztpraxis am dorney
Tierheim Nürnberg,tierheim nürnberg
Tierverhalten Heike Blisch,tierverhalten heike blisch
Tigerherz,tigerherz
Till Heyer,till heyer
"Till rennt, Tia lenkt",till rennt tia lenkt
Tillmann Wellpappe,tillmann wellpappe
Tilman,tilman
Tim,tim
Timetraveller,timetraveller
Timken/Rollon,timken/rollon
Timo,timo
Timo Meine,timo meine
Timur Cherepanov,timur cherepanov
Tivian XI Runners,tivian xi runners
To Fast for You,to fast for you
Tobias Bünsow,tobias bünsow
Together we can,together we can
Token - The Open Banking Striders,token the open banking striders
Token GmbH,token
Tokio Marine Europe S.A.,tokio marine europe s a
Toll4Europe,toll4europe
Toll4Europe GmbH,toll4europe
Tom,tom
Too Cool,too cool
Topcom,topcom
Topos Team,topos team
Topsonic,topsonic
Torden Gard Alpakas,torden gard alpakas
Torhorstgesamtschule,torhorstgesamtschule
Torpedo Gruppe,torpedo gruppe
Torqeedo,torqeedo
Torqeedo GmbH,torqeedo
Torqies,torqies
Torque Tornados,torque tornados
Toshiba,toshiba
Total Walther GmbH,total walther
TotalEnergies,totalenergies
TotalEnergies Marketing Deutschland GmbH,totalenergies marketing
Totalschaden,totalschaden
TouchGoal,touchgoal
Tourismus Zentrale Saarland,tourismus zentrale saarland
TowaRA:Arbeitsrecht,towara:arbeitsrecht
Toyota Boshoku,toyota boshoku
Toyota Boshoku Europe,toyota boshoku europe
Toyota GAZOO RACING,toyota gazoo racing
Toyota Gazoo Racing Europe GmbH,toyota gazoo racing europe
Toyota Material Handling,toyota material handling
TraXall,traxall
Track,track
TrackPiloten,trackpiloten
Tractebel Hydroprojekt GmbH,tractebel hydroprojekt
Traffective GmbH,traffective
Trail Blazers,trail blazers
Trailerhaus OnAir GmbH,trailerhaus onair
TrainRunner,trainrunner
TransRegio,transregio
Transdev GmbH,transdev
Transfer Partners,transfer partners
Transporeon Berlin,transporeon berlin
Transport Express Schmidt GmbH,transport express schmidt
Trauerhilfe Stier OHG,trauerhilfe stier ohg
Trautl Sticher-Rapp,trautl sticher rapp
Travian Games GmbH,travian games
Trebbau direct media,trebbau direct media
Trebbauianer,trebbauianer
Trei,trei
Tremonia Mobility,tremonia mobility
Tremonia Mobility GmbH,tremonia mobility
Trench,trench
Trenchie Runners,trenchie runners
Tretter-Motion,tretter motion
Treuenfels,treuenfels
Treuhand Hannover GmbH,treuhand hannover
Treuhand Hannover NL München,treuhand hannover nl münchen
Treuhand Hannover StB und WP NL Ddf,treuhand hannover stb und wp nl ddf
Treuhandwest GmbH,treuhandwest
Tri-Team-Heitersheim,tri team heitersheim
TriFinance,trifinance
Tria Technologies,tria technologies
Tria Technologies GmbH,tria technologies
Trianel GmbH,trianel
Tribute von nerdware,tribute von nerdware
Trick,trick
Tridelta Magnetic's,tridelta magnetic's
Trimble Runners,trimble runners
Trimble Terrasat GmbH,trimble terrasat
Trio Infernale,trio infernale
Triplan Laufteam,triplan laufteam
Triplan Runners,triplan runners
Triple Speed,triple speed
Triumph,triumph
Trivago,trivago
Trolli - Let the fun win.,trolli let the fun win
Trolli GmbH,trolli
Truck Turbos,truck turbos
True & Fair Kosmetik GmbH,true fair kosmetik
True & Fair Runners,true fair runners
Truma Gerätetechnik GmbH & Co. KG,truma gerätetechnik co kg
Truma Gerätetechnik GmbH und Co. KG,truma gerätetechnik und co kg
TrustStone Software,truststone software
TrustYou,trustyou
Trusted Shops,trusted shops
Trusted Shops AG,trusted shops
Trusted Shops SE,trusted shops
Trustedshops,trustedshops
Tröster Gmbh,tröster
Ts Runner,ts runner
Tschach Solutions GmbH,tschach solutions
Tsurumi,tsurumi
Tubulis GmbH,tubulis
Tunnelbauer,tunnelbauer
TurboTec,turbotec
Turboschnecken,turboschnecken
Turmbau Steffens & Nölle GmbH,turmbau steffens nölle
Turner & Teamwork,turner teamwork
Turner & Townsend,turner townsend
Turner & Townsend GmbH,turner townsend
Tutao GmbH,tutao
Twilio Owls,twilio owls
Twins Digital,twins digital
Tyco Electronics Raychem GmbH - TE Connectivity,tyco electronics raychem te connectivity
TÜV AUSTRIA,tüv austria
TÜV NORD GROUP,tüv nord
TÜV NORD SofortGutachter,tüv nord sofortgutachter
TÜV Rheinland,tüv rheinland
TÜV Rheinland Läufer,tüv rheinland läufer
TÜV Rheinland München,tüv rheinland münchen
TÜV Rheinland Sportgemeinschaft,tüv rheinland sportgemeinschaft
TÜV SÜD,tüv süd
TÜV SÜD AG,tüv süd
TÜV SÜD Advimo GmbH,tüv süd advimo
TÜV SÜD Akademie Gmbh,tüv süd akademie
TÜV SÜD IS Freiburg,tüv süd is freiburg
TÜV SÜD Industrie Service GmbH,tüv süd industrie service
TÜV Süd Life Service,tüv süd life service
TÜV-Rheinland Team,tüv rheinland team
U2D,u2d
U2D Runners,u2d runners
U2D | up2date solutions GmbH,u2d | up2date solutions
UC us at the finish line,uc us at the finish line
UCDS läuft,ucds läuft
UCI Düsseldorf,uci düsseldorf
UDG,udg
UFA,ufa
UFC läuft,ufc läuft
UIA - United In Action,uia united in action
UKB,ukb
UKE-Informationstechnologie,uke informationstechnologie
UKK-Zentrallabor-vdla,ukk zentrallabor vdla
UKT,ukt
UKV und SAARLAND Versicherungen,ukv und saarland versicherungen
UKV und Saarland-Versicherungen,ukv und saarland versicherungen
UKV und Saarland-Versicherungnen,ukv und saarland versicherungnen
ULVAC GmbH,ulvac
ULtra-Lauf-ChaMPs,ultra lauf champs
UNBOUND MEDIA GmbH,unbound media
UNI ELEKTRO Fachgroßhandel,uni elektro fachgroßhandel
UNICEF,unicef
UNICEPTA Data Dynamos,unicepta data dynamos
UNIELEKTRO Limburg,unielektro limburg
UNITY,unity
UNITY Innovation Alliance Hamburg,unity innovation alliance hamburg
UNITY SpeedForce,unity speedforce
UNO MINDA Systems GmbH,uno minda systems
UO,uo
UPLINK,uplink
UPS,ups
USAMMC-E,usammc e
UTC Runners,utc runners
UTN,utn
UUB Schwan GmbH,uub schwan
Ubica Robotics,ubica robotics
Ugur,ugur
Uhde Hagen high speed runner,uhde hagen high speed runner
Uhde Inventa-Fischer,uhde inventa fischer
Uhde Inventa-Fischer GmbH,uhde inventa fischer
Uhde high speed runner,uhde high speed runner
Uhlhorn GmbH,uhlhorn
Uhlmann & Ludewig GmbH,uhlmann ludewig
Uhlmann Solar,uhlmann solar
UiPath,uipath
"Ullrich, Kraus & Partner",ullrich kraus partner
Ulrike,ulrike
Ultra Höhnis,ultra höhnis
Ultra Precision Runners,ultra precision runners
Ultramarin,ultramarin
Ultrasonic runners - Luma Vision,ultrasonic runners luma vision
Umordnung,umordnung
Unabhängige Dillinger,unabhängige dillinger
Unfallkasse Baden-Württemberg,unfallkasse baden württemberg
Unfallkasse NRW,unfallkasse nrw
Unfallkasse Saarland,unfallkasse saarland
Uni Düsseldorf - Economics,uni düsseldorf economics
Uni Düsseldorf - Monetäre Ökonomik,uni düsseldorf monetäre ökonomik
UniCredit,unicredit
UniCredit Bank GmbH,unicredit bank
UniCredit Direct Services GmbH,unicredit direct services
UniCredit Running,unicredit running
Unic GmbH Deutschland,unic
Unic Karlsruhe,unic karlsruhe
Unic München,unic münchen
Unicorn United,unicorn united
Unicorn Workspaces GmbH,unicorn workspaces
Unicredit Bank AG,unicredit bank
Unilever,unilever
Unioncrew,unioncrew
Unique land use,unique land use
Uniserv-it GbR,uniserv it gbr
Unite,unite
Unite Services GmbH & Co.KG,unite services co kg
United,united
United Parcel Service (UPS),united parcel service (ups)
United Physio,united physio
Universal Music,universal music
Universität Augsburg,universität augsburg
Universitätsklinikum Düsseldorf,universitätsklinikum düsseldorf
Unleash Orbem Run Power,unleash orbem run power
Unmüssig Runner’s,unmüssig runner’s
Unser Zug hat keine Bremse!,unser zug hat keine bremse!
Unsere Grüne Glasfaser,unsere grüne glasfaser
Unstoppable,unstoppable
Unternehmen WGV,unternehmen wgv
Unternehmensgruppe Dr. Eckert,unternehmensgruppe dr eckert
Unternehmensgruppe Lürssen,unternehmensgruppe lürssen
Unternehmensgruppe Schwabe,unternehmensgruppe schwabe
Unternehmensverbände Bremen,unternehmensverbände bremen
Untis Niedersachsen,untis niedersachsen
Unzer,unzer
Up Fit Creek,up fit creek
Uppsala,uppsala
UrBestSelfies,urbestselfies
Urban Runners,urban runners
Urban Sportsclub,urban sportsclub
Urban Tech Runners,urban tech runners
Uriach,uriach
Urologie am Isartor,urologie am isartor
Uschi Runners,uschi runners
Usercentrics GmbH,usercentrics
Userlutions GmbH,userlutions
Usinger TSG,usinger tsg
Utopia,utopia
Utopia GmbH,utopia
Uwe Anter,uwe anter
V+H BauConcept,v+h bauconcept
V-LINE EUROPE,v line europe
V7,v7
VAFO.de,vafo de
VAMED Rehaklinik Bad Ems,vamed rehaklinik bad ems
VAN HAM,van ham
VAN HAM Kunstauktionen,van ham kunstauktionen
VARAMAR,varamar
VBDONW,vbdonw
VBG,vbg
VBG- Verwaltungsberufsgenossenschaft,vbg verwaltungsberufsgenossenschaft
VBL-Team,vbl team
VDI:VDE:IT GmbH,vdi:vde:it
VDV Berlin,vdv berlin
VDV Köln,vdv köln
VDW GmbH,vdw
VDZ e. V.,vdz e v
VEA,vea
VEDES,vedes
VEDES AG,vedes
VELUX Commercial Deutschland GmbH,velux commercial
VEMAG Verlags- und Medien AG,vemag verlags und medien
VEMAner,vemaner
VFS,vfs
VG Kirchberg,vg kirchberg
VG Landstuhl,vg landstuhl
VG Loreley,vg loreley
VG Otterbach-Otterberg,vg otterbach otterberg
VG Pellenz,vg pellenz
VG Ransbach-Baumbach,vg ransbach baumbach
VG Weißenthurm,vg weißenthurm
VG Winnweiler,vg winnweiler
VG-Verwaltung Hunsrück-Mittelrhein,vg verwaltung hunsrück mittelrhein
VGF,vgf
VGH Versicherungen,vgh versicherungen
VGV Enkenbach-Alsenborn,vgv enkenbach alsenborn
VGV Zell (Mosel),vgv zell (mosel)
VHS Freiburg,vhs freiburg
VHV-Laufgruppe,vhv laufgruppe
VIC Planen und Beraten,vic planen und beraten
VIC Planen und Beraten GmbH,vic planen und beraten
VIESSMANN Kühlsysteme GmbH,viessmann kühlsysteme
VIL Runners United,vil runners united
VINCI Deutschland,vinci
VINOS,vinos
VIP,vip
VIP-MEDIA,vip media
VIRO,viro
VIRO Berlin GmbH,viro berlin
VISION Consulting GmbH,vision consulting
VISPIRON SYSTEMS GmbH,vispiron systems
VISPIRON Systems,vispiron systems
VIVAVIS,vivavis
VIVAVIS AG,vivavis
VIVAVIS AG / Berg,vivavis / berg
VIVAVIS AG Berlin,vivavis berlin
VIVIT Spaces GmbH,vivit spaces
VJP,vjp
VK Energie,vk energie
VK Immobilien GmbH,vk immobilien
VKD,vkd
VKKD,vkkd
VLH,vlh
VM Munich,vm munich
VM Running Team,vm running team
VMT GmbH,vmt
VMZ StadtSprinter,vmz stadtsprinter
VOCANTO GmbH,vocanto
VOLZ TAPES,volz tapes
VONJAN Technology,vonjan technology
VOSSIUS & PARTNER,vossius partner
VOV GmbH,vov
VP Strategy Advisors,vp strategy advisors
VR Bank RheinAhrEifel eG,vr bank rheinahreifel eg
VR Coaster - 404 Speed Not Found,vr coaster 404 speed not found
VR Payment,vr payment
VR Payment GmbH,vr payment
VR Voice,vr voice
VR-Bank Nordeifel eG,vr bank nordeifel eg
VR-Bank in Mittelbaden eG,vr bank in mittelbaden eg
VRPE - augment your brand,vrpe augment your brand
VRPE Team GmbH,vrpe team
VRR,vrr
VS Mediahouse,vs mediahouse
VSI,vsi
VSM,vsm
VSV,vsv
VT Rockenhausen,vt rockenhausen
VT-Runners,vt runners
VTG GmbH,vtg
VTG GmbH Ingenieurbüro,vtg ingenieurbüro
VTG des DGB,vtg des dgb
VTS Dortmund,vts dortmund
VTU Runners,vtu runners
VW,vw
VWA / BBC / WPV,vwa / bbc / wpv
VWH GmbH,vwh
VZ Berlin,vz berlin
Vai Corinthians,vai corinthians
Valentina,valentina
Valeo Service Deutschland GmbH,valeo service
Valeo e Automotive GmbH,valeo e automotive
Valeo eAutomotive Germany GmbH,valeo eautomotive germany
Valeo eAutomotive GmbH,valeo eautomotive
Valeska Voß,valeska voß
Validas,validas
Validas Running Team,validas running team
Validatis,validatis
Valmet,valmet
Valmet Automotive,valmet automotive
Valmet Automotive Solutions GmbH,valmet automotive solutions
Valoon,valoon
Valtech,valtech
Valtech GmbH,valtech
Valtech Mobility,valtech mobility
Valtech Mobility GmbH,valtech mobility
Valtech Munich,valtech munich
Valtechies,valtechies
Value-Add Racing Team,value add racing team
Valuezon GmbH,valuezon
Van Ameyde,van ameyde
Vanderlande,vanderlande
Vanessa Vogel,vanessa vogel
Vantage Towers AG,vantage towers
Varelmannschaft,varelmannschaft
Vattenfall Energy Trading GmbH,vattenfall energy trading
VdK Lauf-Hersbruck,vdk lauf hersbruck
VdR BW Lgrp Saarland,vdr bw lgrp saarland
Vector Informatik,vector informatik
Vector Informatik GmbH,vector informatik
Vector to Zero,vector to zero
Vectorians,vectorians
Vedran Bajramovic,vedran bajramovic
Veenker Ingenieure,veenker ingenieure
Veepee,veepee
Velamed GmbH,velamed
Veltec,veltec
Venera Kamphausen,venera kamphausen
Veni Vidi Vinci,veni vidi vinci
Veni. Vedi. Victor`s,veni vedi victor`s
Veolia,veolia
Veolia Laufhasen,veolia laufhasen
Veolia Water Technologies,veolia water technologies
Verband der Automobilindustrie,verband der automobilindustrie
Verband der privaten KV e.V.,verband der privaten kv e v
Verbandsgemeinde Bad Ems - Nassau,verbandsgemeinde bad ems nassau
Verbandsgemeinde Kirchheimbolanden,verbandsgemeinde kirchheimbolanden
Verbandsgemeinde Montabaur,verbandsgemeinde montabaur
Verbandsgemeinde Vordereifel,verbandsgemeinde vordereifel
Verbandsgemeinde Weilerbach,verbandsgemeinde weilerbach
Verbandsgemeinde Wirges,verbandsgemeinde wirges
Verbandsgemeindeverwaltung Asbach,verbandsgemeindeverwaltung asbach
Verbandsliga,verbandsliga
Verbundschule Lebach,verbundschule lebach
Verbundschule der Marienhauskliniken GmbH im Saarland,verbundschule der marienhauskliniken im saarland
Verdammte Tiger,verdammte tiger
Verder Scientific,verder scientific
Verder Scientific GmbH & Co. KG,verder scientific co kg
"Verein für Menschen mit Körperbehinderung Nürnberg e.V., Schulbegleiter-Service",verein für menschen mit körperbehinderung nürnberg e v schulbegleiter service
Verein für Sozialpsychiatrie,verein für sozialpsychiatrie
Vereinigte Lohnsteuerhilfe e.V.,vereinigte lohnsteuerhilfe e v
Vereinszentrum Hannover 96,vereinszentrum hannover 96
Verenice,verenice
VeriRUN by Veridos,verirun by veridos
VeriRun,verirun
Verizon Deutschland GmbH,verizon
VerkehrsGesellschaft Frankfurt am Main mbH,verkehrsgesellschaft frankfurt am main mbh
Verkehrsverbund Großraum Nürnberg,verkehrsverbund großraum nürnberg
Verkehrsverbund Großraum Nürnberg GmbH,verkehrsverbund großraum nürnberg
Verlag C.H.BECK,verlag c h beck
Verlagsgruppe Herder,verlagsgruppe herder
VermKA WWT,vermka wwt
VermKAthletik,vermkathletik
Vermessungs- & Katasteramt Westpfalz,vermessungs katasteramt westpfalz
Vermögen und Bau Runner's,vermögen und bau runner's
VerpackungsKontor Nord,verpackungskontor nord
Versorgungswerk der Rechtsanwälte,versorgungswerk der rechtsanwälte
Vertbaudet,vertbaudet
Vertbaudet Deutschland GmbH,vertbaudet
Verte - rechtsanwälte,verte rechtsanwälte
Verti Versicherung AG,verti versicherung
Verve,verve
Verwaltungsgericht Koblenz,verwaltungsgericht koblenz
Verwaltungsgerichtsbarkeit,verwaltungsgerichtsbarkeit
Verwaltungsgerichtsbarkeit des Saarlandes,verwaltungsgerichtsbarkeit des saarlandes
Very Fast,very fast
VetSpezial,vetspezial
VetWerkstatt,vetwerkstatt
VetZ GmbH,vetz
Vetter & Höhne GbR/ Running Crew,vetter höhne gbr/ running crew
Vetter GmbH,vetter
Vexcash AG,vexcash
VfB Stuttgart 1893 AG,vfb stuttgart 1893
ViGEM GmbH,vigem
ViP,vip
Via del Credere GmbH,via del credere
Via-Intelli-Immobilien,via intelli immobilien
Vialto Parnters,vialto parnters
Vialto Partners Steuerberatungsgesellschaft mbH,vialto partners steuerberatungsgesellschaft mbh
Viatris,viatris
Vibe Group,vibe
Vibe Group Deutschland GmbH,vibe
Vice Golf,vice golf
Victor's Group,victor's
Victor's Residenz-Hotels GmbH,victor's residenz hotels
Victoria Sibatorkina,victoria sibatorkina
Victos Residenz Hotel,victos residenz hotel
Videoclinic,videoclinic
Videojet,videojet
Vidispine,vidispine
"Viering, Jentschura & Partner",viering jentschura partner
Vierkirchener Wadlbeißer,vierkirchener wadlbeißer
Viking Technical GmbH,viking technical
Villa Eduardo,villa eduardo
Villa Kunterbunt,villa kunterbunt
Villa Luna,villa luna
Villeroy und Boch Mettlach,villeroy und boch mettlach
Villroy und Boch Mettlach,villroy und boch mettlach
Vincent,vincent
Vincent Express,vincent express
Vincentz Network,vincentz network
Vincentz Network GmbH & Co. KG,vincentz network co kg
Vinci,vinci
Vinci Deutschland,vinci
Vinci Energies,vinci energies
Vinci Runner,vinci runner
Vinci4ever,vinci4ever
Vintura,vintura
Vinturians,vinturians
Vinzentinerinnen,vinzentinerinnen
Vinzenz-Runner I VKKD,vinzenz runner i vkkd
Vinzenzkrankenhaus Hannover GmbH,vinzenzkrankenhaus hannover
Virtonomy GmbH,virtonomy
Virtual Minds Berlin,virtual minds berlin
Virtualis Re,virtualis re
Visa Munich,visa munich
Viselle & Maxi,viselle maxi
Vision Electric Super Conductors,vision electric super conductors
Vision Impulse GmbH,vision impulse
Visionaer Augenheilkunde,visionaer augenheilkunde
Visual Statements GmbH,visual statements
VitaRUN,vitarun
Vitafy,vitafy
Vitakraft pet care GmbH & Co. KG,vitakraft pet care co kg
Vitanas Sportheld 2023,vitanas sportheld 2023
Vitanas Sporthelden,vitanas sporthelden
Vitanas Sporthelden 2025,vitanas sporthelden 2025
Vitarium,vitarium
Vitarium Pflegewohnen,vitarium pflegewohnen
Vitarun,vitarun
Vitesco,vitesco
Vitesco Technologies Germany GmbH,vitesco technologies germany
Vitesco Technologies GmbH,vitesco technologies
Vitis velocitas,vitis velocitas
VitrA Bad,vitra bad
Vitrocell Systems GmbH,vitrocell systems
Vivawest,vivawest
Vivawest Wohnen GmbH,vivawest wohnen
Vivienne,vivienne
Vivisol Intensivservice GmbH,vivisol intensivservice
Vladyslav,vladyslav
VoBaRunners,vobarunners
Voba Stuttgart Running Team,voba stuttgart running team
Vodafone,vodafone
Vogel & Plötscher,vogel plötscher
Vogel Bau,vogel bau
Vogelbüsche,vogelbüsche
Voggenreiter Architekten Ingenieure,voggenreiter architekten ingenieure
Vogl Steuerberatungsgesellschaft mbH,vogl steuerberatungsgesellschaft mbh
Voigt regelts runners,voigt regelts runners
Voith Composites SE & Co. KG,voith composites co kg
Voka,voka
Volksbank Euskirchen eG,volksbank euskirchen eg
Volksbank Freiburg,volksbank freiburg
Volksbank Kaiserslautern,volksbank kaiserslautern
Volksbank Lauterecken eG,volksbank lauterecken eg
Volksbank Niedersachsen-Mitte eG,volksbank niedersachsen mitte eg
Volksbank eG OHZ BRV,volksbank eg ohz brv
Volksbank in Schaumburg und Nienburg,volksbank in schaumburg und nienburg
Volksbank pur,volksbank pur
Volksbank pur eG,volksbank pur eg
Volkswohl Bund,volkswohl bund
Volkswohl Bund Versicherungen,volkswohl bund versicherungen
VollCorner,vollcorner
Vollack Runners,vollack runners
Volle Pulle,volle pulle
VoloRunners,volorunners
Volodymyr Tsukanov,volodymyr tsukanov
VoltRunners,voltrunners
Volue,volue
Volue Germany GmbH,volue germany
Volvo Financial Services GmbH,volvo financial services
Volvo Group Trucks Central Europe GmbH,volvo trucks central europe
Volvo Group Trucks Service GmbH,volvo trucks service
Volvo Trucks Deutschland,volvo trucks
Von Herzen rheinisch,von herzen rheinisch
Vorsorge-Runner,vorsorge runner
Vossius & Partner,vossius partner
Vossius & Partner Patentanwälte Rechtsanwälte mbB,vossius partner patentanwälte rechtsanwälte mbb
Vulkan Energy,vulkan energy
Vyoma,vyoma
Vyoma GmbH,vyoma
VÖLLspeed mit Konzept,völlspeed mit konzept
Vössing,vössing
Vössing München,vössing münchen
W&S Sprintis,w s sprintis
W+S Real Estate Services GmbH,w+s real estate services
W+ST,w+st
W+ST Kaiserslautern,w+st kaiserslautern
W+ST Wirtschaftsprüfungsgesellschaft AG & Co. KG,w+st wirtschaftsprüfungsgesellschaft co kg
W-S,w s
W. Hippke & Partner,w hippke partner
W. KÖPP GmbH & Co. KG,w köpp co kg
W. L. Gore & Associates GmbH,w l gore associates
W.L. Gore & Associates,w l gore associates
W.L. Gore & Associates GmbH,w l gore associates
W2K,w2k
W2Sh 2 rent,w2sh 2 rent
WAASNER STANZ-CLUB,waasner stanz club
WABE e.V.,wabe e v
WAGENSONNER,wagensonner
WAM,wam
WASGAU,wasgau
WASGAU Frischwaren GmbH,wasgau frischwaren
WASGAU Laufteam,wasgau laufteam
WASH & RENT,wash rent
WAVESTONE,wavestone
WAYES,wayes
WBA Aachener Werkzeugbau Akademie,wba aachener werkzeugbau akademie
WBB Teamlauf,wbb teamlauf
WBI Crew,wbi crew
WBLT GmbH & Co. KG,wblt co kg
WBRE,wbre
WBS TRAINING AG,wbs training
WBS.LEGAL,wbs legal
WDR mediagroup,wdr mediagroup
WDS,wds
WDT/VLO on Tour,wdt/vlo on tour
WE RUN KFH,we run kfh
WE RUN PAYROLL FOR YOU,we run payroll for you
WEBER-Ingenieure,weber ingenieure
WEBTASTIC TEAM,webtastic team
WECON Netzwerk Düsseldorf,wecon netzwerk düsseldorf
WEIG Holding GmbH & Co. KG,weig co kg
WEIHE & KEUTHMANN,weihe keuthmann
WEIHERFRÖSCHE,weiherfrösche
WEKO,weko
WELLNESS MOBIL LERNPORTAL,wellness mobil lernportal
WENKO,wenko
WEPA Apothekenbedarf,wepa apothekenbedarf
WERBEPARTNER,werbepartner
WERTGARANTIE Group,wertgarantie
WERTZ,wertz
WESER-KURIER Mediengruppe,weser kurier mediengruppe
WEndurance GbR,wendurance gbr
WFB Bremen,wfb bremen
WFB Wirtschaftsförderung Bremen GmbH,wfb wirtschaftsförderung bremen
WG Sigmund Schuckert eG,wg sigmund schuckert eg
WGA Deutschland,wga
WGV,wgv
WGle3.0,wgle3 0
WHATEVER.WORKS,whatever works
WHM Garbsen - Team Laufen,whm garbsen team laufen
WHUG,whug
WIA-Runner,wia runner
WIBU-RACING TEAM,wibu racing team
WIESENHOF Geflügel-Kontor GmbH,wiesenhof geflügel kontor
WILMA - Wir bauen laufend für euch!,wilma wir bauen laufend für euch!
WILO SE,wilo
WILOFA,wilofa
WINDpower Rangers,windpower rangers
WINTER Ingenieure,winter ingenieure
WINner,winner
WIP Wirtschaft und Infrastruktur GmbH & Co Planungs-KG,wip wirtschaft und infrastruktur co planungs kg
WIPIT,wipit
WIR DREI !!!,wir drei !!!
WIR gemeinsam,wir gemeinsam
WIR laufen von Herzen rheinisch.,wir laufen von herzen rheinisch
WISAG,wisag
WISAG Gebäudetechnik Nord-West,wisag gebäudetechnik nord west
WISAG Gebäudetechnik Nord-West GmbH & Co. KG,wisag gebäudetechnik nord west co kg
WISAG Technik-Torpedos,wisag technik torpedos
WITTE PUMPS & TECHNOLOGY GmbH,witte pumps technology
WITTMANN BATTENFELD DEUTSCHLAND GmbH,wittmann battenfeld
WK-Statik,wk statik
WLP GmbH,wlp
WM PB Region Dortmund,wm pb region dortmund
WOLFF & MÜLLER,wolff müller
WOLFF & MÜLLER HOLDING,wolff müller
WORK Microwave,work microwave
WORLEY,worley
WORMLAND,wormland
WPP Media,wpp media
WPW LEIPZIG,wpw leipzig
WR Wohnraum AG,wr wohnraum
WRK Dortmund,wrk dortmund
WS Spalluto,ws spalluto
WSAudiology GmbH,wsaudiology
WSK - Friends,wsk friends
WSP Deutschland AG,wsp
WSP MUC,wsp muc
WSRE MUC,wsre muc
WSS Redpoint Rechtsanwaltsges. mbH,wss redpoint rechtsanwaltsges mbh
WST Präzisionstechnik,wst präzisionstechnik
WSVAGG,wsvagg
WTM ENGINEERS BERLIN GMBH,wtm engineers berlin
WTM Engineers Berlin GmbH,wtm engineers berlin
WTM Engineers München GmbH,wtm engineers münchen
WTS Group AG,wts
WTS Steuerberatungsgesellschaft mbH,wts steuerberatungsgesellschaft mbh
WTW,wtw
WTW Runners,wtw runners
WU-Runners 2024,wu runners 2024
WU-Runners 2025,wu runners 2025
WUP RUNNERS,wup runners
WUTHOLD & BRAUN,wuthold braun
WWF Deutschland,wwf
WWFZ,wwfz
WWK,wwk
WWK - Eine starke Gemeinschaft,wwk eine starke gemeinschaft
WWK Versicherung aG,wwk versicherung
WWP,wwp
Wa-Ka,wa ka
WaBeQ GmbH gemeinnützig,wabeq gemeinnützig
Wackler Holding SE,wackler
Wackler Holding SE/ConClimate GmbH,wackler se/conclimate
Wadenkrampf,wadenkrampf
Wagner,wagner
Wagner Deutschland GmbH,wagner
Wahl GmbH + Co. KG,wahl + co kg
Wahl Group,wahl
Walda & Partner,walda partner
Waldbaumläufer,waldbaumläufer
Waldemar Pruss Armaturenfabrik GmbH,waldemar pruss armaturenfabrik
Waldläufer,waldläufer
Walk on Progress,walk on progress
Wallenius Wilhelmsen,wallenius wilhelmsen
Walter Kurth GmbH & Friends,walter kurth friends
Walter Tritschler Elektrotechnik,walter tritschler elektrotechnik
Wandres GmbH,wandres
Wandres GmbH micro-cleaning,wandres micro cleaning
Wargaming,wargaming
Warm-Kalt-Macher,warm kalt macher
Warm-Kaltmacher,warm kaltmacher
WartenbErgo,wartenbergo
Wasgau Laufteam,wasgau laufteam
Wasgau Merzig Ballern,wasgau merzig ballern
Wash&Rent,wash rent
WasserZweckVerband Warndt,wasserzweckverband warndt
Wasserläufer,wasserläufer
Wasserversorgung Ostsaar GmbH,wasserversorgung ostsaar
Waste Warriors,waste warriors
Waterland Private Equity GmbH,waterland private equity
Watermann,watermann
Watson-Marlow,watson marlow
Watt - Macher,watt macher
Wattner,wattner
Wattner AG,wattner
Wattwürmer,wattwürmer
Wavefront Studios GmbH,wavefront studios
Wavemaker GmbH,wavemaker
WayCon,waycon
Waygate Technologies,waygate technologies
Waygate Technologies Baker Hughes,waygate technologies baker hughes
Wayss & Freytag,wayss freytag
Wayss & Freytag Ing.-Bau,wayss freytag ing bau
We Run2B,we run2b
We Thought They Said Rum,we thought they said rum
We are ACCORINVEST,we are accorinvest
We are Bavaria,we are bavaria
We are Familiy,we are familiy
We are eye-conik,we are eye conik
WeAreServier,weareservier
WeMatch Consulting GmbH,wematch consulting
WeSa,wesa
Wealth Management Berlin-Nord,wealth management berlin nord
Wealthcap GmbH,wealthcap
Weatherford,weatherford
Web Ente,web ente
WebID,webid
WebPros,webpros
Webasto Roof & Components SE,webasto roof components
Webeler Rechtsanwälte,webeler rechtsanwälte
Weber Haustechnik,weber haustechnik
Weber Läuft bei uns,weber läuft bei uns
Weber Massivhaus,weber massivhaus
Weber Shandwick,weber shandwick
Weber-Ing.s,weber ing s
Weberspeedys,weberspeedys
Webpros,webpros
Webrunners,webrunners
Webseiten-Helden,webseiten helden
Wechselpilot,wechselpilot
Weckbecker &Schoska Stb GmbH,weckbecker schoska stb
Wecubex Rohrtechnik GmbH,wecubex rohrtechnik
Weddig,weddig
Wedemeier Wirtschaftsprüfer,wedemeier wirtschaftsprüfer
Weener Plastik,weener plastik
Wehrle Werk,wehrle werk
Weig Group,weig
Weig Packaging,weig packaging
WeightWatchers Köln-Porz,weightwatchers köln porz
"Weil, Gotshal & Manges LLP",weil gotshal manges llp
Weimer & Partner,weimer partner
Weindel Architekten,weindel architekten
Weishaupt Team München,weishaupt team münchen
Weiss IT - Runner,weiss it runner
Weiss Oberflächentechnik GmbH,weiss oberflächentechnik
Weiss Walter Fischer-Zernin,weiss walter fischer zernin
Weissman,weissman
Weitnauer,weitnauer
Weitnauer Partnerschaft mbB Rechtsanwälte Steuerberater,weitnauer partnerschaft mbb rechtsanwälte steuerberater
Weiß Beratende Ingenieure,weiß beratende ingenieure
Welding Team Running 2023,welding team running 2023
Welding Team Running 2024,welding team running 2024
Welding Team Running 2025,welding team running 2025
Welling´s Schneggschen,welling´s schneggschen
Wellster Healthtech,wellster healthtech
Weltenbummler,weltenbummler
Weltkulturerbe,weltkulturerbe
Weltkulturerbe Völklinger Hütte,weltkulturerbe völklinger hütte
Wendero,wendero
Wendeware AG - die Wenderunners,wendeware die wenderunners
Wenn kochen - dann Selgros,wenn kochen dann selgros
Wenns läuft...,wenns läuft
Wentzel Dr.,wentzel dr
Wenzel+Wenzel,wenzel+wenzel
Werbe-Werkstatt,werbe werkstatt
Werbezeichen,werbezeichen
Werbezeichen AG,werbezeichen
Werde Schreiner,werde schreiner
Werder Frucht GmbH,werder frucht
Werdersee Ballett,werdersee ballett
Werfen,werfen
Werfen GmbH,werfen
"Werfen Technology Center, PBM",werfen technology center pbm
Werk von Morgen,werk von morgen
Werkstatt für angepasste Arbeit,werkstatt für angepasste arbeit
Werkzeug Spritzguss Qualitätsläufer,werkzeug spritzguss qualitätsläufer
Werner Consult Ingenieure,werner consult ingenieure
Werner Consult München,werner consult münchen
Werner Herr GmbH,werner herr
Wertefest,wertefest
Wertschützn,wertschützn
Weser-Elbe Runners,weser elbe runners
Weserburg Museum für moderne Kunst,weserburg museum für moderne kunst
Wessel Management,wessel management
Wessel Management GmbH,wessel management
Wessel-Umwelttechnik GmbH,wessel umwelttechnik
Wessing & Partner,wessing partner
Westlake,westlake
Westlake Vinnolit Runners Team,westlake vinnolit runners team
Westland,westland
Westnetz GmbH,westnetz
Westnetz Kabelkiller,westnetz kabelkiller
Westpfalz-Klinikum GmbH,westpfalz klinikum
Westwing,westwing
Westwing Run Club,westwing run club
We´ve got the POWER,we´ve got the power
White & Case,white case
Whois Faster,whois faster
Whow Games,whow games
Wickey,wickey
Wickey GmbH & Co. KG,wickey co kg
Widecare Pacers,widecare pacers
Wiederaufbau Stolberg,wiederaufbau stolberg
Wiegel Verwaltung,wiegel verwaltung
Wilde Hühner,wilde hühner
Wilhelm Geiger GmbH & Co. KG,wilhelm geiger co kg
Willi Barbara,willi barbara
William Koch,william koch
Willis Towers Watson GmbH,willis towers watson
Willy Johannes Bau GmbH & Co.KG,willy johannes bau co kg
Wilma läuft,wilma läuft
Win4Youth,win4youth
Wind Multiplikator,wind multiplikator
Windbeutel,windbeutel
Windrose Finest Travel GmbH,windrose finest travel
Windsprinter,windsprinter
Winicker Norimed GmbH,winicker norimed
Winning Plastics - Diepersdorf,winning plastics diepersdorf
WinningBLW GmbH,winningblw
Winston,winston
Winter Ingenieure Berlin,winter ingenieure berlin
Winterhalder,winterhalder
Winweb,winweb
Wipotec,wipotec
Wir Bauen Technik,wir bauen technik
"Wir dachten, es gäbe Kuchen",wir dachten es gäbe kuchen
Wir laufen selbst!,wir laufen selbst!
Wir legen einen Zahn zu,wir legen einen zahn zu
Wir lernen laufen,wir lernen laufen
Wir lieben Lebensmittel,wir lieben lebensmittel
"Wir machen Dampf, ganz emissionsfrei",wir machen dampf ganz emissionsfrei
Wir machen Energie Beine,wir machen energie beine
Wir machen Zukunft,wir machen zukunft
Wir sind DU!,wir sind du!
Wir sind Rente,wir sind rente
Wir sind WIEGEL Neuwied!,wir sind wiegel neuwied!
Wir sind die Guten,wir sind die guten
Wir sind die Renner!,wir sind die renner!
Wir sind für dich dabei,wir sind für dich dabei
Wir sitzen alle in einem Both!,wir sitzen alle in einem both!
Wir stehen für Frauengesundheit!,wir stehen für frauengesundheit!
Wir tun es laufend,wir tun es laufend
Wir verstehen Bahnhof!,wir verstehen bahnhof!
Wirelane Charge Runners,wirelane charge runners
Wirth & Horn,wirth horn
Wirth & Horn Informationssysteme GmbH,wirth horn informationssysteme
Wirth Präzision,wirth präzision
Wirth Präzisionsteile,wirth präzisionsteile
Wirtschafstraum Hannover,wirtschafstraum hannover
Wirtschaft bewegt,wirtschaft bewegt
WirtschaftsTreuhand GmbH,wirtschaftstreuhand
Wirtschaftsförderung,wirtschaftsförderung
Wirtschaftsjunioren Saarland e.V.,wirtschaftsjunioren saarland e v
Wirtschaftsraum Hannover läuft!,wirtschaftsraum hannover läuft!
Wirtschaftsverband Industrieller Unternehmen Baden e.V.,wirtschaftsverband industrieller unternehmen baden e v
Wirtz & Kraneis Rechtsanwälte,wirtz kraneis rechtsanwälte
Wisch-und-Weg,wisch und weg
Wise Wizards Running,wise wizards running
Wittestraße 69,wittestraße 69
Witzel Erb Backu & Partner,witzel erb backu partner
Wo ein Wille...,wo ein wille
Wo soll es denn hin?,wo soll es denn hin?
Wohlers Finanzkonzepte,wohlers finanzkonzepte
Wohlfahrtswerk für Baden-Württemberg,wohlfahrtswerk für baden württemberg
Wohlwert,wohlwert
Wohnbau GmbH,wohnbau
Wohnheim Stuhr,wohnheim stuhr
Wohnmobile-Saarland,wohnmobile saarland
Wohnraumer,wohnraumer
Wohnschmiede,wohnschmiede
Wohnungsgenossenschaft Heimkehr eG,wohnungsgenossenschaft heimkehr eg
Wohnungsgenossenschaft Köln-Süd eG,wohnungsgenossenschaft köln süd eg
Wohnungsgenossenschaft Mü.-West eG,wohnungsgenossenschaft mü west eg
Wohnungsgenossenschaft München West,wohnungsgenossenschaft münchen west
Wohnungsgenossenschaft Sigmund Schuckert eG,wohnungsgenossenschaft sigmund schuckert eg
Wolf & Partner GmbH,wolf partner
Wolf Holzbau GmbH,wolf holzbau
Wolff & Müller,wolff müller
Wolff & Müller Government Services,wolff müller government services
Wolfrunners,wolfrunners
Wolfspeed Europe GmbH,wolfspeed europe
Wolfsrudel,wolfsrudel
Wolkenhauer GbR,wolkenhauer gbr
Wolter GmbH Maschinen und App. KG,wolter maschinen und app kg
Wolters Kluwer Deutschland GmbH,wolters kluwer
Wonderwalker,wonderwalker
Woodmark,woodmark
Woodward L'Orange,woodward l'orange
Woodward L'Orange GmbH,woodward l'orange
Work in Progress Textilhandels GmbH,work in progress textilhandels
Workday,workday
Workpath GmbH,workpath
Workwise GmbH,workwise
World Class Industries,world class industries
World Insight Erlebnisreisen,world insight erlebnisreisen
Worley,worley
Wort & Bild Verlag,wort bild verlag
Wort & Bild Verlag Konradshöhe GmbH & Co. KG,wort bild verlag konradshöhe co kg
WortSchatz Lektorat & Lesungsagentur,wortschatz lektorat lesungsagentur
Wortspiel,wortspiel
Wunderman Thompson GmbH,wunderman thompson
Wundmanagement Köln-Aachen,wundmanagement köln aachen
Wuppertaler Wadenkrämpfe,wuppertaler wadenkrämpfe
WvSC Fun Runner,wvsc fun runner
WÖHRLE,wöhrle
WÖRNLEIN,wörnlein
Wärtsilä,wärtsilä
Wöhrder See Parkrun,wöhrder see parkrun
Wöhrder See parkrun,wöhrder see parkrun
Würmchen,würmchen
Würth Deutschland,würth
Würth Elektronik,würth elektronik
Würth Elektronik eiSos GmbH,würth elektronik eisos
Würth Logistics,würth logistics
Wüstenrennmaus,wüstenrennmaus
X,x
X-CELL,x cell
X-CELL AG,x cell
X-Runners,x runners
X. X. X,x x x
X1Flitzies,x1flitzies
X41,x41
XION GmbH,xion
XIT GMBH,xit
XLETIX GmbH,xletix
XPENG,xpeng
XXXLUTZ,xxxlutz
Xantaro,xantaro
Xcare Gruppe GbR,xcare gruppe gbr
"Xcare Gruppe für Radiologie, Nuklearmedizin und Strahlentherapie GbR",xcare gruppe für radiologie nuklearmedizin und strahlentherapie gbr
Xcenda,xcenda
Xiaomi Deutschland,xiaomi
Xpublisher GmbH,xpublisher
Xylem Sensus,xylem sensus
YAS.life,yas life
YASKAWA Europe,yaskawa europe
YAVEON,yaveon
YER Talents GmbH,yer talents
YFood,yfood
YIELCO Investments AG,yielco investments
YNCCORIS,ynccoris
YNCORIS,yncoris
YNCORIS GmbH & Co. KG,yncoris co kg
YOC,yoc
YPOG,ypog
YT Industries GmbH,yt industries
YUM! Germany,yum! germany
YUNEX TRAFFIC,yunex traffic
Yabylon GmbH,yabylon
Yakult Team,yakult team
Yannik,yannik
Yardrunner,yardrunner
Yas,yas
Yaskawa,yaskawa
Yaskawa Euope GmbH,yaskawa euope
Yazaki,yazaki
Yazaki Europe Limited,yazaki europe limited
Yext Berlin,yext berlin
You never nerd alone,you never nerd alone
YouGov,yougov
You`ll Never Walk Alone,you`ll never walk alone
Yoummday GmbH,yoummday
Ypsilon,ypsilon
Yusuf,yusuf
Yves,yves
Yvonne Frau Kebschull,yvonne frau kebschull
Yvonne Göttlich,yvonne göttlich
Yvonne Ranker,yvonne ranker
Yvonne Riedel,yvonne riedel
Z-LASER,z laser
Z24,z24
ZA,za
ZAE AntriebsSysteme,zae antriebssysteme
ZAG,zag
ZAHNHEILKUNDE LINDENTHAL,zahnheilkunde lindenthal
ZAHORANSKY,zahoransky
ZAK,zak
ZAR,zar
ZAR Aalen,zar aalen
ZAR Bad Cannstatt,zar bad cannstatt
ZAR Cannstatt,zar cannstatt
ZAR Kaiserslautern & Landstuhl,zar kaiserslautern landstuhl
ZAR Landstuhl,zar landstuhl
ZAR Spandau,zar spandau
ZAR Stuttgart,zar stuttgart
ZARM Fallturm-Betriebsgesellschaft,zarm fallturm betriebsgesellschaft
ZBI Zentral Boden Immobilien Gruppe,zbi zentral boden immobilien gruppe
ZBp,zbp
ZDE,zde
ZDH Running,zdh running
ZDI München,zdi münchen
ZECH,zech
ZECH Bau SE,zech bau
ZECH GROUP,zech
ZECH Hochbau AG,zech hochbau
ZENK,zenk
ZENK Rechtsanwälte,zenk rechtsanwälte
ZENTNER,zentner
ZETA GmbH,zeta
ZETCON Ingenieure,zetcon ingenieure
ZETCON Ingenieure GmbH,zetcon ingenieure
ZF,zf
ZF Friedrichshafen AG,zf friedrichshafen
ZF Group,zf
ZF Runners,zf runners
ZG Raiffeisen,zg raiffeisen
ZG Zentrum Gesundheit,zg zentrum gesundheit
ZIB Allstars,zib allstars
ZIB-Allstars,zib allstars
ZIEGERT Run Team,ziegert run team
ZIEMANN GRUPPE,ziemann gruppe
ZINQ,zinq
ZINQ Technologie GmbH,zinq technologie
ZITiS,zitis
ZM-I Nürnberg,zm i nürnberg
ZMG ZEITUNGSMARKTFORSCHUNG GESELLSCHAFT mbH,zmg zeitungsmarktforschung gesellschaft mbh
ZOLL CMS GmbH,zoll cms
ZOLL LifeVest,zoll lifevest
ZOLL Medical Deutschland GmbH,zoll medical
ZSW Stuttgart,zsw stuttgart
ZTK Zahnärztliche Tageskliniken GmbH,ztk zahnärztliche tageskliniken
ZUK Immobilien,zuk immobilien
ZW Lauf Coaching,zw lauf coaching
ZWi,zwi
ZWi Team,zwi team
ZYRES digital media systems GmbH,zyres digital media systems
ZZA - Zukunft zum Anfassen,zza zukunft zum anfassen
Zacharias & Demmer,zacharias demmer
Zahn Mund Kiefer,zahn mund kiefer
Zahn-Experten,zahn experten
Zahnarzt Bayenthal,zahnarzt bayenthal
Zahnarztmädels aus der Garnstr.6,zahnarztmädels aus der garnstr 6
Zahnarztpraxis Dr Nilges,zahnarztpraxis dr nilges
Zahnarztpraxis Dr. Kunz,zahnarztpraxis dr kunz
Zahnarztpraxis Dr. Oliver Cordes,zahnarztpraxis dr oliver cordes
Zahnarztpraxis Dr.Besold,zahnarztpraxis dr besold
Zahnarztpraxis Dres. Grünewald,zahnarztpraxis dres grünewald
Zahnarztpraxis J.Jankowski & Kollegen,zahnarztpraxis j jankowski kollegen
Zahnarztpraxis Kappel,zahnarztpraxis kappel
Zahnarztpraxis Krause,zahnarztpraxis krause
Zahnarztpraxis Vahlbruch,zahnarztpraxis vahlbruch
Zahnarztpraxis am Güterbahnhof,zahnarztpraxis am güterbahnhof
Zahnarztpraxis im Fürstenhof,zahnarztpraxis im fürstenhof
Zahnfee,zahnfee
Zahnfeen,zahnfeen
Zahnfeen Vahlbruch,zahnfeen vahlbruch
"Zahnflitzer - Biss zur Ziellinie ,)",zahnflitzer biss zur ziellinie )
Zahnzentrum Papert & Kollegen,zahnzentrum papert kollegen
Zahnärzte PODBI344,zahnärzte podbi344
Zahnärzte Reinstädtler & Hektor,zahnärzte reinstädtler hektor
Zahnärztehaus Freiburg,zahnärztehaus freiburg
Zahnärztekammer Bremen,zahnärztekammer bremen
Zahnärztinnen Neue Südstadt,zahnärztinnen neue südstadt
Zajadacz,zajadacz
Zalaris,zalaris
Zander Freiburg,zander freiburg
Zapfwerke GmbH & Co. KG,zapfwerke co kg
Zattoo,zattoo
Zebra DACH,zebra dach
Zebra Embassy,zebra embassy
Zebracorns,zebracorns
Zech,zech
Zech Group SE,zech
Zeelandia GmbH & Co. KG,zeelandia co kg
Zeig die Zähne,zeig die zähne
Zeinab,zeinab
Zeit für Brot,zeit für brot
Zeller Engineering + Zeller Plastik,zeller engineering + zeller plastik
Zementwerk Hannover,zementwerk hannover
Zentis2024,zentis2024
Zentral Apotheken,zentral apotheken
Zentrale Stelle für Informationstechnik im Sicherheitsbereich (ZITiS),zentrale stelle für informationstechnik im sicherheitsbereich (zitis)
Zentralfinanzamt Nürnberg,zentralfinanzamt nürnberg
Zentren für ambulante Reha,zentren für ambulante reha
Zeon Europe,zeon europe
Zeppelin Baumaschinen GmbH,zeppelin baumaschinen
Zeppelin GmbH,zeppelin
Zeppelin Power Systems GmbH,zeppelin power systems
Zeppelin Power Systems GmbH & Co. KG,zeppelin power systems co kg
Zeppelin Runner,zeppelin runner
Zeppeliner Grafen,zeppeliner grafen
Zeppi,zeppi
Zero Carbon,zero carbon
Zi,zi
Ziehm Imaging GmbH,ziehm imaging
Ziehm Team,ziehm team
Ziehwald - Wingert,ziehwald wingert
Zielbauer Running Team,zielbauer running team
Ziemann- Nur Bares ist Wahres,ziemann nur bares ist wahres
Zimmer Biomet Berlin,zimmer biomet berlin
Zimmer Biomet Deutschland GmbH,zimmer biomet
Zimmer GmbH,zimmer
Zimmerei Hoch Drei,zimmerei hoch drei
Zimmermann-Brase + Partner,zimmermann brase + partner
Zinc,zinc
Zinsflitzer,zinsflitzer
Zipse Ausbau-Fachhandel,zipse ausbau fachhandel
Zoder Spedition,zoder spedition
Zoetis,zoetis
Zoll Life West,zoll life west
Zoll Nürnberg,zoll nürnberg
Zollcon,zollcon
Zolltastisch,zolltastisch
Zone 5,zone 5
Zoom,zoom
Zreality,zreality
Zscaler,zscaler
Zschimmer & Schwarz,zschimmer schwarz
Zucchetti Germany GmbH,zucchetti germany
ZuckerDoc,zuckerdoc
Zugvögel,zugvögel
ZukunftsRegion Westpfalz e.V.,zukunftsregion westpfalz e v
Zum AnGREIFen,zum angreifen
Zum weißen Zahn,zum weißen zahn
Zurich Andy Felgner,zurich andy felgner
Zurich Runners,zurich runners
Zymo Research Europe,zymo research europe
ZÜBLIN NÜRNBERG,züblin nürnberg
Zähne zeigen und Strecke rocken,zähne zeigen und strecke rocken
Züblin,züblin
Züblin & Gilbane - US-Klinik,züblin gilbane us klinik
Züblin / Strabag,züblin / strabag
Züblin Dinos,züblin dinos
Zühlke,zühlke
Zühlke Engineering GmBH Hannover,zühlke engineering hannover
Zühlke Engineering GmbH,zühlke engineering
Zühlke München,zühlke münchen
[IN] Bewegung,[in] bewegung
[at],[at]
[bu:st] group GmbH,[bu:st]
]init[ AG,]init[
_fbeta_run,_fbeta_run
a&o : Werbeagentur Bremen,a o : werbeagentur bremen
abas,abas
abat AG,abat
abat MUC,abat muc
abba Berlin hotel,abba berlin hotel
abcfinance GmbH,abcfinance
abf Race Team,abf race team
abf diagnostics GmbH,abf diagnostics
abilis group,abilis
abilis group - we make IT run!,abilis we make it run!
abtis FitForce,abtis fitforce
ac.biomed GmbH,ac biomed
acatech,acatech
accelerate the shift,accelerate the shift
accelerazero,accelerazero
accilium,accilium
accilium GmbH,accilium
accompio GmbH,accompio
accondo,accondo
acj,acj
aconium GmbH,aconium
acromion GmbH,acromion
act.3,act 3
active logistics,active logistics
active logistics GmbH,active logistics
activeMind,activemind
activelaw,activelaw
ad.letics,ad letics
adapton,adapton
addfame,addfame
adeor medical,adeor medical
adjoe GmbH,adjoe
adlerolesch FREIRAUM,adlerolesch freiraum
adlerschmidt,adlerschmidt
adorsys,adorsys
adorsys GmbH & Co. KG,adorsys co kg
adpa,adpa
advores Advokater & Rechtsanwälte,advores advokater rechtsanwälte
affinis,affinis
afrika tours Reisespezialisten,afrika tours reisespezialisten
afrika tours individuell GmbH,afrika tours individuell
agap2,agap2
agathon Crew,agathon crew
agido GmbH,agido
agineo,agineo
agnosco.net,agnosco net
agorum sportsteam,agorum sportsteam
agrarheute Hauptstadtbüro,agrarheute hauptstadtbüro
agsta,agsta
aha Zweckverband Abfallwirtschaft,aha zweckverband abfallwirtschaft
ahu-Runners,ahu runners
ahw,ahw
ahw Ingenieure GmbH,ahw ingenieure
aik Powerteam,aik powerteam
air up GmbH,air up
airpower europe GmbH,airpower europe
aixcon,aixcon
akenzo,akenzo
aktiv@Diakonie Rosenheim,aktiv@diakonie rosenheim
aktiva,aktiva
akut... Personallogistik,akut personallogistik
alcemy,alcemy
alcera Kommunikationstechnik GmbH,alcera kommunikationstechnik
alexander thamm GmbH,alexander thamm
alfateam,alfateam
alfatec GmbH & Co. KG,alfatec co kg
alfatec group,alfatec
alfatraining,alfatraining
alfatraining Bildungszentrum GmbH,alfatraining bildungszentrum
alltours flugreisen gmbh,alltours flugreisen
alm,alm
alpha Immobilienmanagement GmbH,alpha immobilienmanagement
always delta.,always delta
ame GmbH,ame
amedes,amedes
ams OSRAM,ams osram
ams.Solution AG,ams solution
anacision,anacision
analyze & realize GmbH,analyze realize
andavis GmbH,andavis
andrena objects AG,andrena objects
andrena objects ag,andrena objects
anny-team,anny team
antares Runners,antares runners
antares-apotheken oHG,antares apotheken ohg
antenne 1 Laufteam,antenne 1 laufteam
antoni,antoni
antoni road runners,antoni road runners
antwortING Laufende Ingenieure,antworting laufende ingenieure
anwalt.de,anwalt de
anwalt.de services AG,anwalt de services
anybill,anybill
api GmbH,api
aplicado,aplicado
aplicado GmbH,aplicado
apo,apo
apoBank,apobank
apoBank & Friends,apobank friends
apoBank Frankfurt,apobank frankfurt
apoBank Hannover,apobank hannover
apoprojekt - Building Teams,apoprojekt building teams
apoprojekt Building Teams,apoprojekt building teams
apoprojekt GmbH,apoprojekt
apoprojekt sporties,apoprojekt sporties
aproMEX,apromex
arano group GmbH,arano
archiTechture Consulting,architechture consulting
archis,archis
arconsis,arconsis
arconsis IT-Solutions GmbH,arconsis it solutions
arelium,arelium
arndtgruppe,arndtgruppe
arsEdition,arsedition
arsEdition GmbH,arsedition
arsmedium,arsmedium
arsmedium group,arsmedium
artiva,artiva
arus GmbH,arus
arus-architekten,arus architekten
arvato SE,arvato
asambeauties,asambeauties
ascleonCare Kids,ascleoncare kids
aserto,aserto
asgoodasnew Running Crew,asgoodasnew running crew
asia-med GmbH,asia med
assistance partner GmbH & Co. KG,assistance partner co kg
astendos,astendos
atd läuft,atd läuft
atene KOM,atene kom
attempto,attempto
attempto GmbH & Co. KG,attempto co kg
auxmoney GmbH,auxmoney
avantum consult GmbH,avantum consult
avenTOURa,aventoura
avocado Runners Team,avocado runners team
avodaq,avodaq
avodaq AG,avodaq
awell,awell
b.i.g. ING Berlin,b i g ing berlin
b.i.g. bechtold INGENIEURGESELLSCHAFT MBH,b i g bechtold ingenieurgesellschaft mbh
b.telligent,b telligent
b.telligent Deutschland GmbH,b telligent
b.telligent GmbH & Co. KG,b telligent co kg
bRUNel,brunel
bService GmbH,bservice
babymarkt.de,babymarkt de
badenova AG & Co. KG,badenova co kg
badenovaKONZEPT GmbH & Co. KG,badenovakonzept co kg
bam,bam
basi,basi
bauart Konstruktions GmbH & Co. KG - Beratende Ingenieure,bauart konstruktions co kg beratende ingenieure
bayme vbm,bayme vbm
bbg-Läufer,bbg läufer
bbt+ Rechts- und Steuerkanzlei,bbt+ rechts und steuerkanzlei
bdp,bdp
be-solutions GmbH,be solutions
becker+flöge GmbH,becker+flöge
beco-bermueller.de,beco bermueller de
beeline GmbH,beeline
bekro Chemie,bekro chemie
bekro Chemie GmbH&Co.KG,bekro chemie gmbh co kg
benuta,benuta
benuta Team,benuta team
best-blu consulting with energy GmbH,best blu consulting with energy
best4bps,best4bps
best4bps GmbH & Co. KG,best4bps co kg
bestCAMPER + Ali SCHNEIDER Marathon,bestcamper + ali schneider marathon
bestCAMPER.net GmbH,bestcamper net
beta runners,beta runners
better decisions,better decisions
bezirkskliniken Mittelfranken,bezirkskliniken mittelfranken
bha-Runners,bha runners
bharchitektengesellschaft mbH,bharchitektengesellschaft mbh
bic 2023,bic 2023
bic 2024,bic 2024
bidt.digital,bidt digital
big ING München,big ing münchen
big. bechtold-gruppe,big bechtold gruppe
bigFm x RAWBITE,bigfm x rawbite
bioskin Hamburg,bioskin hamburg
birkle,birkle
birkle IT AG,birkle it
bito AG,bito
bizcon AG,bizcon
blackned,blackned
blaum,blaum
blue networks GmbH,blue networks
bluesolve AlgorithMen,bluesolve algorithmen
bmp greengas,bmp greengas
bmp greengas GmbH,bmp greengas
bofrost*,bofrost*
booking.com Deutschland GmbH,booking com
borchers fine food GmbH & Co. KG,borchers fine food co kg
boschen & oetting,boschen oetting
bp fulfillment & service,bp fulfillment service
bpa e. V.,bpa e v
brandarena GmbH & Co.KG,brandarena co kg
brandherm + krumrey interior archite,brandherm + krumrey interior archite
brandmaster flash,brandmaster flash
bremenports,bremenports
buchie245,buchie245
buco Road Runners,buco road runners
bulicek + ingenieure gmbh,bulicek + ingenieure
bulwiengesa,bulwiengesa
bulwiengesa Runners,bulwiengesa runners
buschek lufttechnik,buschek lufttechnik
bust-out Integrationsdienste,bust out integrationsdienste
byon gmbH,byon
byon gmbh,byon
byteleaf,byteleaf
b’mine hotels,b’mine hotels
c.r.p. law.,c r p law
cQ - B2Runners,cq b2runners
cab,cab
cadbauteam,cadbauteam
calm Tagesklinik Team,calm tagesklinik team
camLine Runners,camline runners
cambio CarSharing,cambio carsharing
campana schott,campana schott
carValoo,carvaloo
carValoo GmbH,carvaloo
carento GmbH,carento
caspar running crew,caspar running crew
caspar.schmitzmorkramer gmbh,caspar schmitzmorkramer
caspar.unning,caspar unning
cbp,cbp
censhare GmbH,censhare
cervacon,cervacon
cetecom advanced Runners,cetecom advanced runners
cimt,cimt
cimt Berlin,cimt berlin
clearvise AG,clearvise
cleversoft GmbH,cleversoft
cloudpunks,cloudpunks
cloudworx,cloudworx
club L94,club l94
co-pace GmbH,co pace
coac runners,coac runners
cobos Fluid Service GmbH,cobos fluid service
coco:crew,coco:crew
coconet,coconet
codecentric AG,codecentric
codecentric ffm,codecentric ffm
codefortynine,codefortynine
codemanufaktur,codemanufaktur
collaboration Factory AG,collaboration factory
comNET Runners,comnet runners
combine,combine
comlet Verteilte Systeme GmbH,comlet verteilte systeme
commit & run,commit run
compleet GmbH,compleet
comtec GmbH,comtec
concedro GmbH,concedro
concile GmbH,concile
confera GmbH,confera
confera Gruppe,confera gruppe
congena,congena
congstar & Telekom,congstar telekom
construktiv,construktiv
consulting4drive GmbH,consulting4drive
consus,consus
convis,convis
coole Socke,coole socke
cplace,cplace
crazy running people,crazy running people
crossconsulting,crossconsulting
css belts,css belts
ctrl QS,ctrl qs
cts Klinik Stöckenhöfe,cts klinik stöckenhöfe
ctt-Altenhilfe,ctt altenhilfe
custo med GmbH,custo med
cyber sailors,cyber sailors
cyberTECHNOLOGIES,cybertechnologies
d-NRW Runners,d nrw runners
d-SIRE,d sire
d-kn GmbH,d kn
d.vinci,d vinci
d2mberlin GbmH,d2mberlin gbmh
dRUNk octopus,drunk octopus
damm-solar,damm solar
das Hochhaus rennt,das hochhaus rennt
data4life,data4life
datasolut,datasolut
datatel,datatel
datenschutz süd,datenschutz süd
datenschutz süd GmbH - Kölner Team,datenschutz süd kölner team
dbb beamtenbund und tarifunion,dbb beamtenbund und tarifunion
de running gäg,de running gäg
dean&david Berlin,dean david berlin
dean&david healthy food club,dean david healthy food club
deas,deas
deas Deutsche Assekuranzmakler GmbH,deas deutsche assekuranzmakler
deborate,deborate
dedinauten,dedinauten
deepblue networks,deepblue networks
dein schulbegleiter,dein schulbegleiter
deister electronic GmbH,deister electronic
denkmodell,denkmodell
denkwerk Runners,denkwerk runners
dentona AG,dentona
der Letzte putzt den Gipsabscheider,der letzte putzt den gipsabscheider
designfunktion,designfunktion
designfunktion München GmbH,designfunktion münchen
deugro group,deugro
develop group,develop
"df-mp Dörries, Frank-Molnia & Pohlman Patentanwälte Rechtsanwälte",df mp dörries frank molnia pohlman patentanwälte rechtsanwälte
df-mp Patentanwälte Rechtsanwälte,df mp patentanwälte rechtsanwälte
dhmp NEXT,dhmp next
dhpgteam,dhpgteam
"di Pace, Schulze-Schönherr Rechtsanwaltsgesellschaft mbH",di pace schulze schönherr rechtsanwaltsgesellschaft mbh
dibauco GmbH,dibauco
diconium GmbH,diconium
die ETL-Schöneichhörnchen,die etl schöneichhörnchen
die Experten,die experten
die Fernsehwerft,die fernsehwerft
die Groupis,die groupis
die Laufräder,die laufräder
die Mobiletten,die mobiletten
die Steuerberater Stiebritz. Klein.,die steuerberater stiebritz klein
die Verrückten,die verrückten
die astendos,die astendos
die developer,die developer
die digitalwandler,die digitalwandler
"die fantastischen Vier ,-)",die fantastischen vier )
die neue welle,die neue welle
die perfekte Welle,die perfekte welle
dieBauingenieure,diebauingenieure
dieKardiologenGemeinschaftspraxis,diekardiologengemeinschaftspraxis
digalo : DIGITAL MARKETING,digalo : digital marketing
digatus it group AG,digatus it
digetiers.,digetiers
digicom)) racing,digicom)) racing
digital.manufaktur GmbH,digital manufaktur
digital@M,digital@m
dimedis,dimedis
dinext. AG,dinext
dittgen Bauunternehmen GmbH,dittgen bauunternehmen
diva-e #teamhamburg,diva e #teamhamburg
diva-e NEXT GmbH,diva e next
divo-Group,divo group
dkHolzKonzept,dkholzkonzept
dls logistics - und alles läuft,dls logistics und alles läuft
dm-drogerie Markt GmbH + Co. KG,dm drogerie markt + co kg
dm-drogerie markt,dm drogerie markt
dm-drogerie markt GmbH + Co.KG,dm drogerie markt + co kg
dm-drogeriemarkt,dm drogeriemarkt
dmTECH,dmtech
dmTECH GmbH,dmtech
doTERRA,doterra
doTERRA Europe Marketing GmbH,doterra europe marketing
dobülog,dobülog
doctari,doctari
doctari group,doctari
dogado GmbH,dogado
dompatent runners,dompatent runners
dpd Deutschland,dpd
dr. heinekamp GmbH,dr heinekamp
dreamteam2024,dreamteam2024
dreamteam2025,dreamteam2025
dreist Werbeagentur,dreist werbeagentur
dress & Sommer,dress sommer
drjve AG,drjve
dsm-firmenich,dsm firmenich
dtv,dtv
duagon Germany GmbH,duagon germany
dwif-Team24,dwif team24
dwpbank,dwpbank
dwpbank AG,dwpbank
e-Company,e company
e-Company Lauf-Team 2025,e company lauf team 2025
e-Team,e team
e-fellows.net,e fellows net
e-fellows.net GmbH & Co.KG,e fellows net co kg
e-health runners Hamburg,e health runners hamburg
e-mobilio GmbH,e mobilio
e-motion technologies Nürnberg,e motion technologies nürnberg
e-wikom,e wikom
e.distherm Energielösungen GmbH,e distherm energielösungen
e.solutions GmbH,e solutions
eBiz Consulting GmbH,ebiz consulting
eGroup,egroup
eGroup Runners,egroup runners
eHexen,ehexen
eMinded,eminded
eMinded GmbH,eminded
eNeG GmbH,eneg
ePages GmbH,epages
ePlan Energieberatung,eplan energieberatung
ePrivacy Power-Team,eprivacy power team
ePrivacy-Team,eprivacy team
early birds 9.31 Uhr,early birds 9 31 uhr
easy Marketing GmbH,easy marketing
easyCredit Basketball Bundesliga,easycredit basketball bundesliga
easyRunner,easyrunner
eb2 Brandschutzgruppe,eb2 brandschutzgruppe
ebase,ebase
ebase / FNZ,ebase / fnz
ebm,ebm
ebm-Eisenbahner-Baugenossenschaft-M,ebm eisenbahner baugenossenschaft m
ebp-Runners,ebp runners
ebp-consulting GmbH,ebp consulting
echt gutmann,echt gutmann
econ solutions,econ solutions
edding - Permanent fit,edding permanent fit
edding - Tinte im Blut,edding tinte im blut
edding Funstarters,edding funstarters
ediundsepp / Lang Hugger Rampp,ediundsepp / lang hugger rampp
educcare Bildungskindertagesstätten,educcare bildungskindertagesstätten
educcare Kitas,educcare kitas
eepi - engineering for future,eepi engineering for future
eepi -engineering for future,eepi engineering for future
eepi Gruppe,eepi gruppe
efcom,efcom
efcom gmbh,efcom
effekt Physiotherapie,effekt physiotherapie
ehb electronics gmbh,ehb electronics
ehexen,ehexen
ehotel runners,ehotel runners
ehrhorn Vermessung,ehrhorn vermessung
einsfünf°,einsfünf°
einwert,einwert
einwert GmbH,einwert
eismann,eismann
ekaflor,ekaflor
elaboratum Kölle,elaboratum kölle
elancer-team,elancer team
elbag Energietechnik GmbH,elbag energietechnik
elbe electronic GmbH,elbe electronic
eleva GmbH,eleva
elevate.tech GmbH,elevate tech
eliso,eliso
elko-Gruppe,elko gruppe
elmografico GmbH,elmografico
embeX,embex
embeddeers,embeddeers
emediagroup GmbH,emediagroup
emetriq GmbH - Datalover,emetriq datalover
emma & noah,emma noah
emosafe speed,emosafe speed
emp Biotech,emp biotech
empact GmbH,empact
empact4future,empact4future
ems,ems
enapt GmbH,enapt
endura Laufteam,endura laufteam
eneo Elements,eneo elements
energiekonsens,energiekonsens
enerix Hannover,enerix hannover
engram - member of FINNOFLEET,engram member of finnofleet
enmodes GmbH,enmodes
envelio,envelio
enventa Group,enventa
epay Team,epay team
epilot Runners Squad,epilot runners squad
epoq,epoq
erform,erform
erpam GmbH,erpam
esanum GmbH,esanum
esentri AG,esentri
eska Ingenieurgesellschaft mbH,eska ingenieurgesellschaft mbh
esome,esome
estos GmbH,estos
eurobahn,eurobahn
euronova,euronova
event it,event it
eventteam,eventteam
evidia GmbH,evidia
evidia MVZ Radiologie Franken GmbH,evidia mvz radiologie franken
evk,evk
evm-Gruppe,evm gruppe
evocenta,evocenta
evolutiq GmbH,evolutiq
evolutiq runners,evolutiq runners
evolutiq sprinting unicorns,evolutiq sprinting unicorns
evolving systems consulting GmbH,evolving systems consulting
evosoft,evosoft
evosoft GmbH,evosoft
evu zählwerk,evu zählwerk
exceet card,exceet card
expert Warenvertrieb GmbH,expert warenvertrieb
expertpowerhouse,expertpowerhouse
expertum Holding GmbH,expertum
eye square,eye square
eyeworkers,eyeworkers
f-bb,f bb
face to face GmbH,face to face
fachpraxis,fachpraxis
fairFis,fairfis
fairKauf-Runner,fairkauf runner
faktorgruen,faktorgruen
faktorgruen (Team Freiburg),faktorgruen (team freiburg)
falcon® runners,falcon® runners
famPLUS,famplus
fast & flaixible,fast flaixible
feelin' good - HSE,feelin' good hse
fellow.run,fellow run
fenster.com,fenster com
fiber racer,fiber racer
fiber racers,fiber racers
fiber to the people GmbH,fiber to the people
ficonTEC Service GmbH,ficontec service
filmpool entertainment GmbH,filmpool entertainment
finAPI,finapi
financeAds GmbH & Co. KG,financeads co kg
finanzen.net GmbH,finanzen net
fincrm - Immer einen Schritt voraus,fincrm immer einen schritt voraus
fischerAppelt läuft,fischerappelt läuft
fit mit gerhard,fit mit gerhard
fit4imbus,fit4imbus
fleXstructures,flexstructures
fletrunners,fletrunners
flex:pos,flex:pos
fluence Energy GmbH,fluence energy
formverliebt markenkommunikation,formverliebt markenkommunikation
formverliebt markenkommunikation GmbH,formverliebt markenkommunikation
fortiss,fortiss
frankfurter werkgemeinschaft,frankfurter werkgemeinschaft
frankfurter werkgemeinschaft e.V.,frankfurter werkgemeinschaft e v
freelance.de,freelance de
freelance.de GmbH,freelance de
freeyou,freeyou
frei öl® ? Dr. Bouhon,frei öl® ? dr bouhon
fresh id,fresh id
fries architekten,fries architekten
frobese GmbH,frobese
für Warendorf,für warendorf
ganzWerk,ganzwerk
garmo,garmo
geOps GmbH,geops
geSCHWINDE Sprinter,geschwinde sprinter
gefeba high voltage running team,gefeba high voltage running team
gemeinsam mehr bewegen,gemeinsam mehr bewegen
gemeinsam-gesünder,gemeinsam gesünder
generic,generic
genua,genua
genua GmbH,genua
germanBroker.net,germanbroker net
gernot schulz : architektur,gernot schulz : architektur
gesund.de,gesund de
gevas humberg & partner,gevas humberg partner
gevekom GmbH,gevekom
ghi GmbH,ghi
ght GmbH Elektronik im Verkehr,ght elektronik im verkehr
gicom AG,gicom
gicom AG #joyspeed,gicom #joyspeed
gkk München GmbH,gkk münchen
gmp Architekten,gmp architekten
gmp architekten aachen,gmp architekten aachen
goodlabels,goodlabels
gpc : Technisches Projektcontrolling,gpc : technisches projektcontrolling
greenable,greenable
greenventory,greenventory
greenventory GmbH,greenventory
guideIT,guideit
gutefrage,gutefrage
gutefrage.net,gutefrage net
gutefrage.net GmbH,gutefrage net
h4a Architekten,h4a architekten
h4a Düsseldorf,h4a düsseldorf
h4a Gessert + Randecker Architekten PartG mbB,h4a gessert + randecker architekten partg mbb
h4a läuft,h4a läuft
hagebaumarkt,hagebaumarkt
hagebaumarkt München,hagebaumarkt münchen
hagergroup Stuttgart,hagergroup stuttgart
hallenpool,hallenpool
halstrup-walcher GmbH,halstrup walcher
hannoverimpuls,hannoverimpuls
happybrush,happybrush
hartech Gruppe,hartech gruppe
hartmann consultants,hartmann consultants
hasenkamp,hasenkamp
hatec Lichttechnik GmbH,hatec lichttechnik
hatec is running,hatec is running
haus moosalb,haus moosalb
hc:VISION Technologie GmbH,hc:vision technologie
headwaypersonal gmbh,headwaypersonal
heat it® Heissläufer,heat it® heissläufer
heatbeat,heatbeat
heimWatt & Energiegewinner,heimwatt energiegewinner
heinekingmedia,heinekingmedia
heinekingmedia GmbH,heinekingmedia
heinlewischer,heinlewischer
heise - eine Antwort weiter,heise eine antwort weiter
helpcheck,helpcheck
helpcheck GmbH,helpcheck
hendricks GmbH,hendricks
henke rapolder frühe,henke rapolder frühe
henke rapolder frühe Ingenieure,henke rapolder frühe ingenieure
hep global GmbH,hep global
hgv,hgv
hhpberlin,hhpberlin
hhpberlin Ingenieure für Brandschutz,hhpberlin ingenieure für brandschutz
hhu,hhu
highQ Runners,highq runners
hitschies,hitschies
hk_steuern und recht,hk_steuern und recht
hl industry Emotionalizer,hl industry emotionalizer
hmmh,hmmh
hoffmann.com,hoffmann com
hofmeier & janowski,hofmeier janowski
holakenyaflores,holakenyaflores
home24,home24
horbach architekten,horbach architekten
horizoom GmbH,horizoom
horunzoom,horunzoom
hph Halmburger & Kampf,hph halmburger kampf
hsag,hsag
hsspatent,hsspatent
htp GmbH,htp
hubergroup runners,hubergroup runners
i-unit group,i unit
iAMB olé,iamb olé
iATROS GmbH,iatros
iC Consult,ic consult
iC Consult GmbH,ic consult
iOmx Therapeutics AG,iomx therapeutics
iSY Runners,isy runners
iSYS Software GmbH,isys software
iSo - Innovative Sozialarbeit e.V.,iso innovative sozialarbeit e v
iSyst Intelligente Systeme GmbH,isyst intelligente systeme
iTAC Software AG,itac software
ias PREVENT,ias prevent
ib vogt,ib vogt
ib vogt GmbH,ib vogt
iba,iba
iba AG,iba
iba|Internationale Berufsakademie Campus Nürnberg,iba|internationale berufsakademie campus nürnberg
ibdrm,ibdrm
ibidi GmbH,ibidi
ic! berlin GmbH,ic! berlin
ich&du,ich du
iconate GmbH,iconate
iconec GmbH,iconec
idealworks GmbH,idealworks
idem,idem
idem telematics gmbh,idem telematics
idgard : uniscon GmbH,idgard : uniscon
ifV,ifv
ifa systems,ifa systems
ifaa,ifaa
ifaktor GmbH,ifaktor
ifo Institut,ifo institut
ifp,ifp
ig-bauphysik,ig bauphysik
ig-bauphysik GmbH & Co. KG,ig bauphysik co kg
igb,igb
igefa RUN,igefa run
iglo Crew,iglo crew
igr Rockenhausen,igr rockenhausen
igus motion plastics,igus motion plastics
iits,iits
iits-consulting,iits consulting
imagine runners,imagine runners
imbus,imbus
imbus AG,imbus
imbus Nord,imbus nord
imbus Rheinland,imbus rheinland
imc AG,imc
impulis,impulis
imtargis GmbH,imtargis
imug,imug
in-akustik - wir laufen stereo,in akustik wir laufen stereo
in-motion,in motion
in-tech GmbH,in tech
in.vent,in vent
inTime,intime
in_design architektur,in_design architektur
index-Runner,index runner
"individuelle Services, aber ein Team",individuelle services aber ein team
indiwe,indiwe
infas quo GmbH,infas quo
infinitas,infinitas
infinitassen,infinitassen
infodas. run more. be secure.,infodas run more be secure
infologistix,infologistix
infra GmbH,infra
infratest dimap,infratest dimap
ingenit,ingenit
ingeus,ingeus
ingeus GmbH,ingeus
inits I/O,inits i/o
innovas GmbH,innovas
innovatiq GmbH & Co. KG,innovatiq co kg
inovex,inovex
inray Industriesoftware GmbH,inray industriesoftware
insparx,insparx
insparx GmbH,insparx
inspiring-health,inspiring health
inspiring-health GmbH,inspiring health
integer_fit,integer_fit
integrationWorks,integrationworks
inter Contro,inter contro
interev GmbH,interev
interone - the digital ones,interone the digital ones
inventOnTheRun,inventontherun
io,io
io-BuildingEngineering,io buildingengineering
ip&more GmbH,ip more
ip&more und CUNet,ip more und cunet
isarpatent,isarpatent
ista - einfach smart,ista einfach smart
it works group,it works
it-economics GmbH,it economics
it-structure,it structure
itemis AG,itemis
iteratec GmbH,iteratec
iteratec Karlsruhe läuft,iteratec karlsruhe läuft
itestra,itestra
itestra GmbH,itestra
itprocess,itprocess
itsc,itsc
iunctim.com,iunctim com
ivoflow,ivoflow
iwb runs,iwb runs
iwb runs!,iwb runs!
iwis,iwis
iwis SE & Co. KG,iwis co kg
jaeger+haeckerhase gmbh,jaeger+haeckerhase
jameda,jameda
jameda GmbH,jameda
jc amigos,jc amigos
jes Architekten,jes architekten
jobcenter Rhein-Sieg,jobcenter rhein sieg
jobcenter rhein-sieg,jobcenter rhein sieg
jobs in time medical GmbH,jobs in time medical
jobvector,jobvector
jognitivos,jognitivos
ju:niz Energy,ju:niz energy
jucom.rennt,jucom rennt
junge Hüpfer,junge hüpfer
juris,juris
just for fun,just for fun
k2 partnering solutions,k2 partnering solutions
kadawittfeldarchitektur,kadawittfeldarchitektur
kajado GmbH,kajado
karldischinger,karldischinger
karldischinger-gruppe,karldischinger gruppe
kasasi,kasasi
keepsmiling,keepsmiling
kicker,kicker
kikeriki,kikeriki
klartxt racing team,klartxt racing team
klarx,klarx
klarx GmbH,klarx
klein & gebhardt GmbH,klein gebhardt
kloeckner.i GmbH,kloeckner i
km Sport-Agentur,km sport agentur
kmh,kmh
knuspr.de,knuspr de
kohlhaas GmbH & Co. KG,kohlhaas co kg
komm.passion,komm passion
komm.passion GmbH,komm passion
kommIT,kommit
konirella,konirella
kraftschluck - SMOOTHIE VON HIER,kraftschluck smoothie von hier
"kummer - others recruit, we care",kummer others recruit we care
kwsoft,kwsoft
kwsoft®,kwsoft®
kölnmetall,kölnmetall
labbégrund GmbH,labbégrund
langKFZtechnik.de,langkfztechnik de
laufend abgesichert,laufend abgesichert
laufend prüfen,laufend prüfen
laufend_optimistisch,laufend_optimistisch
laufende Kosten,laufende kosten
laufwunder,laufwunder
lavera.naturals,lavera naturals
lawcode GmbH,lawcode
lead alliance & friends,lead alliance friends
lead alliance GmbH,lead alliance
lemon.markets,lemon markets
leonardi SVM GmbH,leonardi svm
leonardi runners,leonardi runners
let's go! Nex!go,let's go! nex!go
light ds GmbH,light ds
likeyaa,likeyaa
limango Team,limango team
lingling,lingling
link protect,link protect
lise GmbH,lise
lise gmbh,lise
luca,luca
läuft bei uns,läuft bei uns
m-Runners,m runners
m-tec mathis technik gmbh,m tec mathis technik
m2plan,m2plan
m3 Bauprojektmanagement GmbH,m3 bauprojektmanagement
m8IT,m8it
mITSM Brain Trainers,mitsm brain trainers
maat Rechtsanwälte Späth und Partner PartGmbB,maat rechtsanwälte späth und partner partgmbb
machtfit,machtfit
machtfit GmbH,machtfit
magicplan,magicplan
manitz : finsterwald,manitz : finsterwald
manu dextra GmbH,manu dextra
marenas GmbH,marenas
marenas consulting GmbH,marenas consulting
markt.de,markt de
markt.de Gmbh & Co.KG,markt de co kg
marpinion,marpinion
marpinion GmbH,marpinion
mateco GmbH,mateco
matelso data-drivers,matelso data drivers
matrix technology GmbH,matrix technology
maxon,maxon
maxon dental,maxon dental
maxon motor GmbH,maxon motor
mazars,mazars
mb Steuerberatung,mb steuerberatung
mbAEC,mbaec
mbi GmbH,mbi
mbi Münchner Bauwerksinstandsetzung GmbH,mbi münchner bauwerksinstandsetzung
mdbm on Tour,mdbm on tour
mdc.wup,mdc wup
meco Akademie GmbH,meco akademie
medafacilities GmbH,medafacilities
medat Flitzer,medat flitzer
medavis GmbH,medavis
medermis clinics,medermis clinics
medermis. Haut. rein.,medermis haut rein
medi GmbH & Co. KG,medi co kg
medi terra,medi terra
mediawave commerce GmbH,mediawave commerce
medicoreha- Gesundheit bewegt uns!,medicoreha gesundheit bewegt uns!
medicos,medicos
medicos.AufSchalke Reha GmbH & Co. K,medicos aufschalke reha co k
medigene,medigene
medius KLINIKEN gGmbH,medius kliniken ggmbh
medrunner,medrunner
megaherz,megaherz
megaherz gmbh,megaherz
mehrpunkt,mehrpunkt
meine VVB,meine vvb
melantech,melantech
melantech GmbH,melantech
mensch & kommunikation GmbH,mensch kommunikation
meplan - Creating Touchpoints,meplan creating touchpoints
merTens AG,mertens
meravis Immobiliengruppe,meravis immobiliengruppe
meta Running Team,meta running team
metafinanz,metafinanz
metafinanz Informationssysteme GmbH,metafinanz informationssysteme
metoda GmbH,metoda
metoda Road Runners,metoda road runners
meyer.rechtsanwalts GmbH,meyer rechtsanwalts
meyer.rechtsanwälte,meyer rechtsanwälte
mgm,mgm
mgm running partners,mgm running partners
mgm technology partners gmbh,mgm technology partners
mh-software GmbH,mh software
mibeg-Gruppe,mibeg gruppe
michels.pmks Rechtsanwälte,michels pmks rechtsanwälte
milestonemascots,milestonemascots
milhouse solutions,milhouse solutions
mindshape,mindshape
missio Internationales Katholisches,missio internationales katholisches
missio Internationales Katholisches Missionswerk KdöR,missio internationales katholisches missionswerk kdör
mit Genuss nach vorn,mit genuss nach vorn
mit KRAFT GEEST du schneller,mit kraft geest du schneller
mk2 Biotechnologies GmbH,mk2 biotechnologies
mkk - meine krankenkasse,mkk meine krankenkasse
mm customer strategy,mm customer strategy
mmrtg architekten,mmrtg architekten
mobileX GmbH,mobilex
mobileX Runners,mobilex runners
momox AG,momox
momox SE,momox
monday.com,monday com
moneymeets GmbH,moneymeets
moreRunners,morerunners
moskito,moskito
motivierte Panther,motivierte panther
movisens,movisens
mpmX,mpmx
msg,msg
msg Arbeit & Soziales,msg arbeit soziales
msg group,msg
msg life,msg life
msg systems ag,msg systems
mtm Consulting,mtm consulting
much. running - so wow!,much running so wow!
muk PERSONAL GmbH,muk personal
muse case,muse case
mut zur lücke,mut zur lücke
my Blackforest St.Blasien,my blackforest st blasien
mySolarFuture,mysolarfuture
myclimate Hamburg,myclimate hamburg
myclimate Road Runner,myclimate road runner
myhomecare - die Homerunner,myhomecare die homerunner
mymediset,mymediset
myschoolcare Mittelfranken,myschoolcare mittelfranken
münz marketing MITTELRHEINLAND,münz marketing mittelrheinland
n plus sport,n plus sport
nass magnet,nass magnet
naturenergie,naturenergie
naturstrom,naturstrom
naturstrom & friends,naturstrom friends
navos - Public Dialogue Consultants GmbH,navos public dialogue consultants
navos - Wir kommunizieren Zukunft,navos wir kommunizieren zukunft
nbk & Partner,nbk partner
nbw/nobis Laufteam,nbw/nobis laufteam
neo-plastic,neo plastic
neoshare All-Stars,neoshare all stars
neoshare runners,neoshare runners
neotares,neotares
net.D : Das Internet für Düsseldorf,net d : das internet für düsseldorf
net.D | Das Netz für Düsseldorf,net d | das netz für düsseldorf
neteleven GmbH,neteleven
neu architekten,neu architekten
neuroloop,neuroloop
never on hold - earnesto,never on hold earnesto
newcubator,newcubator
newcubator GmbH,newcubator
newskontor,newskontor
nexpera,nexpera
nexpera München,nexpera münchen
nextAudit,nextaudit
neylux,neylux
neylux GmbH,neylux
ninepoint GmbH,ninepoint
ninepoint consulting GmbH,ninepoint consulting
nip Babyartikel,nip babyartikel
nmc Deutschland GmbH,nmc
nobilia-Werke J. Stickling GmbH & Co. KG,nobilia werke j stickling co kg
noll werkstätten,noll werkstätten
nordstrahl team,nordstrahl team
noris inklusion,noris inklusion
noris network,noris network
noris network AG,noris network
not quite my tempo,not quite my tempo
nova,nova
novofactum & novation,novofactum novation
nox Germany GmbH,nox germany
nrw1,nrw1
nteam GmbH,nteam
numi,numi
numi solutions GmbH,numi solutions
nur wegen Kuchen hier,nur wegen kuchen hier
nursIT,nursit
nuwacom,nuwacom
objectflor,objectflor
objective partner AG,objective partner
objektkultur,objektkultur
octonomy AI,octonomy ai
office03 - Architekten,office03 architekten
okl - wir sind schnell,okl wir sind schnell
ollum,ollum
onOffice Team,onoffice team
"one passion, one journey",one passion one journey
oneLake GmbH,onelake
onemoreoption.ai,onemoreoption ai
onpier GmbH,onpier
onsemi,onsemi
onvista,onvista
onvista media GmbH,onvista media
openfellas Freiburg GmbH,openfellas freiburg
oraise,oraise
orano,orano
otris software,otris software
otris software AG,otris software
ottonova Holding AG,ottonova
pB Consult,pb consult
papakretsche biz,papakretsche biz
paragon semvox GmbH,paragon semvox
parcIT,parcit
parson,parson
pb Associates,pb associates
pb+ Ingenieurgruppe AG,pb+ ingenieurgruppe
pbs - Running Team,pbs running team
pbs Ingenieure GmbH,pbs ingenieure
perinco,perinco
perinco GmbH,perinco
petdoc,petdoc
pfm medical,pfm medical
pfm medical mepro gmbh,pfm medical mepro
picon GmbH & Co. KG,picon co kg
picturemaxx AG,picturemaxx
pilot Hamburg,pilot hamburg
pilot Hamburg GmbH & Co. KG,pilot hamburg co kg
pink macht flink,pink macht flink
planb,planb
planeRUNNERS,planerunners
planethOme,planethome
planplus-gmbh,planplus gmbh
plantIng,planting
plantIng GmbH,planting
planting Gelsenkirchen,planting gelsenkirchen
planus media,planus media
plicatec,plicatec
pluss Berlin,pluss berlin
plusserver,plusserver
pmOne AG,pmone
pmOne München,pmone münchen
pme,pme
pme Familienservice,pme familienservice
pme Familienservice GmbH,pme familienservice
port-neo Group GmbH,port neo
porta Berlin,porta berlin
posterXXL GmbH,posterxxl
"pp// New work, that works",pp// new work that works
ppb Architekten + Generalplaner,ppb architekten + generalplaner
ppb Architektur & Stadtplanung,ppb architektur stadtplanung
pragmatic development,pragmatic development
prego services GmbH,prego services
premote,premote
prenode,prenode
pressrelations,pressrelations
prevarmed,prevarmed
prismat/RUN,prismat/run
pro medik Köln GmbH,pro medik köln
pro-beam,pro beam
pro-beam GmbH &Co. KGaA,pro beam co kgaa
pro-samed GmbH,pro samed
proALPHA Berlin,proalpha berlin
proALPHA GmbH,proalpha
proLogistik Group,prologistik
proMX Runners,promx runners
prohearing Hörgeräte,prohearing hörgeräte
prokommunal Runners,prokommunal runners
promeos,promeos
promeos GmbH,promeos
proper's Turboschnecken,proper's turboschnecken
prosozial,prosozial
providata,providata
ps Runners,ps runners
pso runners,pso runners
publicplan,publicplan
publicplan GmbH,publicplan
publish-industry,publish industry
publish-industry Verlag GmbH,publish industry verlag
pulsation IT Runner,pulsation it runner
purple22,purple22
pwc,pwc
pxlbrands GmbH,pxlbrands
q.beyond AG,q beyond
qnips,qnips
queo GmbH,queo
querwärts ARCHITEKTEN,querwärts architekten
quo TEAM,quo team
qupaya,qupaya
qwitto GmbH,qwitto
randstad professional,randstad professional
rankeffect,rankeffect
rankeffect GmbH,rankeffect
reVenton Asset Partners,reventon asset partners
real interactive runners,real interactive runners
real media technic STAUDACHER GmbH,real media technic staudacher
realtime visions,realtime visions
rebeq GmbH,rebeq
red-anties,red anties
reel runner,reel runner
reev GmbH,reev
regenold runners,regenold runners
regio iT,regio it
regioDATA GmbH,regiodata
reha team Bremen,reha team bremen
reif & möller diagnostic-network ag,reif möller diagnostic network
reinisch,reinisch
reinisch / hopp+flaig,reinisch / hopp+flaig
reinisch Hannover,reinisch hannover
rembears,rembears
remberg,remberg
remberg GmbH,remberg
ressourcenmangel Hamburg,ressourcenmangel hamburg
reventix GmbH,reventix
rheindata GmbH,rheindata
rhenag Rheinische Energie AG,rhenag rheinische energie
riba:businesstalk,riba:businesstalk
riera - elektrisiert,riera elektrisiert
rightmart,rightmart
rightmart / Legal One,rightmart / legal one
rightsmarties,rightsmarties
rising systems AG,rising systems
rixe.law,rixe law
rku.IT,rku it
rlvnt,rlvnt
rms-Mobilligence,rms mobilligence
rng.society,rng society
robinson2,robinson2
robominds GmbH,robominds
run-carmasec.exe,run carmasec exe
run4fun,run4fun
runnerstARZ,runnerstarz
running Merkurs,running merkurs
running adessi,running adessi
running avocados,running avocados
running crew,running crew
running nurses,running nurses
running printers,running printers
running together- data forever!,running together data forever!
runthemediaworld,runthemediaworld
ruser + partner,ruser + partner
rw+ Architekten,rw+ architekten
s+p management gmbh,s+p management
s.a.x. Service GmbH,s a x service
s.a.x. Software GmbH,s a x software
sPORRties,sporrties
sacker,sacker
sambus,sambus
samedipeople,samedipeople
satis&fy Berlin,satis fy berlin
satis&fy Düsseldorf,satis fy düsseldorf
satis&fy Frankfurt,satis fy frankfurt
satis&fy Hamburg,satis fy hamburg
satis&fy Werne,satis fy werne
saturn petcare gmbH,saturn petcare
sayang GmbH,sayang
scalid digital marketing agency,scalid digital marketing agency
schalk&friends,schalk friends
schalk&friends GmbH,schalk friends
schilling tute,schilling tute
schneideranwälte,schneideranwälte
schneiderarchitektur,schneiderarchitektur
schnelle Panther,schnelle panther
schoene neue kinder GmbH,schoene neue kinder
schultearchitekten,schultearchitekten
schultz_imsbach,schultz_imsbach
schwegler rechtsanwälte,schwegler rechtsanwälte
schwitzende Schweitzer,schwitzende schweitzer
scout-e,scout e
se.services GmbH,se services
secucat,secucat
sehkraft,sehkraft
semvox GmbH,semvox
sendmoments GmbH,sendmoments
seneos GmbH,seneos
senswork,senswork
senswork GmbH,senswork
servicepro,servicepro
seven2run,seven2run
sharesuite,sharesuite
shl Runners,shl runners
shobbits GmbH // OneTwoSocial,shobbits // onetwosocial
siblings,siblings
sic architekten gmbh,sic architekten
sidion GmbH,sidion
sieprath / CARL FRITZ,sieprath / carl fritz
sikos GmbH,sikos
simplay Musikschule,simplay musikschule
simply communicate,simply communicate
simply the best Team - never alone,simply the best team never alone
simus systems,simus systems
siticom,siticom
skfrunners,skfrunners
smallstack GmbH,smallstack
smava Heros,smava heros
smb Seilspielgeräte GmbH,smb seilspielgeräte
smic! Events & Marketing,smic! events marketing
smow München,smow münchen
softfair Eulen,softfair eulen
softgarden e-recruiting GmbH,softgarden e recruiting
softgate,softgate
softgate GmbH,softgate
solares bauen,solares bauen
solisTV,solistv
solusys GmbH,solusys
solute,solute
solutio,solutio
sonnen,sonnen
sourc-e (S)printer,sourc e (s)printer
sovanta Ag,sovanta
sovity Running Club,sovity running club
sp.a.,sp a
sponsoRing,sponsoring
sporthopaedicum Berlin,sporthopaedicum berlin
sportstARZ,sportstarz
steep GmbH,steep
steidl.reisen,steidl reisen
step Köln,step köln
stow,stow
stow Völklingen GmbH,stow völklingen
stp.one Karlsruhe,stp one karlsruhe
stp.one Köln,stp one köln
stp.one Nürnberg,stp one nürnberg
styleranking,styleranking
super.heroes,super heroes
sustainabees,sustainabees
sustainable AG,sustainable
swb runners,swb runners
sympacon,sympacon
syracom,syracom
syracom AG,syracom
sysTEAMbau,systeambau
systemceram,systemceram
t'works Deutschland GmbH,t'works
tOPP Team,topp team
tahneephoto,tahneephoto
tanja Schubert,tanja schubert
tante-energy,tante energy
tanum,tanum
tanum consult GmbH,tanum consult
tatort:steuern,tatort:steuern
team Baucenter Bremen,team baucenter bremen
team holywood,team holywood
team neusta,team neusta
team runners,team runners
"team,iken - marken,flitzer",team iken marken flitzer
teamKollektiv,teamkollektiv
teamproject,teamproject
techtrans,techtrans
tecis AG,tecis
teckpro AG,teckpro
tegosgroup,tegosgroup
telle,telle
telle GmbH,telle
tellerrand,tellerrand
temicon,temicon
temp-rite,temp rite
terminic GmbH,terminic
terranets bw,terranets bw
tesa,tesa
the Gironimos,the gironimos
the architects,the architects
the lost Vikings,the lost vikings
thinX GmbH,thinx
thinX-Team,thinx team
thjnk I loved I CAMP,thjnk i loved i camp
ticket i/O GmbH,ticket i/o
tink,tink
tink Running Team,tink running team
tink Team,tink team
to be defined,to be defined
to fast for you,to fast for you
tobler Sicherheitstechnik,tobler sicherheitstechnik
toii.RUN,toii run
tonies GmbH,tonies
tonton Running Club,tonton running club
top itservices AG,top itservices
topi GmbH,topi
tozero,tozero
tozero : Back to Black,tozero : back to black
tp Berlin,tp berlin
transact Elektronische Zahlungssysteme GmbH,transact elektronische zahlungssysteme
triSTARS,tristars
trivago,trivago
trurnit,trurnit
trurnit GmbH,trurnit
tyntec,tyntec
tyntec GmbH,tyntec
tzn,tzn
tzn Digital Ventures GmbH,tzn digital ventures
u&i smarthome,u i smarthome
u.e.c.,u e c
ubiMaster,ubimaster
ukafacilities,ukafacilities
ulticom,ulticom
uniVersa,universa
uniVersa Lebensversicherung a. G.,universa lebensversicherung a g
unimed,unimed
unimed GmbH,unimed
uniquos,uniquos
uniscon GmbH,uniscon
univativ,univativ
utr1903,utr1903
valantic,valantic
valantic CEC,valantic cec
validas AG,validas
vatecs,vatecs
vdb Runner,vdb runner
vdek LV Hessen,vdek lv hessen
vdp Runners,vdp runners
velia.net,velia net
veoneer,veoneer
verPutz mich,verputz mich
verbaneum GmbH,verbaneum
veroDIGIT,verodigit
veroDIGIT GmbH,verodigit
verspätet2023,verspätet2023
verte:rechtsanwälte,verte:rechtsanwälte
verticalAds Group GmbH,verticalads
verturis,verturis
verturis GmbH,verturis
vhw Bundesverband,vhw bundesverband
viaRun2023,viarun2023
viaRun2024,viarun2024
viaRun2025,viarun2025
viastore,viastore
vigo Krankenversicherung VVaG,vigo krankenversicherung vvag
virtual7 GmbH,virtual7
vivenu,vivenu
voestalpine Sainerholz,voestalpine sainerholz
voestalpine Signaling Siershahn GmbH,voestalpine signaling siershahn
voestalpine group-IT,voestalpine group it
vogelplus,vogelplus
von Berlichingen & Partner,von berlichingen partner
von Deringer,von deringer
von Kathen Hausverwaltung,von kathen hausverwaltung
waipu.tv,waipu tv
walz@run,walz@run
wbg Nürnberg GmbH Immobilien,wbg nürnberg immobilien
wbg Nürnberg GmbH Immobilienunternehmen,wbg nürnberg immobilienunternehmen
we.CONECT Global Runners,we conect global runners
weberontour,weberontour
webgewandt,webgewandt
webix,webix
webjuice,webjuice
weh22,weh22
weisenburger bau GmbH,weisenburger bau
wetter.com,wetter com
whp,whp
why worry warriors,why worry warriors
winkler,winkler
winkler Unternehmensgruppe,winkler unternehmensgruppe
wir laufen gemeinsam!,wir laufen gemeinsam!
wir liefern schneller als wir laufen,wir liefern schneller als wir laufen
wirlandwirten,wirlandwirten
wolfcraft,wolfcraft
women in corporate,women in corporate
wortwert turbo,wortwert turbo
wpd Solar,wpd solar
wpi Wohn- & Projektimmobilien oHG,wpi wohn projektimmobilien ohg
wpwald,wpwald
wuff & weg,wuff weg
wundertax,wundertax
wvib - Das Netzwerk mit dem's läuft,wvib das netzwerk mit dem's läuft
wvm Gruppe Köln,wvm gruppe köln
www.ENION.de,www enion de
wyn,wyn
wzk partner.,wzk partner
x,x
x-Team,x team
xeomed,xeomed
xeomed GmbH,xeomed
yntro,yntro
ystral gmbh maschinenbau Dottingen,ystral maschinenbau dottingen
zahnriemen24,zahnriemen24
zeit:raum,zeit:raum
zeit:raum film GmbH,zeit:raum film
zero,zero
zillerplus Architekten und Stadtplaner GmbH,zillerplus architekten und stadtplaner
zimmerlin GmbH Edelstahl-Technik,zimmerlin edelstahl technik
zooplus AG,zooplus
zpi,zpi
zur Mühlen Gruppe,zur mühlen gruppe
zweiPM,zweipm
§-Läufer,§ läufer
ÄKNO/NÄV,äkno/näv
ÄVN - laufend erfolgreich,ävn laufend erfolgreich
Å Energi,å energi
ÖGW,ögw
ÖbVI Zech-Ruth-Blasius,öbvi zech ruth blasius
Ökumenisches Gemeinschaftswerk,ökumenisches gemeinschaftswerk
Önder,önder
ÜSTRA AG,üstra
„EmHeSaTa - next stop: Ziel!“,„emhesata next stop: ziel!“
,nan
